-- phpMyAdmin SQL Dump
-- version 5.1.1
-- https://www.phpmyadmin.net/
--
-- Host: localhost
-- Generation Time: May 07, 2024 at 03:33 PM
-- Server version: 10.1.45-MariaDB
-- PHP Version: 7.2.30

SET SQL_MODE = "NO_AUTO_VALUE_ON_ZERO";
START TRANSACTION;
SET time_zone = "+00:00";


/*!40101 SET @OLD_CHARACTER_SET_CLIENT=@@CHARACTER_SET_CLIENT */;
/*!40101 SET @OLD_CHARACTER_SET_RESULTS=@@CHARACTER_SET_RESULTS */;
/*!40101 SET @OLD_COLLATION_CONNECTION=@@COLLATION_CONNECTION */;
/*!40101 SET NAMES utf8mb4 */;

--
-- Database: `zdigits_ub`
--

-- --------------------------------------------------------

--
-- Table structure for table `erp_replica_apartment`
--

CREATE TABLE `erp_replica_apartment` (
  `appartment_code` int(11) NOT NULL,
  `description` varchar(60) COLLATE utf8_unicode_ci NOT NULL DEFAULT '',
  `netArea` int(11) NOT NULL DEFAULT '0',
  `serviceArea` int(11) NOT NULL DEFAULT '0',
  `amenitiesArea` int(11) NOT NULL DEFAULT '0',
  `parkingArea` int(11) NOT NULL DEFAULT '0',
  `otherArea` int(11) NOT NULL DEFAULT '0',
  `grossArea` int(11) NOT NULL DEFAULT '0',
  `rateNetSqftMarla` int(11) NOT NULL DEFAULT '0',
  `rateGrossSqftMarla` int(11) NOT NULL DEFAULT '0',
  `totalAmount` int(11) NOT NULL DEFAULT '0',
  `inactive` tinyint(1) NOT NULL DEFAULT '0'
) ENGINE=InnoDB DEFAULT CHARSET=utf8 COLLATE=utf8_unicode_ci;

-- --------------------------------------------------------

--
-- Table structure for table `erp_replica_areas`
--

CREATE TABLE `erp_replica_areas` (
  `area_code` int(11) NOT NULL,
  `description` varchar(60) COLLATE utf8_unicode_ci NOT NULL DEFAULT '',
  `inactive` tinyint(1) NOT NULL DEFAULT '0'
) ENGINE=InnoDB DEFAULT CHARSET=utf8 COLLATE=utf8_unicode_ci;

--
-- Dumping data for table `erp_replica_areas`
--

INSERT INTO `erp_replica_areas` (`area_code`, `description`, `inactive`) VALUES
(1, 'Local', 0);

-- --------------------------------------------------------

--
-- Table structure for table `erp_replica_attachments`
--

CREATE TABLE `erp_replica_attachments` (
  `id` int(10) UNSIGNED NOT NULL,
  `description` varchar(60) COLLATE utf8_unicode_ci NOT NULL DEFAULT '',
  `type_no` int(11) NOT NULL DEFAULT '0',
  `trans_no` int(11) NOT NULL DEFAULT '0',
  `unique_name` varchar(60) COLLATE utf8_unicode_ci NOT NULL DEFAULT '',
  `tran_date` date NOT NULL DEFAULT '0000-00-00',
  `filename` varchar(60) COLLATE utf8_unicode_ci NOT NULL DEFAULT '',
  `filesize` int(11) NOT NULL DEFAULT '0',
  `filetype` varchar(60) COLLATE utf8_unicode_ci NOT NULL DEFAULT ''
) ENGINE=InnoDB DEFAULT CHARSET=utf8 COLLATE=utf8_unicode_ci;

-- --------------------------------------------------------

--
-- Table structure for table `erp_replica_audit_trail`
--

CREATE TABLE `erp_replica_audit_trail` (
  `id` int(11) NOT NULL,
  `type` smallint(5) UNSIGNED NOT NULL DEFAULT '0',
  `trans_no` int(10) UNSIGNED NOT NULL DEFAULT '0',
  `user` smallint(5) UNSIGNED NOT NULL DEFAULT '0',
  `stamp` timestamp NOT NULL DEFAULT CURRENT_TIMESTAMP ON UPDATE CURRENT_TIMESTAMP,
  `description` varchar(60) COLLATE utf8_unicode_ci DEFAULT NULL,
  `fiscal_year` int(11) NOT NULL DEFAULT '0',
  `gl_date` date NOT NULL DEFAULT '0000-00-00',
  `gl_seq` int(10) UNSIGNED DEFAULT NULL
) ENGINE=InnoDB DEFAULT CHARSET=utf8 COLLATE=utf8_unicode_ci;

--
-- Dumping data for table `erp_replica_audit_trail`
--

INSERT INTO `erp_replica_audit_trail` (`id`, `type`, `trans_no`, `user`, `stamp`, `description`, `fiscal_year`, `gl_date`, `gl_seq`) VALUES
(284, 2, 1, 3, '2023-11-14 06:03:02', '', 16, '2022-05-02', NULL),
(285, 2, 2, 3, '2023-11-14 06:03:02', '', 16, '2022-05-02', NULL),
(286, 2, 2, 3, '2023-11-14 06:51:42', '', 16, '2022-05-02', NULL),
(287, 2, 1, 3, '2023-11-14 06:03:02', 'Voided.\nDocument reentered.', 16, '2022-05-02', 0),
(288, 18, 1, 2, '2023-11-14 06:13:58', '', 14, '2022-05-28', NULL),
(289, 18, 1, 2, '2023-11-14 06:13:58', 'Updated.', 14, '2023-11-14', 0),
(290, 25, 1, 2, '2023-11-21 05:29:40', '', 16, '2022-06-11', 6),
(291, 22, 1, 2, '2023-11-21 05:29:40', '', 16, '2022-05-28', 2),
(292, 20, 1, 2, '2023-11-21 05:29:40', '', 16, '2022-05-28', 3),
(293, 2, 3, 3, '2023-11-14 06:51:42', '', 16, '2022-05-02', NULL),
(294, 2, 3, 3, '2023-11-21 05:29:40', '', 16, '2022-05-02', 1),
(295, 2, 2, 3, '2023-11-14 06:51:42', 'Voided.\nDocument reentered.', 16, '2022-05-02', 0),
(296, 22, 2, 2, '2023-11-21 05:29:40', '', 16, '2022-05-28', 4),
(297, 2, 4, 2, '2023-11-14 07:04:43', '', 16, '2022-06-10', NULL),
(298, 2, 4, 2, '2023-11-21 05:29:40', '', 16, '2022-06-10', 5),
(299, 2, 5, 2, '2023-11-14 07:11:16', '', 16, '2022-06-13', NULL),
(300, 2, 5, 2, '2023-11-21 05:29:40', '', 16, '2022-06-13', 7),
(301, 2, 6, 2, '2023-11-14 07:12:21', '', 16, '2022-06-18', NULL),
(302, 2, 6, 2, '2023-11-21 05:29:40', '', 16, '2022-06-18', 10),
(303, 2, 7, 2, '2023-11-16 05:11:49', '', 15, '2022-10-15', NULL),
(304, 2, 7, 2, '2024-04-02 05:30:35', '', 15, '2022-10-15', 35),
(305, 2, 8, 2, '2023-11-16 05:32:27', '', 15, '2022-10-15', NULL),
(306, 2, 8, 2, '2024-04-02 05:30:35', '', 15, '2022-10-15', 36),
(307, 1, 1, 2, '2023-11-16 05:34:23', '', 15, '2022-10-25', NULL),
(308, 1, 1, 2, '2024-04-02 05:30:35', '', 15, '2022-10-25', 49),
(309, 2, 9, 2, '2023-11-16 05:36:01', '', 15, '2022-10-25', NULL),
(310, 2, 9, 2, '2024-04-02 05:30:35', '', 15, '2022-10-25', 50),
(311, 2, 10, 2, '2023-11-16 05:45:41', '', 15, '2022-10-25', NULL),
(312, 2, 10, 2, '2024-04-02 05:30:35', '', 15, '2022-10-25', 51),
(313, 2, 11, 2, '2023-11-16 05:47:13', '', 15, '2022-11-12', NULL),
(314, 2, 11, 2, '2024-04-02 05:30:35', '', 15, '2022-11-12', 74),
(315, 2, 12, 2, '2023-11-16 05:49:01', '', 15, '2022-11-20', NULL),
(316, 2, 12, 2, '2024-04-02 05:30:35', '', 15, '2022-11-20', 85),
(317, 2, 13, 2, '2023-11-16 05:50:13', '', 15, '2022-11-25', NULL),
(318, 2, 13, 2, '2024-04-02 05:30:35', '', 15, '2022-11-25', 93),
(319, 2, 14, 2, '2023-11-16 05:51:29', '', 15, '2022-11-25', NULL),
(320, 2, 14, 2, '2024-04-02 05:30:35', '', 15, '2022-11-25', 94),
(321, 2, 15, 2, '2023-11-16 05:52:22', '', 15, '2022-12-15', NULL),
(322, 2, 15, 2, '2024-04-02 05:30:35', '', 15, '2022-12-15', 112),
(323, 2, 16, 2, '2023-11-16 05:53:10', '', 15, '2022-12-24', NULL),
(324, 2, 16, 2, '2024-04-02 05:30:35', '', 15, '2022-12-24', 119),
(325, 2, 17, 2, '2023-11-16 05:54:14', '', 15, '2023-01-10', NULL),
(326, 2, 17, 2, '2024-04-02 05:30:35', '', 15, '2023-01-10', 137),
(327, 2, 18, 2, '2023-11-16 05:54:59', '', 15, '2023-01-12', NULL),
(328, 2, 18, 2, '2024-04-02 05:30:35', '', 15, '2023-01-12', 138),
(329, 2, 19, 2, '2023-11-16 05:56:00', '', 15, '2023-01-13', NULL),
(330, 2, 19, 2, '2024-04-02 05:30:35', '', 15, '2023-01-13', 141),
(331, 2, 20, 2, '2023-11-16 05:57:01', '', 15, '2023-01-26', NULL),
(332, 2, 20, 2, '2024-04-02 05:30:35', '', 15, '2023-01-26', 150),
(333, 2, 21, 2, '2023-11-16 05:58:01', '', 15, '2023-01-30', NULL),
(334, 2, 21, 2, '2024-04-02 05:30:35', '', 15, '2023-01-30', 151),
(335, 2, 22, 2, '2023-11-16 05:59:13', '', 15, '2023-02-02', NULL),
(336, 2, 22, 2, '2024-04-02 05:30:35', '', 15, '2023-02-02', 152),
(337, 2, 23, 2, '2023-11-16 06:00:02', '', 15, '2023-02-03', NULL),
(338, 2, 23, 2, '2024-04-02 05:30:35', '', 15, '2023-02-03', 153),
(339, 2, 24, 2, '2023-11-16 06:01:58', '', 15, '2023-03-21', NULL),
(340, 2, 24, 2, '2024-04-02 05:30:35', '', 15, '2023-03-21', 170),
(341, 2, 25, 2, '2023-11-16 06:02:42', '', 15, '2023-03-29', NULL),
(342, 2, 25, 2, '2024-04-02 05:30:35', '', 15, '2023-03-29', 174),
(343, 2, 26, 2, '2023-11-16 06:03:23', '', 15, '2023-04-05', NULL),
(344, 2, 26, 2, '2024-04-02 05:30:35', '', 15, '2023-04-05', 182),
(345, 2, 27, 2, '2023-11-16 06:04:29', '', 15, '2023-04-06', NULL),
(346, 2, 27, 2, '2024-04-02 05:30:35', '', 15, '2023-04-06', 185),
(347, 2, 28, 2, '2023-11-16 06:05:32', '', 15, '2023-04-18', NULL),
(348, 2, 28, 2, '2024-04-02 05:30:35', '', 15, '2023-04-18', 192),
(349, 2, 29, 2, '2023-11-16 06:13:46', '', 15, '2023-04-25', NULL),
(350, 2, 29, 2, '2024-04-02 05:30:35', '', 15, '2023-04-25', 196),
(351, 2, 30, 2, '2023-11-16 06:15:08', '', 15, '2023-04-29', NULL),
(352, 2, 30, 2, '2024-04-02 05:30:35', '', 15, '2023-04-29', 197),
(353, 2, 31, 2, '2023-11-16 06:16:07', '', 15, '2023-05-06', NULL),
(354, 2, 31, 2, '2024-04-02 05:30:35', '', 15, '2023-05-06', 199),
(355, 2, 32, 2, '2023-11-16 06:17:42', '', 15, '2023-05-08', NULL),
(356, 2, 32, 2, '2024-04-02 05:30:35', '', 15, '2023-05-08', 200),
(357, 2, 33, 2, '2023-11-16 06:18:29', '', 15, '2023-05-17', NULL),
(358, 2, 33, 2, '2024-04-02 05:30:35', '', 15, '2023-05-17', 208),
(359, 2, 34, 2, '2023-11-16 06:19:12', '', 15, '2023-05-24', NULL),
(360, 2, 34, 2, '2024-04-02 05:30:35', '', 15, '2023-05-24', 212),
(361, 2, 35, 2, '2023-11-16 06:20:07', '', 15, '2023-05-30', NULL),
(362, 2, 35, 2, '2024-04-02 05:30:35', '', 15, '2023-05-30', 217),
(363, 2, 36, 2, '2023-11-16 06:21:04', '', 15, '2023-06-25', NULL),
(364, 2, 36, 2, '2024-04-02 05:30:35', '', 15, '2023-06-25', 227),
(365, 2, 37, 2, '2023-11-16 06:31:44', '', 14, '2023-07-04', NULL),
(366, 2, 37, 2, '2024-04-02 05:06:06', '', 14, '2023-07-04', 0),
(367, 2, 38, 2, '2023-11-16 06:33:49', '', 14, '2023-07-04', NULL),
(368, 2, 38, 2, '2024-04-02 05:06:06', '', 14, '2023-07-04', 0),
(369, 2, 39, 2, '2023-11-16 06:34:55', '', 14, '2023-07-12', NULL),
(370, 2, 39, 2, '2024-04-02 05:06:06', '', 14, '2023-07-12', 0),
(371, 2, 40, 2, '2023-11-16 06:35:58', '', 14, '2023-07-20', NULL),
(372, 2, 40, 2, '2024-04-02 05:06:06', '', 14, '2023-07-20', 0),
(373, 2, 41, 2, '2023-11-16 06:36:44', '', 14, '2023-07-21', NULL),
(374, 2, 41, 2, '2024-04-02 05:06:06', '', 14, '2023-07-21', 0),
(375, 2, 42, 2, '2023-11-16 06:37:35', '', 14, '2023-07-22', NULL),
(376, 2, 42, 2, '2024-04-02 05:06:06', '', 14, '2023-07-22', 0),
(377, 2, 43, 2, '2023-11-16 06:42:04', '', 14, '2023-07-25', NULL),
(378, 2, 43, 2, '2024-04-02 05:06:06', '', 14, '2023-07-25', 0),
(379, 2, 44, 2, '2023-11-16 06:42:54', '', 14, '2023-07-26', NULL),
(380, 2, 44, 2, '2024-04-02 05:06:06', '', 14, '2023-07-26', 0),
(381, 2, 45, 2, '2023-11-16 06:44:01', '', 14, '2023-07-31', NULL),
(382, 2, 45, 2, '2024-04-02 05:06:06', '', 14, '2023-07-31', 0),
(383, 2, 46, 2, '2023-11-16 06:45:11', '', 14, '2023-07-31', NULL),
(384, 2, 46, 2, '2024-04-02 05:06:06', '', 14, '2023-07-31', 0),
(385, 2, 47, 2, '2023-11-16 06:46:00', '', 14, '2023-08-03', NULL),
(386, 2, 47, 2, '2024-04-02 05:06:06', '', 14, '2023-08-03', 0),
(387, 2, 48, 2, '2023-11-16 06:47:32', '', 14, '2023-08-03', NULL),
(388, 2, 48, 2, '2024-04-02 05:06:06', '', 14, '2023-08-03', 0),
(389, 2, 49, 2, '2023-11-16 06:48:25', '', 14, '2023-08-07', NULL),
(390, 2, 49, 2, '2024-04-02 05:06:06', '', 14, '2023-08-07', 0),
(391, 2, 50, 2, '2023-11-16 06:48:54', '', 14, '2023-08-08', NULL),
(392, 2, 50, 2, '2024-04-02 05:06:06', '', 14, '2023-08-08', 0),
(393, 2, 51, 2, '2023-11-16 06:49:36', '', 14, '2023-08-12', NULL),
(394, 2, 51, 2, '2024-04-02 05:06:06', '', 14, '2023-08-12', 0),
(395, 2, 52, 2, '2023-11-16 06:50:28', '', 14, '2023-08-16', NULL),
(396, 2, 52, 2, '2024-04-02 05:06:06', '', 14, '2023-08-16', 0),
(397, 2, 53, 2, '2023-11-16 06:51:16', '', 14, '2023-08-24', NULL),
(398, 2, 53, 2, '2024-04-02 05:06:06', '', 14, '2023-08-24', 0),
(399, 2, 54, 2, '2023-11-16 06:52:26', '', 14, '2023-08-31', NULL),
(400, 2, 54, 2, '2024-04-02 05:06:06', '', 14, '2023-08-31', 0),
(401, 2, 55, 2, '2023-11-16 06:52:57', '', 14, '2023-09-01', NULL),
(402, 2, 55, 2, '2024-04-02 05:06:06', '', 14, '2023-09-01', 0),
(403, 2, 56, 2, '2023-11-16 06:53:47', '', 14, '2023-09-05', NULL),
(404, 2, 56, 2, '2024-04-02 05:06:06', '', 14, '2023-09-05', 0),
(405, 2, 57, 2, '2023-11-16 06:54:32', '', 14, '2023-09-05', NULL),
(406, 2, 57, 2, '2024-04-02 05:06:06', '', 14, '2023-09-05', 0),
(407, 2, 58, 2, '2023-11-16 06:55:13', '', 14, '2023-09-14', NULL),
(408, 2, 58, 2, '2024-04-02 05:06:06', '', 14, '2023-09-14', 0),
(409, 2, 59, 2, '2023-11-16 06:56:05', '', 14, '2023-09-21', NULL),
(410, 2, 59, 2, '2024-04-02 05:06:06', '', 14, '2023-09-21', 0),
(411, 2, 60, 2, '2023-11-16 06:57:15', '', 14, '2023-09-21', NULL),
(412, 2, 60, 2, '2024-04-02 05:06:06', '', 14, '2023-09-21', 0),
(413, 2, 61, 2, '2023-11-16 06:57:58', '', 14, '2023-09-22', NULL),
(414, 2, 61, 2, '2024-04-02 05:06:06', '', 14, '2023-09-22', 0),
(415, 2, 62, 2, '2023-11-16 06:58:55', '', 14, '2023-10-05', NULL),
(416, 2, 62, 2, '2024-04-02 05:06:06', '', 14, '2023-10-05', 0),
(417, 2, 63, 2, '2023-11-16 06:59:32', '', 14, '2023-10-07', NULL),
(418, 2, 63, 2, '2024-04-02 05:06:06', '', 14, '2023-10-07', 0),
(419, 2, 64, 2, '2023-11-16 07:01:24', '', 14, '2023-10-10', NULL),
(420, 2, 64, 2, '2024-04-02 05:06:06', '', 14, '2023-10-10', 0),
(421, 2, 65, 2, '2023-11-16 07:02:30', '', 14, '2023-10-14', NULL),
(422, 2, 65, 2, '2024-04-02 05:06:06', '', 14, '2023-10-14', 0),
(423, 2, 66, 2, '2023-11-16 07:03:32', '', 14, '2023-10-15', NULL),
(424, 2, 66, 2, '2024-04-02 05:06:06', '', 14, '2023-10-15', 0),
(425, 2, 67, 2, '2023-11-16 07:04:23', '', 14, '2023-10-28', NULL),
(426, 2, 67, 2, '2024-04-02 05:06:06', '', 14, '2023-10-28', 0),
(427, 2, 68, 2, '2023-11-16 07:04:59', '', 14, '2023-11-01', NULL),
(428, 2, 68, 2, '2024-04-02 05:06:06', '', 14, '2023-11-01', 0),
(429, 2, 69, 2, '2023-11-16 07:06:30', '', 14, '2023-11-04', NULL),
(430, 2, 69, 2, '2024-04-02 05:06:06', '', 14, '2023-11-04', 0),
(431, 2, 70, 2, '2023-11-16 07:08:39', '', 14, '2023-11-14', NULL),
(432, 2, 70, 2, '2024-04-02 05:06:06', '', 14, '2023-11-14', 0),
(433, 22, 3, 1, '2023-11-21 06:52:56', '', 15, '2022-06-30', NULL),
(434, 1, 2, 2, '2023-11-20 07:18:04', '', 16, '2022-06-13', NULL),
(435, 1, 2, 2, '2023-11-21 05:29:40', '', 16, '2022-06-13', 8),
(436, 1, 3, 2, '2023-11-21 05:03:02', '', 16, '2022-06-18', NULL),
(437, 1, 3, 2, '2023-11-21 05:29:40', '', 16, '2022-06-18', 11),
(438, 1, 4, 2, '2023-11-21 05:29:40', '', 16, '2022-06-14', 9),
(439, 1, 5, 2, '2023-11-21 05:14:01', '', 16, '2022-06-18', NULL),
(440, 1, 5, 2, '2023-11-21 05:29:40', '', 16, '2022-06-18', 12),
(441, 0, 1, 3, '2023-11-21 05:29:40', '', 16, '2022-06-30', 13),
(442, 1, 6, 2, '2024-04-02 05:30:35', '', 15, '2022-09-21', 2),
(443, 1, 7, 2, '2024-04-02 05:30:35', '', 15, '2022-09-21', 3),
(444, 18, 2, 2, '2023-11-21 06:15:39', '', 15, '2022-09-22', 0),
(445, 25, 2, 2, '2024-04-02 05:30:35', '', 15, '2022-09-22', 4),
(446, 1, 8, 2, '2024-04-02 05:30:35', '', 15, '2022-09-24', 7),
(447, 1, 9, 2, '2024-04-02 05:30:35', '', 15, '2022-09-25', 8),
(448, 1, 10, 2, '2024-04-02 05:30:35', '', 15, '2022-09-26', 11),
(449, 1, 11, 2, '2024-04-02 05:30:35', '', 15, '2022-09-26', 12),
(450, 1, 12, 2, '2024-04-02 05:30:35', '', 15, '2022-09-26', 13),
(451, 20, 2, 3, '2024-04-02 05:30:35', '', 15, '2022-09-22', 5),
(452, 1, 13, 2, '2024-04-02 05:30:35', '', 15, '2022-09-26', 14),
(453, 22, 3, 2, '2024-04-02 05:30:35', '', 15, '2022-09-23', 6),
(454, 1, 14, 2, '2024-04-02 05:30:35', '', 15, '2022-09-27', 17),
(455, 1, 15, 2, '2024-04-02 05:30:35', '', 15, '2022-09-28', 18),
(456, 18, 3, 2, '2023-11-21 07:08:41', '', 15, '2022-09-29', 0),
(457, 25, 3, 2, '2024-04-02 05:30:35', '', 15, '2022-09-29', 19),
(458, 20, 3, 2, '2024-04-02 05:30:35', '', 15, '2022-09-29', 20),
(459, 20, 4, 2, '2024-04-02 05:30:35', '', 15, '2022-09-29', 21),
(460, 22, 4, 2, '2024-04-02 05:30:35', '', 15, '2022-09-29', 22),
(461, 1, 16, 2, '2024-04-02 05:30:35', '', 15, '2022-09-29', 23),
(462, 22, 5, 2, '2024-04-02 05:30:35', '', 15, '2022-09-29', 24),
(463, 1, 17, 2, '2024-04-02 05:30:35', '', 15, '2022-09-30', 25),
(464, 1, 18, 2, '2024-04-02 05:30:35', '', 15, '2022-10-01', 26),
(465, 1, 19, 2, '2024-04-02 05:30:35', '', 15, '2022-10-06', 27),
(466, 1, 20, 2, '2024-04-02 05:30:35', '', 15, '2022-10-08', 28),
(467, 22, 6, 2, '2024-04-02 05:30:35', '', 15, '2022-10-08', 29),
(468, 1, 21, 2, '2024-04-02 05:30:35', '', 15, '2022-10-10', 30),
(469, 1, 22, 2, '2024-04-02 05:30:35', '', 15, '2022-10-11', 31),
(470, 1, 23, 2, '2024-04-02 05:30:35', '', 15, '2022-10-12', 32),
(471, 1, 24, 2, '2024-04-02 05:30:35', '', 15, '2022-10-13', 33),
(472, 1, 25, 2, '2024-04-02 05:30:35', '', 15, '2022-10-14', 34),
(473, 1, 26, 2, '2024-04-02 05:30:35', '', 15, '2022-10-15', 37),
(474, 1, 27, 2, '2024-04-02 05:30:35', '', 15, '2022-10-16', 38),
(475, 1, 28, 2, '2024-04-02 05:30:35', '', 15, '2022-10-17', 41),
(476, 1, 29, 2, '2024-04-02 05:30:35', '', 15, '2022-10-18', 42),
(477, 1, 30, 2, '2024-04-02 05:30:35', '', 15, '2022-10-19', 43),
(478, 1, 31, 2, '2024-04-02 05:30:35', '', 15, '2022-10-20', 44),
(479, 1, 32, 2, '2024-04-02 05:30:35', '', 15, '2022-10-21', 45),
(480, 1, 33, 2, '2024-04-02 05:30:35', '', 15, '2022-10-22', 46),
(481, 1, 34, 2, '2024-04-02 05:30:35', '', 15, '2022-10-23', 47),
(482, 1, 35, 2, '2024-04-02 05:30:35', '', 15, '2022-10-24', 48),
(483, 1, 36, 2, '2024-04-02 05:30:35', '', 15, '2022-10-25', 52),
(484, 1, 37, 2, '2024-04-02 05:30:35', '', 15, '2022-10-26', 53),
(485, 1, 38, 2, '2024-04-02 05:30:35', '', 15, '2022-10-27', 54),
(486, 18, 4, 2, '2023-11-28 06:10:14', '', 14, '2022-09-25', NULL),
(487, 22, 7, 2, '2024-04-02 05:30:35', '', 15, '2022-10-28', 55),
(488, 1, 39, 2, '2024-04-02 05:30:35', '', 15, '2022-10-29', 56),
(489, 1, 40, 2, '2023-11-22 16:09:56', '', 15, '2022-10-30', NULL),
(490, 1, 40, 2, '2024-04-02 05:30:35', '', 15, '2022-10-30', 57),
(491, 1, 41, 2, '2024-04-02 05:30:35', '', 15, '2022-10-30', 58),
(492, 1, 42, 2, '2024-04-02 05:30:35', '', 15, '2022-10-31', 59),
(493, 1, 43, 2, '2024-04-02 05:30:35', '', 15, '2022-11-01', 60),
(494, 1, 44, 2, '2024-04-02 05:30:35', '', 15, '2022-11-02', 61),
(495, 1, 45, 2, '2024-04-02 05:30:35', '', 15, '2022-11-02', 62),
(496, 1, 46, 2, '2024-04-02 05:30:35', '', 15, '2022-11-03', 63),
(497, 1, 47, 2, '2024-04-02 05:30:35', '', 15, '2022-11-05', 64),
(498, 1, 48, 2, '2024-04-02 05:30:35', '', 15, '2022-11-07', 65),
(499, 18, 5, 2, '2023-11-22 16:49:19', '', 14, '2023-06-30', NULL),
(500, 18, 5, 2, '2023-11-22 16:49:19', 'Updated.', 14, '2023-11-22', 0),
(501, 25, 4, 2, '2024-04-02 05:30:35', '', 15, '2022-11-07', 66),
(502, 20, 5, 2, '2024-04-02 05:30:35', '', 15, '2022-11-07', 67),
(503, 22, 8, 2, '2024-04-02 05:30:35', '', 15, '2022-11-07', 68),
(504, 1, 49, 2, '2024-04-02 05:30:35', '', 15, '2022-11-08', 69),
(505, 1, 50, 2, '2024-04-02 05:30:35', '', 15, '2022-11-09', 70),
(506, 1, 51, 2, '2024-04-02 05:30:35', '', 15, '2022-11-10', 71),
(507, 1, 52, 2, '2024-04-02 05:30:35', '', 15, '2022-11-12', 75),
(508, 1, 53, 2, '2024-04-02 05:30:35', '', 15, '2022-11-14', 77),
(509, 22, 9, 2, '2024-04-02 05:30:35', '', 15, '2022-11-15', 78),
(510, 1, 54, 2, '2024-04-02 05:30:35', '', 15, '2022-11-15', 79),
(511, 1, 55, 2, '2024-04-02 05:30:35', '', 15, '2022-11-16', 81),
(512, 1, 56, 2, '2024-04-02 05:30:35', '', 15, '2022-11-17', 82),
(513, 1, 57, 2, '2024-04-02 05:30:35', '', 15, '2022-11-19', 84),
(514, 1, 58, 2, '2024-04-02 05:30:35', '', 15, '2022-11-20', 86),
(515, 18, 6, 2, '2023-11-23 06:35:14', '', 14, '2022-10-16', NULL),
(516, 1, 59, 2, '2024-04-02 05:30:35', '', 15, '2022-11-21', 88),
(517, 18, 6, 1, '2023-11-23 06:37:24', 'Updated.', 14, '2023-11-23', NULL),
(518, 18, 6, 1, '2023-11-28 06:12:23', 'Updated.', 14, '2023-11-23', NULL),
(519, 1, 60, 2, '2024-04-02 05:30:35', '', 15, '2022-11-22', 89),
(520, 1, 61, 2, '2024-04-02 05:30:35', '', 15, '2022-11-23', 90),
(521, 1, 62, 2, '2024-04-02 05:30:35', '', 15, '2022-11-24', 91),
(522, 1, 63, 2, '2024-04-02 05:30:35', '', 15, '2022-11-24', 92),
(523, 18, 7, 2, '2023-11-23 06:52:54', '', 15, '2022-09-20', 0),
(524, 25, 5, 2, '2024-04-02 05:30:35', '', 15, '2022-09-20', 1),
(525, 18, 8, 2, '2023-11-23 06:59:09', '', 15, '2022-11-13', 0),
(526, 25, 6, 2, '2024-04-02 05:30:35', '', 15, '2022-11-13', 76),
(527, 18, 9, 2, '2023-11-23 07:17:01', '', 14, '2022-11-15', NULL),
(528, 18, 9, 2, '2023-11-23 07:17:01', 'Updated.', 14, '2023-11-23', 0),
(529, 18, 10, 2, '2023-11-25 06:48:48', '', 15, '2022-11-17', 0),
(530, 18, 11, 2, '2023-11-25 07:08:10', '', 15, '2023-01-08', 0),
(531, 18, 12, 2, '2023-11-25 07:18:47', '', 15, '2023-03-17', 0),
(532, 18, 13, 2, '2023-11-25 07:28:28', '', 15, '2023-04-12', 0),
(533, 18, 14, 2, '2023-11-25 07:32:05', '', 15, '2023-06-17', 0),
(534, 25, 7, 2, '2024-04-02 05:30:35', '', 15, '2022-11-15', 80),
(535, 25, 8, 2, '2024-04-02 05:30:35', '', 15, '2022-11-17', 83),
(536, 25, 9, 2, '2024-04-02 05:30:35', '', 15, '2023-01-08', 134),
(537, 25, 10, 2, '2024-04-02 05:30:35', '', 15, '2023-03-17', 168),
(538, 25, 11, 2, '2024-04-02 05:30:35', '', 15, '2023-04-12', 188),
(539, 25, 12, 2, '2024-04-02 05:30:35', '', 15, '2023-06-17', 223),
(540, 22, 10, 2, '2024-04-02 05:30:35', '', 15, '2022-11-25', 95),
(541, 18, 15, 2, '2023-11-27 05:37:05', '', 15, '2023-03-25', 0),
(542, 25, 13, 2, '2024-04-02 05:30:35', '', 15, '2023-06-07', 219),
(543, 20, 6, 1, '2023-11-27 06:41:50', '', 15, '2023-06-30', NULL),
(544, 20, 6, 1, '2023-11-27 06:41:50', 'Voided.\n', 15, '2023-06-30', 0),
(545, 20, 7, 2, '2024-04-02 05:30:35', '', 15, '2023-06-30', 229),
(546, 20, 8, 2, '2024-04-02 05:30:35', '', 15, '2022-11-20', 87),
(547, 22, 11, 2, '2023-11-27 12:21:53', '', 15, '2022-11-25', NULL),
(548, 22, 11, 1, '2023-11-27 12:21:53', 'Voided.\n', 15, '2023-06-30', 0),
(549, 18, 16, 2, '2023-11-28 04:58:57', '', 15, '2023-01-25', 0),
(550, 18, 17, 2, '2023-11-28 05:17:12', '', 15, '2023-03-23', 0),
(551, 1, 64, 2, '2024-04-02 05:30:35', '', 15, '2022-11-26', 96),
(552, 22, 12, 2, '2024-04-02 05:30:35', '', 15, '2022-11-27', 97),
(553, 1, 65, 2, '2024-04-02 05:30:35', '', 15, '2022-11-27', 98),
(554, 22, 13, 2, '2024-04-02 05:30:35', '', 15, '2022-11-29', 100),
(555, 1, 66, 2, '2024-04-02 05:30:35', '', 15, '2022-11-28', 99),
(556, 22, 14, 2, '2024-04-02 05:30:35', '', 15, '2022-11-29', 101),
(557, 1, 67, 2, '2024-04-02 05:30:35', '', 15, '2022-11-30', 102),
(558, 1, 68, 2, '2024-04-02 05:30:35', '', 15, '2022-12-01', 103),
(559, 1, 69, 2, '2024-04-02 05:30:35', '', 15, '2022-12-03', 104),
(560, 1, 70, 2, '2024-04-02 05:30:35', '', 15, '2022-12-04', 105),
(561, 22, 15, 2, '2024-04-02 05:30:35', '', 15, '2022-12-05', 106),
(562, 1, 71, 2, '2024-04-02 05:30:35', '', 15, '2022-12-05', 107),
(563, 18, 4, 2, '2023-11-28 06:10:14', 'Updated.', 14, '2023-11-28', 0),
(564, 18, 6, 2, '2023-11-28 06:12:23', 'Updated.', 14, '2023-11-28', 0),
(565, 18, 18, 2, '2023-11-28 06:16:19', '', 15, '2022-11-15', 0),
(566, 18, 19, 2, '2023-11-28 06:29:07', '', 15, '2022-12-13', 0),
(567, 18, 20, 2, '2023-11-28 06:33:28', '', 15, '2023-01-08', 0),
(568, 18, 21, 2, '2023-11-28 06:35:48', '', 15, '2023-02-09', 0),
(569, 18, 22, 2, '2023-11-28 06:38:00', '', 15, '2023-03-03', 0),
(570, 18, 23, 2, '2023-11-28 06:46:22', '', 15, '2023-05-11', 0),
(571, 25, 14, 2, '2024-04-02 05:30:35', '', 15, '2023-05-11', 201),
(572, 20, 9, 2, '2024-04-02 05:30:35', '', 15, '2023-05-11', 202),
(573, 25, 15, 2, '2024-04-02 05:30:35', '', 15, '2022-09-25', 9),
(574, 20, 10, 2, '2024-04-02 05:30:35', '', 15, '2022-09-25', 10),
(575, 25, 16, 2, '2024-04-02 05:30:35', '', 15, '2022-10-16', 39),
(576, 20, 11, 2, '2024-04-02 05:30:35', '', 15, '2022-10-16', 40),
(577, 25, 17, 2, '2024-04-02 05:30:35', '', 15, '2022-11-11', 72),
(578, 20, 12, 2, '2024-04-02 05:30:35', '', 15, '2022-11-11', 73),
(579, 25, 18, 2, '2024-04-02 05:30:35', '', 15, '2022-12-13', 109),
(580, 20, 13, 2, '2024-04-02 05:30:35', '', 15, '2022-12-13', 110),
(581, 25, 19, 2, '2024-04-02 05:30:35', '', 15, '2023-01-08', 135),
(582, 20, 14, 2, '2024-04-02 05:30:35', '', 15, '2023-01-08', 136),
(583, 25, 20, 2, '2024-04-02 05:30:35', '', 15, '2023-02-09', 154),
(584, 20, 15, 2, '2024-04-02 05:30:35', '', 15, '2023-02-09', 155),
(585, 25, 21, 2, '2024-04-02 05:30:35', '', 15, '2023-03-03', 160),
(586, 20, 16, 2, '2024-04-02 05:30:35', '', 15, '2023-03-03', 161),
(587, 25, 22, 2, '2024-04-02 05:30:35', '', 15, '2023-01-25', 148),
(588, 20, 17, 2, '2024-04-02 05:30:35', '', 15, '2023-01-25', 149),
(589, 25, 23, 2, '2024-04-02 05:30:35', '', 15, '2023-03-30', 175),
(590, 20, 18, 2, '2024-04-02 05:30:35', '', 15, '2023-03-30', 176),
(591, 0, 2, 1, '2024-04-02 05:30:35', '', 15, '2023-06-30', 230),
(592, 18, 24, 2, '2023-11-28 07:19:42', '', 14, '2023-07-12', 0),
(593, 25, 24, 2, '2024-04-02 05:06:06', '', 14, '2023-07-12', 0),
(594, 20, 19, 2, '2024-04-02 05:06:06', '', 14, '2023-07-12', 0),
(595, 18, 25, 2, '2023-11-28 07:25:32', '', 15, '2023-06-20', 0),
(596, 25, 25, 2, '2024-04-02 05:06:06', '', 14, '2023-07-30', 0),
(597, 18, 26, 2, '2023-11-28 07:31:30', '', 14, '2023-08-03', 0),
(598, 25, 26, 2, '2024-04-02 05:06:06', '', 14, '2023-08-03', 0),
(599, 20, 20, 2, '2023-12-10 05:48:18', '', 14, '2023-08-03', NULL),
(600, 20, 21, 2, '2023-12-10 05:46:26', '', 14, '2023-07-30', NULL),
(601, 0, 3, 1, '2024-04-02 05:06:06', '', 14, '2024-06-30', 0),
(602, 2, 71, 2, '2023-11-30 05:34:24', '', 15, '2022-12-15', NULL),
(603, 2, 71, 2, '2024-04-02 05:30:35', '', 15, '2022-12-15', 113),
(604, 2, 72, 2, '2023-11-30 05:35:36', '', 15, '2023-02-22', NULL),
(605, 2, 72, 2, '2024-04-02 05:30:35', '', 15, '2023-02-22', 157),
(606, 2, 73, 2, '2023-11-30 05:36:49', '', 15, '2023-02-26', NULL),
(607, 2, 73, 2, '2024-04-02 05:30:35', '', 15, '2023-02-26', 158),
(608, 2, 74, 2, '2023-11-30 05:38:17', '', 15, '2023-03-13', NULL),
(609, 2, 74, 2, '2024-04-02 05:30:35', '', 15, '2023-03-13', 165),
(610, 2, 75, 2, '2023-11-30 05:48:59', '', 15, '2023-03-21', NULL),
(611, 2, 75, 2, '2024-04-02 05:30:35', '', 15, '2023-03-21', 171),
(612, 2, 76, 2, '2023-11-30 05:49:50', '', 15, '2023-03-25', NULL),
(613, 2, 76, 2, '2024-04-02 05:30:35', '', 15, '2023-03-25', 173),
(614, 2, 77, 2, '2023-11-30 05:50:37', '', 15, '2023-03-30', NULL),
(615, 2, 77, 2, '2024-04-02 05:30:35', '', 15, '2023-03-30', 177),
(616, 2, 78, 2, '2023-11-30 05:51:20', '', 15, '2023-04-08', NULL),
(617, 2, 78, 2, '2024-04-02 05:30:35', '', 15, '2023-04-08', 186),
(618, 2, 79, 2, '2023-11-30 05:51:59', '', 15, '2023-04-19', NULL),
(619, 2, 79, 2, '2024-04-02 05:30:35', '', 15, '2023-04-19', 193),
(620, 2, 80, 2, '2023-11-30 05:52:43', '', 15, '2023-05-11', NULL),
(621, 2, 80, 2, '2024-04-02 05:30:35', '', 15, '2023-05-11', 203),
(622, 2, 81, 2, '2023-11-30 05:53:39', '', 15, '2023-05-17', NULL),
(623, 2, 81, 2, '2024-04-02 05:30:35', '', 15, '2023-05-17', 209),
(624, 2, 82, 2, '2023-11-30 05:54:21', '', 15, '2023-05-25', NULL),
(625, 2, 82, 2, '2024-04-02 05:30:35', '', 15, '2023-05-25', 213),
(626, 2, 83, 2, '2023-11-30 05:54:58', '', 15, '2023-06-09', NULL),
(627, 2, 83, 2, '2024-04-02 05:30:35', '', 15, '2023-06-09', 221),
(628, 2, 84, 2, '2023-11-30 05:55:41', '', 15, '2023-06-11', NULL),
(629, 2, 84, 2, '2024-04-02 05:30:35', '', 15, '2023-06-11', 222),
(630, 22, 16, 2, '2024-04-02 05:30:35', '', 15, '2022-12-24', 120),
(631, 1, 72, 2, '2024-04-02 05:30:35', '', 15, '2022-12-22', 114),
(632, 1, 73, 2, '2023-11-30 06:16:54', '', 15, '2023-01-14', NULL),
(633, 1, 73, 2, '2024-04-02 05:30:35', '', 15, '2023-01-14', 142),
(634, 1, 74, 2, '2023-11-30 06:37:54', '', 15, '2023-01-01', NULL),
(635, 1, 74, 2, '2024-04-02 05:30:35', '', 15, '2023-01-01', 129),
(636, 1, 75, 2, '2023-11-30 07:03:37', '', 15, '2023-01-15', NULL),
(637, 1, 75, 2, '2024-04-02 05:30:35', '', 15, '2023-01-15', 147),
(638, 18, 27, 2, '2023-11-30 12:57:41', '', 15, '2023-03-31', 0),
(639, 25, 27, 2, '2024-04-02 05:30:35', '', 15, '2023-03-31', 178),
(640, 20, 22, 2, '2024-04-02 05:30:35', '', 15, '2023-03-31', 179),
(641, 22, 17, 2, '2024-04-02 05:30:35', '', 15, '2022-12-13', 111),
(642, 18, 28, 2, '2023-11-30 14:42:51', '', 15, '2022-12-25', 0),
(643, 25, 28, 2, '2024-04-02 05:30:35', '', 15, '2022-12-25', 122),
(644, 20, 23, 2, '2024-04-02 05:30:35', '', 15, '2022-12-25', 123),
(645, 22, 18, 2, '2024-04-02 05:30:35', '', 15, '2022-12-25', 124),
(646, 22, 19, 2, '2024-04-02 05:30:35', '', 15, '2022-12-25', 125),
(647, 22, 20, 2, '2024-04-02 05:30:35', '', 15, '2022-12-27', 126),
(648, 22, 21, 2, '2024-04-02 05:30:35', '', 15, '2022-12-28', 127),
(649, 22, 22, 2, '2024-04-02 05:30:35', '', 15, '2022-12-29', 128),
(650, 1, 76, 2, '2024-04-02 05:30:35', '', 15, '2022-12-06', 108),
(651, 18, 29, 2, '2023-11-30 15:31:23', '', 15, '2022-09-26', 0),
(652, 25, 29, 2, '2024-04-02 05:30:35', '', 15, '2022-09-26', 15),
(653, 20, 24, 2, '2024-04-02 05:30:35', '', 15, '2022-09-26', 16),
(654, 18, 30, 2, '2023-11-30 15:59:29', '', 15, '2023-01-05', 0),
(655, 25, 30, 2, '2024-04-02 05:30:35', '', 15, '2023-01-05', 130),
(656, 20, 25, 2, '2024-04-02 05:30:35', '', 15, '2023-01-05', 131),
(657, 18, 31, 2, '2023-12-04 05:44:09', '', 15, '2022-12-24', 0),
(658, 25, 31, 2, '2024-04-02 05:30:35', '', 15, '2022-12-22', 115),
(659, 20, 26, 2, '2024-04-02 05:30:35', '', 15, '2022-12-22', 116),
(660, 18, 32, 2, '2023-12-04 06:23:28', '', 15, '2023-01-05', 0),
(661, 25, 32, 2, '2024-04-02 05:30:35', '', 15, '2023-01-05', 132),
(662, 20, 27, 2, '2024-04-02 05:30:35', '', 15, '2023-01-05', 133),
(663, 22, 23, 2, '2024-04-02 05:30:35', '', 15, '2023-02-10', 156),
(664, 18, 33, 2, '2023-12-04 11:23:21', '', 15, '2023-01-12', 0),
(665, 25, 33, 2, '2024-04-02 05:30:35', '', 15, '2023-01-12', 139),
(666, 20, 28, 2, '2024-04-02 05:30:35', '', 15, '2023-01-12', 140),
(667, 1, 77, 2, '2023-12-04 11:39:21', '', 15, '2023-03-07', NULL),
(668, 1, 77, 2, '2024-04-02 05:30:35', '', 15, '2023-03-07', 162),
(669, 1, 78, 2, '2023-12-04 12:21:12', '', 15, '2023-03-20', NULL),
(670, 1, 78, 2, '2024-04-02 05:30:35', '', 15, '2023-03-20', 169),
(671, 22, 24, 2, '2024-04-02 05:30:35', '', 15, '2023-03-21', 172),
(672, 1, 79, 2, '2024-04-02 05:30:35', '', 15, '2023-02-26', 159),
(673, 22, 25, 2, '2024-04-02 05:30:35', '', 15, '2023-04-03', 180),
(674, 18, 34, 2, '2023-12-05 06:39:49', '', 15, '2022-12-22', 0),
(675, 25, 34, 2, '2024-04-02 05:30:35', '', 15, '2022-12-22', 117),
(676, 20, 29, 2, '2024-04-02 05:30:35', '', 15, '2022-12-22', 118),
(677, 18, 35, 2, '2023-12-05 06:47:39', '', 15, '2023-03-08', 0),
(678, 25, 35, 2, '2024-04-02 05:30:35', '', 15, '2023-03-08', 163),
(679, 20, 30, 2, '2024-04-02 05:30:35', '', 15, '2023-03-08', 164),
(680, 22, 26, 2, '2024-04-02 05:30:35', '', 15, '2023-04-05', 183),
(681, 22, 27, 2, '2024-04-02 05:30:35', '', 15, '2023-04-05', 184),
(682, 18, 36, 2, '2023-12-05 07:21:55', '', 15, '2023-03-15', 0),
(683, 25, 36, 2, '2024-04-02 05:30:35', '', 15, '2023-03-15', 166),
(684, 20, 31, 2, '2024-04-02 05:30:35', '', 15, '2023-03-15', 167),
(685, 18, 37, 2, '2023-12-05 07:36:10', '', 15, '2023-04-13', 0),
(686, 25, 37, 2, '2024-04-02 05:30:35', '', 15, '2023-04-13', 189),
(687, 20, 32, 2, '2024-04-02 05:30:35', '', 15, '2023-04-13', 190),
(688, 22, 28, 2, '2024-04-02 05:30:35', '', 15, '2023-06-30', 231),
(689, 22, 29, 2, '2024-04-02 05:30:35', '', 15, '2023-04-11', 187),
(690, 22, 30, 2, '2024-04-02 05:30:35', '', 15, '2023-04-14', 191),
(691, 22, 31, 2, '2024-04-02 05:30:35', '', 15, '2023-04-19', 194),
(692, 22, 32, 2, '2024-04-02 05:30:35', '', 15, '2023-04-20', 195),
(693, 22, 33, 2, '2024-04-02 05:30:35', '', 15, '2023-05-13', 204),
(694, 22, 34, 2, '2024-04-02 05:30:35', '', 15, '2023-05-25', 214),
(695, 18, 38, 2, '2023-12-05 15:54:39', '', 15, '2023-05-22', 0),
(696, 25, 38, 2, '2024-04-02 05:30:35', '', 15, '2023-05-22', 210),
(697, 20, 33, 2, '2024-04-02 05:30:35', '', 15, '2023-05-22', 211),
(698, 22, 35, 2, '2024-04-02 05:30:35', '', 15, '2023-05-27', 215),
(699, 22, 36, 2, '2024-04-02 05:30:35', '', 15, '2023-05-29', 216),
(700, 18, 39, 2, '2023-12-05 16:48:05', '', 15, '2023-05-16', 0),
(701, 25, 39, 2, '2024-04-02 05:30:35', '', 15, '2023-05-16', 205),
(702, 20, 34, 2, '2024-04-02 05:30:35', '', 15, '2023-05-16', 206),
(703, 22, 37, 2, '2024-04-02 05:30:35', '', 15, '2023-05-16', 207),
(704, 22, 38, 2, '2024-04-02 05:30:35', '', 15, '2023-06-08', 220),
(705, 22, 39, 2, '2024-04-02 05:30:35', '', 15, '2023-06-21', 225),
(706, 22, 40, 2, '2024-04-02 05:30:35', '', 15, '2023-06-24', 226),
(707, 22, 41, 2, '2024-04-02 05:30:35', '', 15, '2023-06-26', 228),
(708, 1, 80, 2, '2024-04-02 05:30:35', '', 15, '2023-04-03', 181),
(709, 1, 81, 2, '2024-04-02 05:30:35', '', 15, '2023-05-04', 198),
(710, 22, 42, 2, '2024-04-02 05:30:35', '', 15, '2023-06-19', 224),
(711, 1, 82, 2, '2024-04-02 05:30:35', '', 15, '2023-06-01', 218),
(712, 0, 4, 1, '2024-04-02 05:30:35', '', 15, '2023-06-30', 232),
(713, 2, 85, 2, '2023-12-06 07:14:00', '', 14, '2023-08-10', NULL),
(714, 2, 85, 2, '2024-04-02 05:06:06', '', 14, '2023-08-10', 0),
(715, 2, 86, 2, '2023-12-06 07:14:44', '', 14, '2023-09-21', NULL),
(716, 2, 86, 2, '2024-04-02 05:06:06', '', 14, '2023-09-21', 0),
(717, 2, 87, 2, '2023-12-06 07:15:37', '', 14, '2023-10-11', NULL),
(718, 2, 87, 2, '2024-04-02 05:06:06', '', 14, '2023-10-11', 0),
(719, 2, 88, 2, '2023-12-06 07:16:09', '', 14, '2023-10-19', NULL),
(720, 2, 88, 2, '2024-04-02 05:06:06', '', 14, '2023-10-19', 0),
(721, 2, 89, 2, '2023-12-06 07:16:40', '', 14, '2023-12-01', NULL),
(722, 2, 89, 2, '2024-04-02 05:06:06', '', 14, '2023-12-01', 0),
(723, 2, 90, 2, '2023-12-06 07:17:09', '', 14, '2023-12-02', NULL),
(724, 2, 90, 2, '2024-04-02 05:06:06', '', 14, '2023-12-02', 0),
(725, 2, 91, 2, '2023-12-06 07:17:43', '', 14, '2023-12-06', NULL),
(726, 2, 91, 2, '2024-04-02 05:06:06', '', 14, '2023-12-06', 0),
(727, 22, 43, 2, '2024-04-02 05:06:06', '', 14, '2023-07-13', 0),
(728, 22, 44, 2, '2024-04-02 05:06:06', '', 14, '2023-08-13', 0),
(729, 22, 45, 2, '2024-04-02 05:06:06', '', 14, '2023-08-22', 0),
(730, 22, 46, 2, '2024-04-02 05:06:06', '', 14, '2023-10-18', 0),
(731, 22, 47, 2, '2024-04-02 05:06:06', '', 14, '2023-10-24', 0),
(732, 22, 48, 2, '2024-04-02 05:06:06', '', 14, '2023-10-30', 0),
(733, 1, 83, 2, '2024-04-02 05:06:06', '', 14, '2023-07-13', 0),
(734, 18, 40, 2, '2023-12-07 06:17:19', '', 14, '2023-11-07', 0),
(735, 25, 40, 2, '2024-04-02 05:06:06', '', 14, '2023-11-07', 0),
(736, 20, 35, 2, '2024-04-02 05:06:06', '', 14, '2023-11-07', 0),
(737, 18, 41, 2, '2023-12-08 05:24:41', '', 14, '2023-07-01', 0),
(738, 25, 41, 2, '2024-04-02 05:06:06', '', 14, '2023-07-01', 0),
(739, 20, 36, 2, '2024-04-02 05:06:06', '', 14, '2023-07-01', 0),
(740, 22, 49, 2, '2024-04-02 05:06:06', '', 14, '2023-08-09', 0),
(741, 1, 84, 2, '2024-04-02 05:06:06', '', 14, '2023-10-11', 0),
(742, 18, 42, 2, '2023-12-08 05:43:41', '', 14, '2023-11-22', 0),
(743, 25, 42, 2, '2024-04-02 05:06:06', '', 14, '2023-11-22', 0),
(744, 20, 37, 2, '2024-04-02 05:06:06', '', 14, '2023-11-22', 0),
(745, 22, 50, 2, '2024-04-02 05:06:06', '', 14, '2023-11-22', 0),
(746, 18, 43, 2, '2023-12-08 05:58:27', '', 14, '2023-11-22', 0),
(747, 25, 43, 2, '2024-04-02 05:06:06', '', 14, '2023-11-22', 0),
(748, 20, 38, 2, '2024-04-02 05:06:06', '', 14, '2023-11-22', 0),
(749, 22, 51, 2, '2024-04-02 05:06:06', '', 14, '2023-11-22', 0),
(750, 18, 44, 2, '2023-12-08 06:08:02', '', 14, '2023-11-10', 0),
(751, 25, 44, 2, '2024-04-02 05:06:06', '', 14, '2023-11-10', 0),
(752, 20, 39, 2, '2024-04-02 05:06:06', '', 14, '2023-11-10', 0),
(753, 22, 52, 2, '2024-04-02 05:06:06', '', 14, '2023-11-10', 0),
(754, 1, 85, 2, '2024-04-02 05:06:06', '', 14, '2023-12-04', 0),
(755, 1, 86, 2, '2024-04-02 05:06:06', '', 14, '2023-12-07', 0),
(756, 18, 45, 2, '2023-12-09 13:33:20', '', 14, '2023-09-13', 0),
(757, 25, 45, 2, '2024-04-02 05:06:06', '', 14, '2023-09-13', 0),
(758, 20, 40, 2, '2024-04-02 05:06:06', '', 14, '2023-09-13', 0),
(759, 20, 21, 2, '2023-12-10 05:46:26', 'Voided.\nDocument reentered.', 14, '2023-07-30', 0),
(760, 20, 41, 2, '2024-04-02 05:06:06', '', 14, '2023-07-30', 0),
(761, 20, 20, 2, '2023-12-10 05:48:18', 'Voided.\nDocument reentered.', 14, '2023-08-03', 0),
(762, 20, 42, 2, '2024-04-02 05:06:06', '', 14, '2023-08-03', 0),
(763, 18, 46, 2, '2023-12-10 06:42:11', '', 14, '2023-07-22', 0),
(764, 25, 46, 2, '2024-04-02 05:06:06', '', 14, '2023-07-22', 0),
(765, 20, 43, 2, '2024-04-02 05:06:06', '', 14, '2023-07-22', 0),
(766, 0, 5, 2, '2024-04-02 05:06:06', '', 14, '2024-06-30', 0),
(767, 1, 87, 2, '2023-12-11 06:07:52', '', 15, '2023-06-23', NULL),
(768, 1, 87, 1, '2023-12-11 06:07:52', 'Voided.\n', 15, '2023-06-30', 0),
(769, 1, 88, 2, '2023-12-11 06:18:54', '', 15, '2023-06-23', NULL),
(770, 1, 88, 1, '2023-12-11 06:18:54', 'Voided.\n', 15, '2023-06-30', 0),
(771, 18, 47, 2, '2024-04-15 07:04:37', '', 14, '2023-12-14', NULL),
(772, 18, 48, 1, '2024-03-19 07:16:24', '', 14, '2023-06-30', NULL),
(773, 25, 47, 1, '2023-12-18 07:18:54', '', 15, '2023-06-30', NULL),
(774, 25, 47, 1, '2023-12-18 07:18:54', 'Voided.\n', 15, '2023-06-30', 0),
(775, 30, 1, 1, '2024-04-29 04:19:09', '', 14, '2024-03-11', NULL),
(776, 13, 1, 1, '2024-03-19 06:34:01', '', 14, '2024-03-11', NULL),
(777, 10, 1, 1, '2024-03-19 06:33:27', '', 14, '2024-03-11', NULL),
(778, 12, 1, 1, '2024-03-19 06:33:16', '', 14, '2024-03-11', NULL),
(779, 0, 6, 2, '2024-04-02 05:06:06', '', 14, '2024-06-30', 0),
(780, 2, 92, 2, '2024-03-19 06:00:18', '', 14, '2023-12-19', NULL),
(781, 2, 93, 2, '2024-03-19 06:00:33', '', 14, '2024-01-10', NULL),
(782, 1, 89, 2, '2024-03-19 05:39:54', '', 14, '2024-02-15', NULL),
(783, 2, 94, 2, '2024-03-19 06:00:43', '', 14, '2024-03-17', NULL),
(784, 1, 89, 2, '2024-03-19 05:39:54', 'Voided.\n', 14, '2024-03-19', 0),
(785, 2, 95, 2, '2024-03-19 06:00:50', '', 14, '2024-02-15', NULL),
(786, 2, 96, 2, '2024-04-02 05:06:06', '', 14, '2023-12-19', 0),
(787, 2, 92, 1, '2024-03-19 06:00:18', 'Voided.\n', 14, '2024-03-19', 0),
(788, 2, 93, 1, '2024-03-19 06:00:33', 'Voided.\n', 14, '2024-03-19', 0),
(789, 2, 94, 1, '2024-03-19 06:00:43', 'Voided.\n', 14, '2024-03-19', 0),
(790, 2, 95, 1, '2024-03-19 06:00:50', 'Voided.\n', 14, '2024-03-19', 0),
(791, 1, 90, 2, '2024-03-19 06:07:06', '', 14, '2024-01-10', NULL),
(792, 2, 97, 2, '2024-04-02 05:06:06', '', 14, '2024-02-15', 0),
(793, 2, 98, 2, '2024-04-02 05:06:06', '', 14, '2024-03-17', 0),
(794, 1, 90, 1, '2024-03-19 06:07:06', 'Voided.\n', 14, '2024-03-19', 0),
(795, 2, 99, 2, '2024-04-02 05:06:06', '', 14, '2024-01-10', 0),
(796, 1, 91, 2, '2024-04-02 05:06:06', '', 14, '2023-12-10', 0),
(797, 1, 92, 2, '2024-04-02 05:06:06', '', 14, '2023-12-11', 0),
(798, 1, 93, 2, '2024-04-02 05:06:06', '', 14, '2023-12-11', 0),
(799, 1, 94, 2, '2024-03-19 06:17:21', '', 14, '2023-12-14', NULL),
(800, 1, 94, 1, '2024-03-19 06:17:21', 'Voided.\n', 14, '2024-03-19', 0),
(801, 1, 95, 2, '2024-04-02 05:06:06', '', 14, '2023-12-14', 0),
(802, 1, 96, 2, '2024-04-02 05:06:06', '', 14, '2023-12-14', 0),
(803, 1, 97, 2, '2024-04-02 05:06:06', '', 14, '2023-12-14', 0),
(804, 1, 98, 2, '2024-04-02 05:06:06', '', 14, '2023-12-18', 0),
(805, 1, 99, 2, '2024-04-02 05:06:06', '', 14, '2023-12-20', 0),
(806, 1, 100, 2, '2024-04-02 05:06:06', '', 14, '2023-12-21', 0),
(807, 12, 1, 1, '2024-03-19 06:33:16', 'Voided.\n', 14, '2024-03-19', 0),
(808, 10, 1, 1, '2024-03-19 06:33:27', 'Voided.\n', 14, '2024-03-19', 0),
(809, 13, 1, 1, '2024-03-19 06:34:01', 'Voided.\n', 14, '2024-03-19', 0),
(810, 1, 101, 2, '2024-03-19 06:42:21', '', 14, '2023-12-21', NULL),
(811, 1, 101, 2, '2024-04-02 05:06:06', '', 14, '2023-12-21', 0),
(812, 1, 102, 2, '2024-03-19 06:47:47', '', 14, '2023-12-27', NULL),
(813, 1, 102, 2, '2024-04-02 05:06:06', '', 14, '2023-12-27', 0),
(814, 1, 103, 2, '2024-04-02 05:06:06', '', 14, '2023-12-27', 0),
(815, 1, 104, 2, '2024-04-02 05:06:06', '', 14, '2023-12-28', 0),
(816, 1, 105, 2, '2024-04-02 05:06:06', '', 14, '2023-12-28', 0),
(817, 1, 106, 2, '2024-04-02 05:06:06', '', 14, '2023-12-28', 0),
(818, 1, 107, 2, '2024-04-02 05:06:06', '', 14, '2023-12-28', 0),
(819, 1, 108, 2, '2024-04-02 05:06:06', '', 14, '2024-01-04', 0),
(820, 1, 109, 2, '2024-04-02 05:06:06', '', 14, '2024-01-04', 0),
(821, 1, 110, 2, '2024-03-19 07:02:38', '', 14, '2024-01-10', NULL),
(822, 1, 110, 2, '2024-04-02 06:07:24', '', 14, '2024-01-10', NULL),
(823, 18, 48, 2, '2024-03-19 07:16:24', '', 14, '2024-01-10', 0),
(824, 25, 48, 2, '2024-04-02 05:06:06', '', 14, '2024-01-10', 0),
(825, 20, 44, 2, '2024-04-02 05:06:06', '', 14, '2024-03-19', 0),
(826, 22, 53, 2, '2024-04-02 05:06:06', '', 14, '2024-01-10', 0),
(827, 1, 111, 2, '2024-03-19 07:21:57', '', 14, '2024-02-08', NULL),
(828, 1, 111, 2, '2024-03-28 04:08:32', '', 14, '2024-02-08', NULL),
(829, 1, 112, 2, '2024-03-19 07:23:00', '', 14, '2024-02-10', NULL),
(830, 1, 112, 2, '2024-04-02 05:06:06', '', 14, '2024-02-10', 0),
(831, 18, 49, 2, '2024-03-19 07:42:21', '', 14, '2023-11-11', 0),
(832, 25, 49, 2, '2024-04-02 05:06:06', '', 14, '2023-11-11', 0),
(833, 20, 45, 2, '2024-04-02 05:06:06', '', 14, '2023-11-11', 0),
(834, 22, 54, 2, '2024-04-02 05:06:06', '', 14, '2023-11-11', 0),
(835, 12, 2, 1, '2024-03-21 05:03:54', '', 14, '2024-03-19', NULL),
(836, 18, 50, 2, '2024-03-19 08:01:37', '', 14, '2023-12-11', 0),
(837, 25, 50, 2, '2024-04-02 05:06:06', '', 14, '2023-12-11', 0),
(838, 20, 46, 2, '2024-04-02 05:06:06', '', 14, '2023-12-11', 0),
(839, 1, 113, 2, '2024-03-19 08:05:06', '', 14, '2024-02-28', NULL),
(840, 1, 113, 2, '2024-04-02 05:06:06', '', 14, '2024-02-28', 0),
(841, 18, 51, 2, '2024-03-19 08:09:31', '', 14, '2023-12-27', 0),
(842, 25, 51, 2, '2024-04-02 05:06:06', '', 14, '2023-12-28', 0),
(843, 20, 47, 2, '2024-04-02 05:06:06', '', 14, '2024-01-15', 0),
(844, 22, 55, 2, '2024-04-02 05:06:06', '', 14, '2024-03-12', 0),
(845, 1, 114, 2, '2024-03-19 08:13:21', '', 14, '2024-03-18', NULL),
(846, 1, 114, 2, '2024-04-02 05:06:06', '', 14, '2024-03-18', 0),
(847, 12, 2, 1, '2024-03-21 05:03:54', 'Voided.\n', 14, '2024-03-21', 0),
(848, 0, 7, 2, '2024-04-02 05:06:06', '', 14, '2024-06-30', 0),
(849, 18, 52, 2, '2024-03-25 04:41:59', '', 15, '2022-12-24', 0),
(850, 25, 52, 2, '2024-03-25 04:42:49', '', 15, '2022-12-24', 0),
(851, 20, 48, 2, '2024-04-02 05:30:35', '', 15, '2022-12-24', 121),
(852, 0, 8, 2, '2024-04-02 05:30:35', '', 15, '2023-06-30', 233),
(853, 18, 53, 2, '2024-03-25 06:22:47', '', 14, '2023-11-03', 0),
(854, 25, 53, 2, '2024-04-02 05:06:06', '', 14, '2023-11-03', 0),
(855, 20, 49, 2, '2024-04-02 05:06:06', '', 14, '2023-11-03', 0),
(856, 18, 54, 2, '2024-03-25 06:50:15', '', 14, '2023-12-26', 0),
(857, 25, 54, 2, '2024-04-02 05:06:06', '', 14, '2023-12-26', 0),
(858, 20, 50, 2, '2024-04-02 05:06:06', '', 14, '2024-03-25', 0),
(859, 22, 56, 2, '2024-04-02 05:06:06', '', 14, '2024-02-08', 0),
(860, 1, 111, 1, '2024-03-28 04:08:32', 'Voided.\n', 14, '2024-03-28', 0),
(861, 18, 55, 2, '2024-03-29 04:01:37', '', 14, '2024-02-18', 0),
(862, 25, 55, 2, '2024-04-02 05:06:06', '', 14, '2024-02-18', 0),
(863, 20, 51, 2, '2024-04-02 05:06:06', '', 14, '2024-02-18', 0),
(864, 22, 57, 2, '2024-04-02 05:30:35', '', 15, '2023-01-14', 143),
(865, 18, 56, 2, '2024-04-02 05:26:08', '', 15, '2023-01-14', 0),
(866, 25, 56, 2, '2024-04-02 05:30:35', '', 15, '2023-01-14', 144),
(867, 20, 52, 2, '2024-04-02 05:30:35', '', 15, '2023-01-14', 145),
(868, 22, 58, 2, '2024-04-02 05:30:35', '', 15, '2023-01-14', 146),
(869, 22, 59, 2, '2024-04-02 06:00:00', '', 14, '2024-03-31', 0),
(870, 1, 110, 1, '2024-04-02 06:07:24', 'Voided.\n', 14, '2024-04-02', 0),
(871, 22, 60, 2, '2024-04-02 06:10:24', '', 14, '2024-01-10', 0),
(872, 22, 61, 2, '2024-04-02 06:11:42', '', 14, '2024-03-31', 0),
(873, 22, 62, 2, '2024-04-02 08:19:29', '', 14, '2024-04-02', 0),
(874, 22, 63, 2, '2024-04-04 07:38:47', '', 14, '2024-04-04', 0),
(875, 18, 47, 1, '2024-04-15 07:05:37', 'Updated.', 14, '2024-04-15', NULL),
(876, 18, 47, 1, '2024-04-15 07:05:37', 'Updated.', 14, '2024-04-15', 0),
(877, 22, 64, 1, '2024-04-16 09:10:46', '', 14, '2024-04-16', NULL),
(878, 22, 64, 1, '2024-04-16 09:10:46', 'Voided.\n', 14, '2024-04-16', 0),
(879, 1, 115, 1, '2024-04-16 10:49:22', '', 14, '2024-04-16', NULL),
(880, 1, 115, 1, '2024-04-16 10:50:24', '', 14, '2024-04-16', NULL),
(881, 1, 115, 1, '2024-04-16 10:50:24', 'Voided.\n', 14, '2024-04-16', 0),
(882, 2, 100, 1, '2024-04-19 05:58:11', '', 14, '2024-04-19', NULL),
(883, 2, 100, 1, '2024-04-19 05:58:45', '', 14, '2024-04-19', NULL),
(884, 2, 100, 1, '2024-04-19 05:58:45', 'Voided.\nvoided', 14, '2024-04-19', 0),
(885, 0, 9, 1, '2024-04-19 06:04:46', '', 14, '2024-04-19', 0),
(886, 0, 10, 1, '2024-04-19 06:04:46', '', 14, '2024-04-19', 0),
(887, 2, 101, 2, '2024-04-19 06:18:08', '', 14, '2024-04-17', NULL),
(888, 2, 101, 2, '2024-04-19 06:18:08', '', 14, '2024-04-17', 0),
(889, 40, 20, 1, '2024-04-19 06:31:26', 'Voided.\n', 14, '2024-04-19', 0),
(890, 2, 102, 2, '2024-04-19 07:19:21', '', 14, '2023-12-14', NULL),
(891, 2, 102, 2, '2024-04-19 07:19:21', '', 14, '2023-12-14', 0),
(892, 1, 116, 2, '2024-04-19 07:24:16', '', 14, '2023-12-14', NULL),
(893, 1, 116, 2, '2024-04-19 07:24:16', '', 14, '2023-12-14', 0),
(894, 1, 117, 2, '2024-04-19 07:32:18', '', 14, '2023-12-14', NULL),
(895, 1, 117, 2, '2024-04-19 07:32:18', '', 14, '2023-12-14', 0),
(896, 18, 57, 2, '2024-04-20 07:33:09', '', 14, '2023-12-16', 0),
(897, 25, 57, 2, '2024-04-20 07:36:49', '', 14, '2024-02-25', 0),
(898, 20, 53, 2, '2024-04-20 07:37:53', '', 14, '2024-02-25', 0),
(899, 2, 103, 2, '2024-04-21 07:21:31', '', 14, '2024-01-01', NULL),
(900, 2, 103, 2, '2024-04-21 07:21:31', '', 14, '2024-01-01', 0),
(901, 2, 104, 2, '2024-04-21 07:24:42', '', 14, '2024-01-11', NULL),
(902, 2, 104, 2, '2024-04-21 07:24:42', '', 14, '2024-01-11', 0),
(903, 2, 105, 2, '2024-04-21 07:26:57', '', 14, '2024-02-04', NULL),
(904, 2, 105, 2, '2024-04-21 07:26:57', '', 14, '2024-02-04', 0),
(905, 2, 106, 2, '2024-04-21 07:28:12', '', 14, '2024-02-18', NULL),
(906, 2, 106, 2, '2024-04-21 07:28:12', '', 14, '2024-02-18', 0),
(907, 2, 107, 2, '2024-04-21 07:28:58', '', 14, '2024-03-04', NULL),
(908, 2, 107, 2, '2024-04-21 07:28:58', '', 14, '2024-03-04', 0),
(909, 2, 108, 2, '2024-04-21 07:29:35', '', 14, '2024-03-15', NULL),
(910, 2, 108, 2, '2024-04-21 07:29:35', '', 14, '2024-03-15', 0),
(911, 2, 109, 2, '2024-04-21 07:30:03', '', 14, '2024-03-21', NULL),
(912, 2, 109, 2, '2024-04-21 07:30:03', '', 14, '2024-03-21', 0),
(913, 18, 58, 2, '2024-04-21 07:34:52', '', 14, '2024-03-04', 0),
(914, 25, 58, 2, '2024-04-21 07:35:22', '', 14, '2024-03-11', 0),
(915, 20, 54, 2, '2024-04-21 07:36:01', '', 14, '2024-03-11', 0),
(916, 18, 59, 2, '2024-04-21 07:48:44', '', 14, '2023-12-16', 0),
(917, 25, 59, 2, '2024-04-21 07:49:19', '', 14, '2024-01-09', 0),
(918, 20, 55, 2, '2024-04-21 07:49:54', '', 14, '2024-01-09', 0),
(919, 18, 60, 2, '2024-04-21 07:57:27', '', 14, '2024-01-12', 0),
(920, 25, 60, 2, '2024-04-21 07:58:04', '', 14, '2024-02-19', 0),
(921, 20, 56, 2, '2024-04-21 07:58:36', '', 14, '2024-02-19', 0),
(922, 18, 61, 2, '2024-04-21 08:11:56', '', 14, '2024-01-27', 0),
(923, 25, 61, 2, '2024-04-21 08:12:14', '', 14, '2024-01-27', 0),
(924, 20, 57, 2, '2024-04-21 08:12:40', '', 14, '2024-01-27', 0),
(925, 18, 62, 2, '2024-04-21 08:22:22', '', 14, '2024-03-17', 0),
(926, 25, 62, 2, '2024-04-21 08:23:18', '', 14, '2024-03-17', 0),
(927, 20, 58, 2, '2024-04-21 08:23:53', '', 14, '2024-03-17', 0),
(928, 18, 63, 2, '2024-04-23 05:05:23', '', 14, '2024-02-22', 0),
(929, 25, 63, 2, '2024-04-23 05:16:24', '', 14, '2024-02-22', 0),
(930, 20, 59, 2, '2024-04-23 05:16:53', '', 14, '2024-02-22', 0),
(931, 18, 64, 2, '2024-04-23 05:25:08', '', 14, '2024-02-05', 0),
(932, 18, 65, 2, '2024-04-23 05:52:30', '', 14, '2024-02-19', 0),
(933, 25, 64, 2, '2024-04-23 05:52:59', '', 14, '2024-02-19', 0),
(934, 20, 60, 2, '2024-04-23 05:53:27', '', 14, '2024-02-19', 0),
(935, 18, 66, 2, '2024-04-23 06:05:25', '', 14, '2024-02-26', 0),
(936, 25, 65, 2, '2024-04-23 06:05:56', '', 14, '2024-02-26', 0),
(937, 20, 61, 2, '2024-04-23 06:08:14', '', 14, '2024-02-26', 0),
(938, 25, 66, 2, '2024-04-23 06:16:51', '', 14, '2024-04-23', 0),
(939, 20, 62, 2, '2024-04-23 06:17:56', '', 14, '2024-02-05', 0),
(940, 18, 67, 2, '2024-04-23 06:43:39', '', 14, '2024-03-03', 0),
(941, 25, 67, 2, '2024-04-23 06:44:01', '', 14, '2024-03-03', 0),
(942, 20, 63, 2, '2024-04-23 06:44:31', '', 14, '2024-03-03', 0),
(943, 18, 68, 2, '2024-04-23 06:57:14', '', 14, '2024-03-08', 0),
(944, 25, 68, 2, '2024-04-23 06:57:36', '', 14, '2024-03-08', 0),
(945, 20, 64, 2, '2024-04-23 06:58:12', '', 14, '2024-03-08', 0),
(946, 18, 69, 2, '2024-04-23 07:03:23', '', 14, '2024-03-20', 0),
(947, 25, 69, 2, '2024-04-23 07:03:48', '', 14, '2024-03-20', 0),
(948, 20, 65, 2, '2024-04-23 07:05:23', '', 14, '2024-03-20', 0),
(949, 18, 70, 2, '2024-04-23 07:10:22', '', 14, '2024-03-15', 0),
(950, 25, 70, 2, '2024-04-23 07:10:45', '', 14, '2024-03-15', 0),
(951, 20, 66, 2, '2024-04-23 07:11:09', '', 14, '2024-03-15', 0),
(952, 18, 71, 2, '2024-04-23 07:55:02', '', 14, '2024-01-30', 0),
(953, 25, 71, 2, '2024-04-23 07:55:23', '', 14, '2024-01-30', 0),
(954, 20, 67, 2, '2024-04-23 07:55:52', '', 14, '2024-01-30', 0),
(955, 18, 72, 2, '2024-04-23 08:21:32', '', 14, '2024-03-20', 0),
(956, 25, 72, 2, '2024-04-23 08:21:47', '', 14, '2024-03-20', 0),
(957, 20, 68, 2, '2024-04-23 08:22:52', '', 14, '2024-04-23', 0),
(958, 1, 118, 2, '2024-04-24 06:54:48', '', 14, '2023-12-16', 0),
(959, 1, 119, 2, '2024-04-24 07:00:58', '', 14, '2023-12-16', 0),
(960, 1, 120, 2, '2024-04-24 07:04:13', '', 14, '2023-12-25', 0),
(961, 1, 121, 2, '2024-04-24 07:08:44', '', 14, '2023-12-27', 0),
(962, 1, 122, 2, '2024-04-24 07:25:23', '', 14, '2023-12-20', 0),
(963, 1, 123, 2, '2024-04-24 07:41:38', '', 14, '2024-03-30', 0),
(964, 22, 65, 1, '2024-04-25 06:30:24', '', 14, '2024-04-23', NULL),
(965, 22, 65, 1, '2024-04-25 06:30:24', 'Voided.\n', 14, '2024-04-25', 0),
(966, 18, 73, 1, '2024-04-25 06:39:01', '', 14, '2024-04-23', 0),
(967, 22, 66, 1, '2024-04-25 06:39:46', '', 14, '2024-04-23', NULL),
(968, 22, 66, 1, '2024-04-25 06:39:46', 'Voided.\n', 14, '2024-04-25', 0),
(969, 1, 124, 2, '2024-04-25 07:22:20', '', 14, '2024-04-02', 0),
(970, 18, 74, 2, '2024-04-25 07:49:24', '', 14, '2024-01-01', 0),
(971, 25, 73, 2, '2024-04-25 07:49:39', '', 14, '2024-01-01', 0),
(972, 20, 69, 2, '2024-04-25 07:50:10', '', 14, '2024-01-01', 0),
(973, 22, 67, 2, '2024-04-25 07:50:51', '', 14, '2024-01-01', 0),
(974, 18, 75, 2, '2024-04-26 06:45:01', '', 14, '2023-12-19', 0),
(975, 22, 68, 2, '2024-04-26 06:46:03', '', 14, '2023-12-19', 0),
(976, 18, 76, 2, '2024-04-26 06:48:07', '', 14, '2024-01-08', 0),
(977, 18, 77, 2, '2024-04-26 06:48:46', '', 14, '2024-01-23', 0),
(978, 18, 78, 2, '2024-04-26 06:49:19', '', 14, '2024-01-24', 0),
(979, 18, 79, 2, '2024-04-26 06:49:49', '', 14, '2024-01-26', 0),
(980, 18, 80, 2, '2024-04-26 06:50:26', '', 14, '2024-01-27', 0),
(981, 18, 81, 2, '2024-04-26 06:50:53', '', 14, '2024-02-06', 0),
(982, 22, 69, 2, '2024-04-26 06:53:53', '', 14, '2024-01-08', 0),
(983, 22, 70, 2, '2024-04-26 06:54:24', '', 14, '2024-01-23', 0),
(984, 22, 71, 2, '2024-04-26 06:54:44', '', 14, '2024-01-24', 0),
(985, 22, 72, 2, '2024-04-26 06:55:04', '', 14, '2024-01-26', 0),
(986, 22, 73, 2, '2024-04-26 06:55:25', '', 14, '2024-01-27', 0),
(987, 22, 74, 2, '2024-04-26 06:55:48', '', 14, '2024-02-06', 0),
(988, 18, 82, 2, '2024-04-26 07:06:51', '', 14, '2023-12-23', 0),
(989, 25, 74, 2, '2024-04-26 07:07:15', '', 14, '2024-03-04', 0),
(990, 20, 70, 2, '2024-04-26 07:08:04', '', 14, '2024-03-04', 0),
(991, 22, 75, 2, '2024-04-26 07:09:48', '', 14, '2023-12-23', 0),
(992, 22, 76, 2, '2024-04-26 07:11:31', '', 14, '2024-01-01', 0),
(993, 22, 77, 2, '2024-04-26 07:12:33', '', 14, '2024-01-11', 0),
(994, 22, 78, 2, '2024-04-26 07:13:28', '', 14, '2024-01-14', 0),
(995, 22, 79, 2, '2024-04-26 07:14:11', '', 14, '2024-01-17', 0),
(996, 22, 80, 2, '2024-04-26 07:14:51', '', 14, '2024-01-18', 0),
(997, 22, 81, 2, '2024-04-26 07:15:39', '', 14, '2024-01-23', 0),
(998, 22, 82, 2, '2024-04-26 07:16:24', '', 14, '2024-01-23', 0),
(999, 22, 83, 2, '2024-04-26 07:17:04', '', 14, '2024-01-24', 0),
(1000, 22, 84, 2, '2024-04-26 07:17:58', '', 14, '2024-03-04', 0),
(1001, 22, 85, 2, '2024-04-26 07:24:01', '', 14, '2024-01-03', 0),
(1002, 22, 86, 2, '2024-04-26 07:25:49', '', 14, '2024-01-11', 0),
(1003, 22, 87, 2, '2024-04-26 07:27:31', '', 14, '2024-04-26', 0),
(1004, 22, 88, 2, '2024-04-26 07:29:10', '', 14, '2024-01-25', 0),
(1005, 22, 89, 2, '2024-04-26 07:32:21', '', 14, '2024-01-27', 0),
(1006, 22, 90, 2, '2024-04-26 07:36:51', '', 14, '2024-02-26', 0),
(1007, 22, 91, 2, '2024-04-26 07:37:25', '', 14, '2024-02-26', 0),
(1008, 22, 92, 2, '2024-04-26 07:41:02', '', 14, '2024-03-17', 0),
(1009, 22, 93, 2, '2024-04-26 07:43:19', '', 14, '2024-04-03', 0),
(1010, 22, 94, 2, '2024-04-26 07:44:27', '', 14, '2024-04-19', 0),
(1011, 22, 95, 2, '2024-04-26 14:58:01', '', 14, '2024-03-11', 0),
(1012, 22, 96, 2, '2024-04-26 15:01:35', '', 14, '2024-04-18', 0),
(1013, 22, 97, 2, '2024-04-26 15:02:42', '', 14, '2024-04-19', 0),
(1014, 22, 98, 2, '2024-04-26 15:05:53', '', 14, '2024-02-29', 0),
(1015, 22, 99, 2, '2024-04-26 15:07:59', '', 14, '2024-02-28', 0),
(1016, 18, 83, 2, '2024-04-26 15:15:44', '', 14, '2024-02-28', 0),
(1017, 25, 75, 2, '2024-04-26 15:16:00', '', 14, '2024-02-28', 0),
(1018, 20, 71, 2, '2024-04-26 15:16:30', '', 14, '2024-04-26', 0),
(1019, 22, 100, 2, '2024-04-26 15:20:23', '', 14, '2024-03-05', 0),
(1020, 22, 101, 2, '2024-04-26 15:22:17', '', 14, '2024-04-02', 0),
(1021, 18, 84, 2, '2024-04-26 15:39:46', '', 14, '2024-03-23', 0),
(1022, 25, 76, 2, '2024-04-26 15:40:05', '', 14, '2024-03-23', 0),
(1023, 20, 72, 2, '2024-04-26 15:40:38', '', 14, '2024-04-26', 0),
(1024, 30, 1, 1, '2024-04-29 04:19:09', '', 14, '2024-04-29', 0),
(1025, 13, 2, 1, '2024-04-29 04:19:09', '', 14, '2024-04-29', 0),
(1026, 10, 2, 1, '2024-04-29 04:19:09', '', 14, '2024-04-29', 0),
(1027, 12, 3, 1, '2024-04-29 04:19:09', '', 14, '2024-04-29', 0),
(1028, 12, 4, 1, '2024-04-29 04:19:30', '', 14, '2024-04-29', 0),
(1029, 18, 85, 1, '2024-04-29 06:00:46', '', 14, '2024-04-29', 0),
(1030, 18, 86, 1, '2024-04-29 06:01:03', '', 14, '2024-04-29', 0),
(1031, 18, 87, 1, '2024-04-30 04:14:28', '', 14, '2024-04-30', 0),
(1032, 25, 77, 1, '2024-04-30 04:14:51', '', 14, '2024-04-30', 0),
(1033, 20, 73, 1, '2024-04-30 04:15:32', '', 14, '2024-04-30', 0),
(1034, 22, 102, 1, '2024-04-30 04:15:59', '', 14, '2024-04-30', 0),
(1035, 18, 88, 1, '2024-04-30 04:20:09', '', 14, '2024-04-30', 0),
(1036, 25, 78, 1, '2024-04-30 04:20:31', '', 14, '2024-04-30', 0),
(1037, 20, 74, 1, '2024-04-30 04:22:36', '', 14, '2024-04-30', 0),
(1038, 22, 103, 1, '2024-04-30 04:24:26', '', 14, '2024-04-30', 0),
(1039, 18, 89, 1, '2024-04-30 06:58:41', '', 14, '2024-04-30', 0),
(1040, 25, 79, 1, '2024-04-30 06:59:01', '', 14, '2024-04-30', 0),
(1041, 20, 75, 1, '2024-04-30 07:02:38', '', 14, '2024-04-30', 0),
(1042, 1, 125, 1, '2024-04-30 12:31:25', '', 14, '2024-04-30', NULL),
(1043, 1, 125, 1, '2024-04-30 12:31:25', '', 14, '2024-04-30', 0),
(1044, 18, 90, 1, '2024-04-30 12:47:02', '', 14, '2024-04-30', 0),
(1045, 18, 91, 1, '2024-04-30 12:48:19', '', 14, '2024-04-30', 0),
(1046, 22, 104, 1, '2024-04-30 12:49:34', '', 14, '2024-04-30', NULL),
(1047, 22, 104, 1, '2024-04-30 12:49:34', 'Voided.\n', 14, '2024-04-30', 0),
(1048, 22, 105, 1, '2024-04-30 12:49:47', '', 14, '2024-04-30', 0);
INSERT INTO `erp_replica_audit_trail` (`id`, `type`, `trans_no`, `user`, `stamp`, `description`, `fiscal_year`, `gl_date`, `gl_seq`) VALUES
(1049, 25, 80, 1, '2024-04-30 12:51:46', '', 14, '2024-04-30', 0),
(1050, 1, 126, 1, '2024-04-30 12:53:56', '', 14, '2024-04-30', NULL),
(1051, 1, 126, 1, '2024-04-30 12:53:56', '', 14, '2024-04-30', 0),
(1052, 18, 92, 1, '2024-04-30 19:38:25', '', 14, '2024-05-01', 0),
(1053, 25, 81, 1, '2024-04-30 19:39:10', '', 14, '2024-05-01', 0),
(1054, 20, 76, 1, '2024-04-30 19:39:45', '', 14, '2024-05-01', 0),
(1055, 18, 93, 1, '2024-05-01 09:55:25', '', 14, '2024-05-01', 0),
(1056, 25, 82, 1, '2024-05-01 09:57:05', '', 14, '2024-05-01', 0),
(1057, 20, 77, 1, '2024-05-01 09:58:07', '', 14, '2024-05-01', 0),
(1058, 22, 106, 1, '2024-05-01 10:05:20', '', 14, '2024-05-01', 0),
(1059, 18, 94, 1, '2024-05-01 10:49:50', '', 14, '2024-05-01', 0),
(1060, 25, 83, 1, '2024-05-01 10:50:35', '', 14, '2024-05-01', 0),
(1061, 20, 78, 1, '2024-05-01 10:51:03', '', 14, '2024-05-01', 0),
(1062, 22, 107, 1, '2024-05-01 10:53:23', '', 14, '2024-05-01', 0),
(1063, 22, 108, 1, '2024-05-01 11:14:53', '', 14, '2024-05-01', 0),
(1064, 18, 95, 1, '2024-05-01 14:26:19', '', 14, '2024-05-01', 0),
(1065, 25, 84, 1, '2024-05-01 14:26:43', '', 14, '2024-05-01', 0),
(1066, 20, 79, 1, '2024-05-01 14:27:29', '', 14, '2024-05-01', 0),
(1067, 22, 109, 1, '2024-05-01 14:27:59', '', 14, '2024-05-01', 0),
(1068, 18, 96, 1, '2024-05-02 12:52:40', '', 14, '2024-05-02', 0),
(1069, 25, 85, 1, '2024-05-02 12:52:55', '', 14, '2024-05-02', 0),
(1070, 20, 80, 1, '2024-05-02 12:53:27', '', 14, '2024-05-02', 0),
(1071, 18, 97, 1, '2024-05-03 06:43:49', '', 14, '2024-05-03', 0),
(1072, 25, 86, 1, '2024-05-03 06:44:03', '', 14, '2024-05-03', 0),
(1073, 20, 81, 1, '2024-05-03 06:45:30', '', 14, '2024-05-03', 0),
(1074, 22, 110, 1, '2024-05-03 07:46:14', '', 14, '2024-05-03', 0),
(1075, 18, 98, 1, '2024-05-03 10:00:03', '', 14, '2024-05-03', 0),
(1076, 25, 87, 1, '2024-05-03 10:00:32', '', 14, '2024-05-03', 0),
(1077, 18, 99, 1, '2024-05-03 10:31:42', '', 14, '2024-05-03', 0),
(1078, 18, 100, 1, '2024-05-03 10:38:26', '', 14, '2024-05-03', 0),
(1079, 25, 88, 1, '2024-05-03 10:38:56', '', 14, '2024-05-03', 0),
(1080, 18, 101, 1, '2024-05-03 10:49:43', '', 14, '2024-05-03', 0),
(1081, 25, 89, 1, '2024-05-03 10:50:02', '', 14, '2024-05-03', 0),
(1082, 20, 82, 1, '2024-05-03 10:50:25', '', 14, '2024-05-03', 0),
(1083, 22, 111, 1, '2024-05-03 10:54:42', '', 14, '2024-05-03', 0),
(1084, 18, 102, 1, '2024-05-03 11:44:09', '', 14, '2024-05-03', 0),
(1085, 25, 90, 1, '2024-05-03 11:46:58', '', 14, '2024-05-03', 0),
(1086, 20, 83, 1, '2024-05-03 11:52:02', '', 14, '2024-05-03', 0),
(1087, 18, 103, 1, '2024-05-03 12:03:55', '', 14, '2024-05-03', 0),
(1088, 25, 91, 1, '2024-05-03 12:04:05', '', 14, '2024-05-03', 0),
(1089, 20, 84, 1, '2024-05-03 12:04:20', '', 14, '2024-05-03', 0),
(1090, 18, 104, 1, '2024-05-03 12:12:06', '', 14, '2024-05-03', 0),
(1091, 25, 92, 1, '2024-05-03 12:12:13', '', 14, '2024-05-03', 0),
(1092, 20, 85, 1, '2024-05-03 12:15:08', '', 14, '2024-05-03', 0),
(1093, 18, 105, 1, '2024-05-03 12:34:03', '', 14, '2024-05-03', 0),
(1094, 25, 93, 1, '2024-05-03 12:34:08', '', 14, '2024-05-03', 0),
(1095, 20, 86, 1, '2024-05-03 12:35:52', '', 14, '2024-05-03', 0),
(1096, 18, 106, 1, '2024-05-04 10:24:10', '', 14, '2024-05-04', 0),
(1097, 18, 107, 1, '2024-05-05 10:35:14', '', 14, '2024-05-05', 0),
(1098, 25, 94, 1, '2024-05-05 10:36:56', '', 14, '2024-05-05', 0),
(1099, 20, 87, 1, '2024-05-05 10:50:45', '', 14, '2024-05-05', 0),
(1100, 12, 5, 1, '2024-05-05 11:14:57', '', 14, '2024-05-05', 0),
(1101, 18, 108, 1, '2024-05-05 16:41:17', '', 14, '2024-05-05', 0),
(1102, 2, 110, 1, '2024-05-05 16:42:50', '', 14, '2024-05-05', NULL),
(1103, 2, 110, 1, '2024-05-05 16:42:50', '', 14, '2024-05-05', 0),
(1104, 22, 112, 1, '2024-05-05 16:43:15', '', 14, '2024-05-05', 0),
(1105, 1, 127, 1, '2024-05-06 06:00:47', '', 14, '2024-05-06', NULL),
(1106, 1, 127, 1, '2024-05-06 06:00:47', '', 14, '2024-05-06', 0),
(1107, 1, 128, 1, '2024-05-06 07:04:24', '', 14, '2024-05-06', 0),
(1108, 1, 129, 1, '2024-05-06 07:05:28', '', 14, '2024-05-06', 0),
(1109, 1, 130, 1, '2024-05-06 07:28:00', '', 14, '2024-05-06', NULL),
(1110, 1, 130, 1, '2024-05-06 07:28:00', '', 14, '2024-05-06', 0),
(1111, 18, 109, 1, '2024-05-06 08:22:42', '', 14, '2024-05-06', 0),
(1112, 25, 95, 1, '2024-05-06 08:22:53', '', 14, '2024-05-06', 0),
(1113, 20, 88, 1, '2024-05-06 08:23:26', '', 14, '2024-05-06', 0),
(1114, 22, 113, 1, '2024-05-06 08:24:21', '', 14, '2024-05-06', 0),
(1115, 1, 131, 1, '2024-05-06 08:29:05', '', 14, '2024-05-06', NULL),
(1116, 1, 131, 1, '2024-05-06 08:29:05', '', 14, '2024-05-06', 0),
(1117, 22, 114, 1, '2024-05-06 20:07:01', '', 14, '2024-05-07', 0),
(1118, 1, 132, 1, '2024-05-06 20:33:06', '', 14, '2024-05-07', 0),
(1119, 2, 111, 1, '2024-05-06 20:34:25', '', 14, '2024-05-07', NULL),
(1120, 2, 111, 1, '2024-05-06 20:34:25', '', 14, '2024-05-07', 0),
(1121, 22, 115, 1, '2024-05-06 21:02:17', '', 14, '2024-05-07', 0),
(1122, 22, 116, 1, '2024-05-06 21:03:37', '', 14, '2024-05-07', 0),
(1123, 18, 110, 1, '2024-05-07 10:33:22', '', 14, '2024-05-07', 0);

-- --------------------------------------------------------

--
-- Table structure for table `erp_replica_bank_accounts`
--

CREATE TABLE `erp_replica_bank_accounts` (
  `account_code` varchar(15) COLLATE utf8_unicode_ci NOT NULL DEFAULT '',
  `account_type` smallint(6) NOT NULL DEFAULT '0',
  `bank_account_name` varchar(60) COLLATE utf8_unicode_ci NOT NULL DEFAULT '',
  `bank_account_number` varchar(100) COLLATE utf8_unicode_ci NOT NULL DEFAULT '',
  `bank_name` varchar(60) COLLATE utf8_unicode_ci NOT NULL DEFAULT '',
  `bank_address` tinytext COLLATE utf8_unicode_ci,
  `bank_curr_code` char(3) COLLATE utf8_unicode_ci NOT NULL DEFAULT '',
  `dflt_curr_act` tinyint(1) NOT NULL DEFAULT '0',
  `id` smallint(6) NOT NULL,
  `bank_charge_act` varchar(15) COLLATE utf8_unicode_ci NOT NULL DEFAULT '',
  `last_reconciled_date` timestamp NOT NULL DEFAULT '0000-00-00 00:00:00',
  `ending_reconcile_balance` double NOT NULL DEFAULT '0',
  `inactive` tinyint(1) NOT NULL DEFAULT '0'
) ENGINE=InnoDB DEFAULT CHARSET=utf8 COLLATE=utf8_unicode_ci;

--
-- Dumping data for table `erp_replica_bank_accounts`
--

INSERT INTO `erp_replica_bank_accounts` (`account_code`, `account_type`, `bank_account_name`, `bank_account_number`, `bank_name`, `bank_address`, `bank_curr_code`, `dflt_curr_act`, `id`, `bank_charge_act`, `last_reconciled_date`, `ending_reconcile_balance`, `inactive`) VALUES
('1061', 1, 'Meezan Bank', '99320103312390', 'Meezan Bank', '', 'PKR', 0, 5, '5690', '0000-00-00 00:00:00', 0, 0),
('1063', 1, 'Bank Al Habib', '50260081000285010', 'Bank Al Habib', 'Branch\n5026-ISLAMIC JOURNALISTSOCIETY', 'PKR', 0, 6, '5690', '0000-00-00 00:00:00', 0, 0),
('1062', 1, 'Askari Bank', '1920420000403', 'Askari Bank', '', 'PKR', 0, 7, '5690', '0000-00-00 00:00:00', 0, 0),
('1065', 3, 'Petty Cash B-86', '', '', 'Petty Cash account name change on 30-11-23', 'PKR', 0, 8, '5690', '0000-00-00 00:00:00', 0, 0),
('1066', 3, 'Petty Cash A1-10', '', '', '', 'PKR', 0, 9, '5690', '0000-00-00 00:00:00', 0, 0),
('1067', 3, 'Petty Cash D-196', '', '', '', 'PKR', 1, 10, '5690', '0000-00-00 00:00:00', 0, 0);

-- --------------------------------------------------------

--
-- Table structure for table `erp_replica_bank_trans`
--

CREATE TABLE `erp_replica_bank_trans` (
  `id` int(11) NOT NULL,
  `type` smallint(6) DEFAULT NULL,
  `trans_no` int(11) DEFAULT NULL,
  `bank_act` varchar(15) COLLATE utf8_unicode_ci NOT NULL DEFAULT '',
  `ref` varchar(40) COLLATE utf8_unicode_ci DEFAULT NULL,
  `trans_date` date NOT NULL DEFAULT '0000-00-00',
  `amount` double DEFAULT NULL,
  `dimension_id` int(11) NOT NULL DEFAULT '0',
  `dimension2_id` int(11) NOT NULL DEFAULT '0',
  `person_type_id` int(11) NOT NULL DEFAULT '0',
  `person_id` tinyblob,
  `reconciled` date DEFAULT NULL
) ENGINE=InnoDB DEFAULT CHARSET=utf8 COLLATE=utf8_unicode_ci;

--
-- Dumping data for table `erp_replica_bank_trans`
--

INSERT INTO `erp_replica_bank_trans` (`id`, `type`, `trans_no`, `bank_act`, `ref`, `trans_date`, `amount`, `dimension_id`, `dimension2_id`, `person_type_id`, `person_id`, `reconciled`) VALUES
(101, 2, 1, '6', '001/2022	', '2022-05-02', 0, 0, 0, 0, '', NULL),
(102, 2, 2, '8', '001/2022	', '2022-05-02', 0, 0, 0, 2, 0x33, NULL),
(104, 2, 3, '8', '001/2022	', '2022-05-02', 350000, 0, 0, 2, 0x33, NULL),
(105, 22, 2, '8', '002/2022	', '2022-05-28', -100000, 0, 0, 3, 0x3130, NULL),
(106, 2, 4, '8', '002/2022	', '2022-06-10', 50000, 0, 0, 2, 0x33, NULL),
(107, 2, 5, '8', '003/2022	', '2022-06-13', 1000000, 0, 0, 2, 0x33, NULL),
(108, 2, 6, '8', '004/2022	', '2022-06-18', 1600000, 0, 0, 2, 0x33, NULL),
(109, 2, 7, '8', '005/2022	', '2022-10-15', 200000, 0, 0, 2, 0x33, NULL),
(110, 2, 8, '8', '006/2022	', '2022-10-15', 100000, 0, 0, 2, 0x33, NULL),
(111, 1, 1, '8', '001/2022	', '2022-10-25', -125000, 0, 0, 2, 0x33, NULL),
(112, 2, 9, '8', '007/2022	', '2022-10-25', 75000, 0, 0, 2, 0x33, NULL),
(113, 2, 10, '8', '008/2022	', '2022-10-25', 125000, 0, 0, 2, 0x33, NULL),
(114, 2, 11, '8', '009/2022	', '2022-11-12', 700000, 0, 0, 2, 0x33, NULL),
(115, 2, 12, '8', '010/2022	', '2022-11-20', 300000, 0, 0, 2, 0x33, NULL),
(116, 2, 13, '8', '011/2022	', '2022-11-25', 50000, 0, 0, 2, 0x33, NULL),
(117, 2, 14, '8', '012/2022	', '2022-11-25', 100000, 0, 0, 2, 0x33, NULL),
(118, 2, 15, '8', '013/2022	', '2022-12-15', 350000, 0, 0, 2, 0x33, NULL),
(119, 2, 16, '8', '014/2022	', '2022-12-24', 400000, 0, 0, 2, 0x33, NULL),
(120, 2, 17, '8', '001/2023	', '2023-01-10', 400000, 0, 0, 2, 0x33, NULL),
(121, 2, 18, '8', '002/2023	', '2023-01-12', 400000, 0, 0, 2, 0x33, NULL),
(122, 2, 19, '8', '003/2023	', '2023-01-13', 200000, 0, 0, 2, 0x33, NULL),
(123, 2, 20, '8', '004/2023	', '2023-01-26', 87000, 0, 0, 2, 0x33, NULL),
(124, 2, 21, '8', '005/2023	', '2023-01-30', 500000, 0, 0, 2, 0x33, NULL),
(125, 2, 22, '8', '006/2023	', '2023-02-02', 1000000, 0, 0, 2, 0x33, NULL),
(126, 2, 23, '8', '007/2023	', '2023-02-03', 750000, 0, 0, 2, 0x33, NULL),
(127, 2, 24, '8', '008/2023	', '2023-03-21', 400000, 0, 0, 2, 0x33, NULL),
(128, 2, 25, '8', '009/2023	', '2023-03-29', 500000, 0, 0, 2, 0x33, NULL),
(129, 2, 26, '8', '010/2023	', '2023-04-05', 650000, 0, 0, 2, 0x33, NULL),
(130, 2, 27, '8', '011/2023	', '2023-04-06', 400000, 0, 0, 2, 0x33, NULL),
(131, 2, 28, '8', '012/2023	', '2023-04-18', 100000, 0, 0, 2, 0x33, NULL),
(132, 2, 29, '8', '013/2023	', '2023-04-25', 200000, 0, 0, 2, 0x33, NULL),
(133, 2, 30, '8', '014/2023	', '2023-04-29', 450000, 0, 0, 2, 0x33, NULL),
(134, 2, 31, '8', '015/2023	', '2023-05-06', 100000, 0, 0, 2, 0x33, NULL),
(135, 2, 32, '8', '016/2023	', '2023-05-08', 500000, 0, 0, 2, 0x33, NULL),
(136, 2, 33, '8', '017/2023	', '2023-05-17', 100000, 0, 0, 2, 0x33, NULL),
(137, 2, 34, '8', '018/2023	', '2023-05-24', 800000, 0, 0, 2, 0x33, NULL),
(138, 2, 35, '8', '019/2023	', '2023-05-30', 200000, 0, 0, 2, 0x33, NULL),
(139, 2, 36, '8', '020/2023	', '2023-06-25', 900000, 0, 0, 2, 0x33, NULL),
(140, 2, 37, '8', '021/2023	', '2023-07-04', 100000, 0, 0, 2, 0x33, NULL),
(141, 2, 38, '8', '022/2023	', '2023-07-04', 250000, 0, 0, 2, 0x33, NULL),
(142, 2, 39, '8', '023/2023	', '2023-07-12', 68000, 0, 0, 2, 0x33, NULL),
(143, 2, 40, '8', '024/2023	', '2023-07-20', 50000, 0, 0, 2, 0x33, NULL),
(144, 2, 41, '8', '025/2023	', '2023-07-21', 100000, 0, 0, 2, 0x33, NULL),
(145, 2, 42, '8', '026/2023	', '2023-07-22', 250000, 0, 0, 2, 0x33, NULL),
(146, 2, 43, '8', '027/2023	', '2023-07-25', 100000, 0, 0, 2, 0x33, NULL),
(147, 2, 44, '8', '028/2023	', '2023-07-26', 800000, 0, 0, 2, 0x33, NULL),
(148, 2, 45, '8', '029/2023	', '2023-07-31', 150000, 0, 0, 2, 0x33, NULL),
(149, 2, 46, '8', '030/2023	', '2023-07-31', 100000, 0, 0, 2, 0x33, NULL),
(150, 2, 47, '8', '031/2023	', '2023-08-03', 125000, 0, 0, 2, 0x33, NULL),
(151, 2, 48, '8', '032/2023	', '2023-08-03', 57145, 0, 0, 2, 0x33, NULL),
(152, 2, 49, '8', '033/2023	', '2023-08-07', 350000, 0, 0, 2, 0x33, NULL),
(153, 2, 50, '8', '034/2023	', '2023-08-08', 500000, 0, 0, 2, 0x33, NULL),
(154, 2, 51, '8', '035/2023	', '2023-08-12', 1700000, 0, 0, 2, 0x33, NULL),
(155, 2, 52, '8', '036/2023	', '2023-08-16', 100000, 0, 0, 2, 0x33, NULL),
(156, 2, 53, '8', '037/2023	', '2023-08-24', 200000, 0, 0, 2, 0x33, NULL),
(157, 2, 54, '8', '038/2023	', '2023-08-31', 1900000, 0, 0, 2, 0x33, NULL),
(158, 2, 55, '8', '039/2023	', '2023-09-01', 1900000, 0, 0, 2, 0x33, NULL),
(159, 2, 56, '8', '040/2023	', '2023-09-05', 75000, 0, 0, 2, 0x33, NULL),
(160, 2, 57, '8', '041/2023	', '2023-09-05', 64000, 0, 0, 2, 0x33, NULL),
(161, 2, 58, '8', '042/2023	', '2023-09-14', 250000, 0, 0, 2, 0x33, NULL),
(162, 2, 59, '8', '043/2023	', '2023-09-21', 50000, 0, 0, 2, 0x33, NULL),
(163, 2, 60, '8', '044/2023	', '2023-09-21', 96353, 0, 0, 2, 0x33, NULL),
(164, 2, 61, '8', '045/2023	', '2023-09-22', 38420, 0, 0, 2, 0x33, NULL),
(165, 2, 62, '8', '046/2023	', '2023-10-05', 90000, 0, 0, 2, 0x33, NULL),
(166, 2, 63, '8', '047/2023	', '2023-10-07', 400000, 0, 0, 2, 0x33, NULL),
(167, 2, 64, '8', '048/2023	', '2023-10-10', 500000, 0, 0, 2, 0x33, NULL),
(168, 2, 65, '8', '049/2023	', '2023-10-14', 1200000, 0, 0, 2, 0x33, NULL),
(169, 2, 66, '8', '050/2023	', '2023-10-15', 300000, 0, 0, 2, 0x33, NULL),
(170, 2, 67, '8', '051/2023	', '2023-10-28', 500000, 0, 0, 2, 0x33, NULL),
(171, 2, 68, '8', '052/2023	', '2023-11-01', 550000, 0, 0, 2, 0x33, NULL),
(172, 2, 69, '8', '053/2023	', '2023-11-04', 200000, 0, 0, 2, 0x33, NULL),
(173, 2, 70, '8', '054/2023	', '2023-11-14', 350000, 0, 0, 2, 0x33, NULL),
(175, 1, 2, '8', '002/2022	', '2022-06-13', -1000000, 0, 0, 3, 0x3130, NULL),
(176, 1, 3, '8', '003/2022	', '2022-06-18', -500000, 0, 0, 3, 0x3130, NULL),
(177, 1, 4, '8', '004/2022	', '2022-06-14', -100, 0, 0, 0, '', NULL),
(178, 1, 5, '8', '005/2022	', '2022-06-18', -486920, 0, 0, 3, 0x3130, NULL),
(179, 1, 6, '8', '006/2022	', '2022-09-21', -2000, 0, 0, 0, '', NULL),
(180, 1, 7, '8', '007/2022	', '2022-09-21', -100, 0, 0, 0, '', NULL),
(181, 1, 8, '8', '008/2022	', '2022-09-24', -1300, 0, 0, 0, '', NULL),
(182, 1, 9, '8', '009/2022	', '2022-09-25', -16000, 0, 0, 0, '', NULL),
(183, 1, 10, '8', '010/2022	', '2022-09-26', -250, 0, 0, 0, '', NULL),
(184, 1, 11, '8', '011/2022	', '2022-09-26', -2000, 0, 0, 0, '', NULL),
(185, 1, 12, '8', '012/2022	', '2022-09-26', -1500, 0, 0, 0, '', NULL),
(186, 1, 13, '8', '013/2022	', '2022-09-26', -3200, 0, 0, 0, '', NULL),
(187, 22, 3, '8', '001/2023	', '2022-09-23', -8450, 0, 0, 3, 0x3330, NULL),
(188, 1, 14, '8', '014/2022	', '2022-09-27', -3000, 0, 0, 0, '', NULL),
(189, 1, 15, '8', '015/2022	', '2022-09-28', -1220, 0, 0, 0, '', NULL),
(190, 22, 4, '8', '003/2022	', '2022-09-29', -3000, 0, 0, 3, 0x3531, NULL),
(191, 1, 16, '8', '016/2022	', '2022-09-29', -15000, 0, 0, 0, '', NULL),
(192, 22, 5, '8', '002/2023	', '2022-09-29', -8450, 0, 0, 3, 0x3330, NULL),
(193, 1, 17, '8', '017/2022	', '2022-09-30', -16920, 0, 0, 0, '', NULL),
(194, 1, 18, '8', '001/2023	', '2022-10-01', -100, 0, 0, 0, '', NULL),
(195, 1, 19, '8', '018/2022	', '2022-10-06', -10300, 0, 0, 0, '', NULL),
(196, 1, 20, '8', '019/2022	', '2022-10-08', -15140, 0, 0, 0, '', NULL),
(197, 22, 6, '8', '003/2023	', '2022-10-08', -8000, 0, 0, 3, 0x3531, NULL),
(198, 1, 21, '8', '002/2023	', '2022-10-10', -17560, 0, 0, 0, '', NULL),
(199, 1, 22, '8', '020/2022	', '2022-10-11', -2610, 0, 0, 0, '', NULL),
(200, 1, 23, '8', '021/2022	', '2022-10-12', -420, 0, 0, 0, '', NULL),
(201, 1, 24, '8', '022/2022	', '2022-10-13', -20500, 0, 0, 0, '', NULL),
(202, 1, 25, '8', '023/2022	', '2022-10-14', -16380, 0, 0, 0, '', NULL),
(203, 1, 26, '8', '024/2022	', '2022-10-15', -330, 0, 0, 0, '', NULL),
(204, 1, 27, '8', '025/2022	', '2022-10-16', -7970, 0, 0, 0, '', NULL),
(205, 1, 28, '8', '026/2022	', '2022-10-17', -16650, 0, 0, 0, '', NULL),
(206, 1, 29, '8', '027/2022	', '2022-10-18', -5220, 0, 0, 0, '', NULL),
(207, 1, 30, '8', '028/2022	', '2022-10-19', -150, 0, 0, 0, '', NULL),
(208, 1, 31, '8', '029/2022	', '2022-10-20', -33350, 0, 0, 0, '', NULL),
(209, 1, 32, '8', '030/2022	', '2022-10-21', -150, 0, 0, 0, '', NULL),
(210, 1, 33, '8', '031/2022	', '2022-10-22', -7120, 0, 0, 0, '', NULL),
(211, 1, 34, '8', '032/2022	', '2022-10-23', -2120, 0, 0, 0, '', NULL),
(212, 1, 35, '8', '033/2022	', '2022-10-24', -6150, 0, 0, 0, '', NULL),
(213, 1, 36, '8', '034/2022	', '2022-10-25', -2625, 0, 0, 0, '', NULL),
(214, 1, 37, '8', '003/2023	', '2022-10-26', -600, 0, 0, 0, '', NULL),
(215, 1, 38, '8', '035/2022	', '2022-10-27', -32800, 0, 0, 0, '', NULL),
(216, 22, 7, '8', '004/2023	', '2022-10-28', -12000, 0, 0, 3, 0x3531, NULL),
(217, 1, 39, '8', '036/2022	', '2022-10-29', -330, 0, 0, 0, '', NULL),
(218, 1, 40, '8', '037/2022	', '2022-10-30', -10000, 0, 0, 3, 0x3531, NULL),
(219, 1, 41, '8', '038/2022	', '2022-10-30', -400, 0, 0, 0, '', NULL),
(220, 1, 42, '8', '039/2022	', '2022-10-31', -33500, 0, 0, 0, '', NULL),
(221, 1, 43, '8', '040/2022	', '2022-11-01', -100, 0, 0, 0, '', NULL),
(222, 1, 44, '8', '041/2022	', '2022-11-02', -240, 0, 0, 0, '', NULL),
(223, 1, 45, '8', '042/2022	', '2022-11-02', -100, 0, 0, 0, '', NULL),
(224, 1, 46, '8', '043/2022	', '2022-11-03', -25280, 0, 0, 0, '', NULL),
(225, 1, 47, '8', '044/2022	', '2022-11-05', -14100, 0, 0, 0, '', NULL),
(226, 1, 48, '8', '045/2022	', '2022-11-07', -31200, 0, 0, 0, '', NULL),
(227, 22, 8, '8', '004/2022	', '2022-11-07', -50000, 0, 0, 3, 0x3534, NULL),
(228, 1, 49, '8', '046/2022	', '2022-11-08', -500, 0, 0, 0, '', NULL),
(229, 1, 50, '8', '047/2022	', '2022-11-09', -50, 0, 0, 0, '', NULL),
(230, 1, 51, '8', '048/2022	', '2022-11-10', -10550, 0, 0, 0, '', NULL),
(231, 1, 52, '8', '004/2023	', '2022-11-12', -2000, 0, 0, 0, '', NULL),
(232, 1, 53, '8', '049/2022	', '2022-11-14', -1000, 0, 0, 0, '', NULL),
(233, 22, 9, '8', '005/2023	', '2022-11-15', -50000, 0, 0, 3, 0x3534, NULL),
(234, 1, 54, '8', '050/2022	', '2022-11-15', -7100, 0, 0, 0, '', NULL),
(235, 1, 55, '8', '005/2023	', '2022-11-16', -3500, 0, 0, 0, '', NULL),
(236, 1, 56, '8', '051/2022	', '2022-11-17', -16400, 0, 0, 0, '', NULL),
(237, 1, 57, '8', '052/2022	', '2022-11-19', -5000, 0, 0, 0, '', NULL),
(238, 1, 58, '8', '053/2022	', '2022-11-20', -5320, 0, 0, 0, '', NULL),
(239, 1, 59, '8', '054/2022	', '2022-11-21', -1000, 0, 0, 0, '', NULL),
(240, 1, 60, '8', '055/2022	', '2022-11-22', -16040, 0, 0, 0, '', NULL),
(241, 1, 61, '8', '056/2022	', '2022-11-23', -3200, 0, 0, 0, '', NULL),
(242, 1, 62, '8', '057/2022	', '2022-11-24', -14800, 0, 0, 0, '', NULL),
(243, 1, 63, '8', '058/2022	', '2022-11-24', -10740, 0, 0, 0, '', NULL),
(244, 22, 10, '8', '006/2023	', '2022-11-25', -50000, 0, 0, 3, 0x3231, NULL),
(245, 22, 11, '8', '007/2023	', '2022-11-25', 0, 0, 0, 3, 0x3231, NULL),
(246, 1, 64, '8', '059/2022	', '2022-11-26', -4000, 0, 0, 0, '', NULL),
(247, 22, 12, '8', '007/2023	', '2022-11-27', -2000, 0, 0, 3, 0x3531, NULL),
(248, 1, 65, '8', '060/2022	', '2022-11-27', -6400, 0, 0, 0, '', NULL),
(249, 22, 13, '8', '008/2023	', '2022-11-29', -2000, 0, 0, 3, 0x3531, NULL),
(250, 1, 66, '8', '061/2022	', '2022-11-28', -10000, 0, 0, 0, '', NULL),
(251, 22, 14, '8', '009/2023	', '2022-11-29', -21500, 0, 0, 3, 0x3534, NULL),
(252, 1, 67, '8', '062/2022	', '2022-11-30', -3550, 0, 0, 0, '', NULL),
(253, 1, 68, '8', '063/2022	', '2022-12-01', -36940, 0, 0, 0, '', NULL),
(254, 1, 69, '8', '064/2022	', '2022-12-03', -22200, 0, 0, 0, '', NULL),
(255, 1, 70, '8', '065/2022	', '2022-12-04', -1500, 0, 0, 0, '', NULL),
(256, 22, 15, '8', '010/2023	', '2022-12-05', -100000, 0, 0, 3, 0x3231, NULL),
(257, 1, 71, '8', '066/2022	', '2022-12-05', -32300, 0, 0, 0, '', NULL),
(258, 2, 71, '9', '015/2022	', '2022-12-15', 600000, 0, 0, 2, 0x34, NULL),
(259, 2, 72, '9', '055/2023	', '2023-02-22', 200000, 0, 0, 2, 0x34, NULL),
(260, 2, 73, '9', '056/2023	', '2023-02-26', 40000, 0, 0, 2, 0x34, NULL),
(261, 2, 74, '9', '057/2023	', '2023-03-13', 600000, 0, 0, 2, 0x34, NULL),
(262, 2, 75, '9', '058/2023	', '2023-03-21', 700000, 0, 0, 2, 0x34, NULL),
(263, 2, 76, '9', '059/2023	', '2023-03-25', 500000, 0, 0, 2, 0x34, NULL),
(264, 2, 77, '9', '060/2023	', '2023-03-30', 350000, 0, 0, 2, 0x34, NULL),
(265, 2, 78, '9', '061/2023	', '2023-04-08', 200000, 0, 0, 2, 0x34, NULL),
(266, 2, 79, '9', '062/2023	', '2023-04-19', 150000, 0, 0, 2, 0x34, NULL),
(267, 2, 80, '9', '063/2023	', '2023-05-11', 300000, 0, 0, 2, 0x34, NULL),
(268, 2, 81, '9', '064/2023	', '2023-05-17', 150000, 0, 0, 2, 0x34, NULL),
(269, 2, 82, '9', '065/2023	', '2023-05-25', 100000, 0, 0, 2, 0x34, NULL),
(270, 2, 83, '9', '066/2023	', '2023-06-09', 200000, 0, 0, 2, 0x34, NULL),
(271, 2, 84, '9', '067/2023	', '2023-06-11', 200000, 0, 0, 2, 0x34, NULL),
(272, 22, 16, '9', '011/2023	', '2022-12-24', -5000, 0, 0, 3, 0x3531, NULL),
(273, 1, 72, '9', '067/2022	', '2022-12-22', -35260, 0, 0, 0, '', NULL),
(274, 1, 73, '9', '006/2023	', '2023-01-14', -9000, 0, 0, 3, 0x3531, NULL),
(275, 1, 74, '9', '007/2023	', '2023-01-01', -37660, 0, 0, 2, 0x34, NULL),
(276, 1, 75, '9', '008/2023	', '2023-01-15', -66380, 0, 0, 2, 0x34, NULL),
(277, 22, 17, '8', '012/2023	', '2022-12-13', -250000, 0, 0, 3, 0x37, NULL),
(278, 22, 18, '8', '013/2023	', '2022-12-25', -7000, 0, 0, 3, 0x38, NULL),
(279, 22, 19, '8', '014/2023	', '2022-12-25', -7000, 0, 0, 3, 0x3531, NULL),
(280, 22, 20, '8', '015/2023	', '2022-12-27', -8000, 0, 0, 3, 0x3531, NULL),
(281, 22, 21, '8', '016/2023	', '2022-12-28', -7000, 0, 0, 3, 0x3531, NULL),
(282, 22, 22, '8', '017/2023	', '2022-12-29', -7000, 0, 0, 3, 0x3531, NULL),
(283, 1, 76, '8', '068/2022	', '2022-12-06', -132310, 0, 0, 0, '', NULL),
(284, 22, 23, '9', '018/2023	', '2023-02-10', -400000, 0, 0, 3, 0x37, NULL),
(285, 1, 77, '9', '009/2023	', '2023-03-07', -1000, 0, 0, 3, 0x3533, NULL),
(286, 1, 78, '9', '010/2023	', '2023-03-20', -5000, 0, 0, 3, 0x3531, NULL),
(287, 22, 24, '9', '019/2023	', '2023-03-21', -250000, 0, 0, 3, 0x37, NULL),
(288, 1, 79, '9', '011/2023	', '2023-02-26', -179630, 0, 0, 0, '', NULL),
(289, 22, 25, '9', '020/2023	', '2023-04-03', -3000, 0, 0, 3, 0x3531, NULL),
(290, 22, 26, '9', '021/2023	', '2023-04-05', -131000, 0, 0, 3, 0x3132, NULL),
(291, 22, 27, '9', '022/2023	', '2023-04-05', -3000, 0, 0, 3, 0x3531, NULL),
(292, 22, 28, '9', '023/2023	', '2023-06-30', -172560, 0, 0, 3, 0x3231, NULL),
(293, 22, 29, '9', '024/2023	', '2023-04-11', -10000, 0, 0, 3, 0x3531, NULL),
(294, 22, 30, '9', '025/2023	', '2023-04-14', -150000, 0, 0, 3, 0x3132, NULL),
(295, 22, 31, '9', '026/2023	', '2023-04-19', -500000, 0, 0, 3, 0x37, NULL),
(296, 22, 32, '9', '027/2023	', '2023-04-20', -500000, 0, 0, 3, 0x37, NULL),
(297, 22, 33, '9', '028/2023	', '2023-05-13', -100000, 0, 0, 3, 0x37, NULL),
(298, 22, 34, '9', '029/2023	', '2023-05-25', -10000, 0, 0, 3, 0x3433, NULL),
(299, 22, 35, '9', '030/2023	', '2023-05-27', -42530, 0, 0, 3, 0x3232, NULL),
(300, 22, 36, '9', '031/2023	', '2023-05-29', -16820, 0, 0, 3, 0x3231, NULL),
(301, 22, 37, '9', '032/2023	', '2023-05-16', -170095, 0, 0, 3, 0x3535, NULL),
(302, 22, 38, '9', '033/2023	', '2023-06-08', -205757, 0, 0, 3, 0x37, NULL),
(303, 22, 39, '9', '034/2023	', '2023-06-21', -2000, 0, 0, 3, 0x3531, NULL),
(304, 22, 40, '9', '035/2023	', '2023-06-24', -11120, 0, 0, 3, 0x3231, NULL),
(305, 22, 41, '9', '036/2023	', '2023-06-26', -20000, 0, 0, 3, 0x3433, NULL),
(306, 1, 80, '9', '012/2023	', '2023-04-03', -108440, 0, 0, 0, '', NULL),
(307, 1, 81, '9', '013/2023	', '2023-05-04', -51770, 0, 0, 0, '', NULL),
(308, 22, 42, '9', '037/2023	', '2023-06-19', -21000, 0, 0, 3, 0x3133, NULL),
(309, 1, 82, '9', '014/2023	', '2023-06-01', -172270, 0, 0, 0, '', NULL),
(310, 2, 85, '9', '068/2023	', '2023-08-10', 120000, 0, 0, 2, 0x34, NULL),
(311, 2, 86, '9', '069/2023	', '2023-09-21', 120000, 0, 0, 2, 0x34, NULL),
(312, 2, 87, '9', '070/2023	', '2023-10-11', 120000, 0, 0, 2, 0x34, NULL),
(313, 2, 88, '9', '071/2023	', '2023-10-19', 100000, 0, 0, 2, 0x34, NULL),
(314, 2, 89, '9', '072/2023	', '2023-12-01', 200000, 0, 0, 2, 0x34, NULL),
(315, 2, 90, '9', '073/2023	', '2023-12-02', 100000, 0, 0, 2, 0x34, NULL),
(316, 2, 91, '9', '074/2023	', '2023-12-06', 80000, 0, 0, 2, 0x34, NULL),
(317, 22, 43, '9', '038/2023	', '2023-07-13', -12750, 0, 0, 3, 0x3132, NULL),
(318, 22, 44, '9', '039/2023	', '2023-08-13', -68491.5, 0, 0, 3, 0x37, NULL),
(319, 22, 45, '9', '040/2023	', '2023-08-22', -38250, 0, 0, 3, 0x3132, NULL),
(320, 22, 46, '9', '041/2023	', '2023-10-18', -5000, 0, 0, 3, 0x3533, NULL),
(321, 22, 47, '9', '042/2023	', '2023-10-24', -10000, 0, 0, 3, 0x3533, NULL),
(322, 22, 48, '9', '043/2023	', '2023-10-30', -7500, 0, 0, 3, 0x3533, NULL),
(323, 1, 83, '9', '015/2023	', '2023-07-13', -87390, 0, 0, 0, '', NULL),
(324, 22, 49, '9', '044/2023	', '2023-08-09', -90000, 0, 0, 3, 0x3135, NULL),
(325, 1, 84, '9', '016/2023	', '2023-10-11', -120000, 0, 0, 0, '', NULL),
(326, 22, 50, '9', '045/2023	', '2023-11-22', -9000, 0, 0, 3, 0x3537, NULL),
(327, 22, 51, '9', '046/2023	', '2023-11-22', -84000, 0, 0, 3, 0x3538, NULL),
(328, 22, 52, '9', '047/2023	', '2023-11-10', -77000, 0, 0, 3, 0x3336, NULL),
(329, 1, 85, '9', '017/2023	', '2023-12-04', -23200, 0, 0, 0, '', NULL),
(330, 1, 86, '9', '018/2023	', '2023-12-07', -1000, 0, 0, 0, '', NULL),
(331, 1, 87, '9', '019/2023	', '2023-06-23', 0, 0, 0, 0, '', NULL),
(332, 1, 88, '9', '019/2023	', '2023-06-23', 0, 0, 0, 0, '', NULL),
(333, 12, 1, '', '001/2024', '2024-03-11', 0, 0, 0, 2, 0x35, NULL),
(334, 2, 92, '9', '075/2023	', '2023-12-19', 0, 0, 0, 0, '', NULL),
(335, 2, 93, '9', '001/2024	', '2024-01-10', 0, 0, 0, 0, '', NULL),
(336, 1, 89, '9', '001/2024	', '2024-02-15', 0, 0, 0, 0, '', NULL),
(337, 2, 94, '9', '002/2024	', '2024-03-17', 0, 0, 0, 0, '', NULL),
(338, 2, 95, '9', '003/2024	', '2024-02-15', 0, 0, 0, 0, '', NULL),
(339, 2, 96, '9', '076/2023	', '2023-12-19', 20000, 0, 0, 0, '', NULL),
(340, 1, 90, '9', '001/2024	', '2024-01-10', 0, 0, 0, 0, '', NULL),
(341, 2, 97, '9', '001/2024	', '2024-02-15', 100000, 0, 0, 0, '', NULL),
(342, 2, 98, '9', '002/2024	', '2024-03-17', 100000, 0, 0, 0, '', NULL),
(343, 2, 99, '9', '003/2024	', '2024-01-10', 50000, 0, 0, 0, '', NULL),
(344, 1, 91, '9', '019/2023	', '2023-12-10', -1000, 0, 0, 0, '', NULL),
(345, 1, 92, '9', '020/2023	', '2023-12-11', -1000, 0, 0, 0, '', NULL),
(346, 1, 93, '9', '021/2023	', '2023-12-11', -600, 0, 0, 0, '', NULL),
(347, 1, 94, '5', '022/2023	', '2023-12-14', 0, 0, 0, 0, '', NULL),
(348, 1, 95, '9', '022/2023	', '2023-12-14', -1000, 0, 0, 0, '', NULL),
(349, 1, 96, '9', '023/2023	', '2023-12-14', -6050, 0, 0, 0, '', NULL),
(350, 1, 97, '9', '024/2023	', '2023-12-14', -26400, 0, 0, 0, '', NULL),
(351, 1, 98, '9', '025/2023	', '2023-12-18', -1000, 0, 0, 0, '', NULL),
(352, 1, 99, '9', '026/2023	', '2023-12-20', -300, 0, 0, 0, '', NULL),
(353, 1, 100, '9', '027/2023	', '2023-12-21', -18600, 0, 0, 0, '', NULL),
(354, 1, 101, '9', '028/2023	', '2023-12-21', -73010, 0, 0, 3, 0x3536, NULL),
(355, 1, 102, '9', '029/2023	', '2023-12-27', -2000, 0, 0, 3, 0x3433, NULL),
(356, 1, 103, '9', '030/2023	', '2023-12-27', -150, 0, 0, 0, '', NULL),
(357, 1, 104, '9', '031/2023	', '2023-12-28', -15500, 0, 0, 0, '', NULL),
(358, 1, 105, '9', '032/2023	', '2023-12-28', -3100, 0, 0, 0, '', NULL),
(359, 1, 106, '9', '033/2023	', '2023-12-28', -350, 0, 0, 0, '', NULL),
(360, 1, 107, '9', '034/2023	', '2023-12-28', -35383, 0, 0, 0, '', NULL),
(361, 1, 108, '9', '001/2024	', '2024-01-04', -1100, 0, 0, 0, '', NULL),
(362, 1, 109, '9', '002/2024	', '2024-01-04', -3200, 0, 0, 0, '', NULL),
(363, 1, 110, '9', '003/2024	', '2024-01-10', 0, 0, 0, 3, 0x3538, NULL),
(364, 22, 53, '9', '001/2024	', '2024-01-10', -10425, 0, 0, 3, 0x3137, NULL),
(365, 1, 111, '9', '004/2024	', '2024-02-08', 0, 0, 0, 3, 0x37, NULL),
(366, 1, 112, '9', '005/2024	', '2024-02-10', -8000, 0, 0, 3, 0x3433, NULL),
(367, 22, 54, '9', '048/2023	', '2023-11-11', -100000, 0, 0, 3, 0x37, NULL),
(368, 12, 2, '9', '001/2024', '2024-03-19', 0, 0, 0, 2, 0x35, NULL),
(369, 1, 113, '9', '006/2024	', '2024-02-28', -76396, 0, 0, 3, 0x3135, NULL),
(370, 22, 55, '9', '002/2024	', '2024-03-12', -14000, 0, 0, 3, 0x3536, NULL),
(371, 1, 114, '9', '007/2024	', '2024-03-18', -3530, 0, 0, 3, 0x3536, NULL),
(372, 22, 56, '9', '003/2024	', '2024-02-08', -39385, 0, 0, 3, 0x37, NULL),
(373, 22, 57, '9', '004/2024	', '2023-01-14', -150000, 0, 0, 3, 0x37, NULL),
(374, 22, 58, '9', '049/2023	', '2023-01-14', -13500, 0, 0, 3, 0x3539, NULL),
(375, 22, 59, '9', '005/2024	', '2024-03-31', -8003, 0, 0, 3, 0x3531, NULL),
(376, 22, 60, '9', '006/2024	', '2024-01-10', -15523, 0, 0, 3, 0x3538, NULL),
(377, 22, 61, '9', '007/2024	', '2024-03-31', -2005, 0, 0, 3, 0x3538, NULL),
(378, 22, 62, '9', '008/2024	', '2024-04-02', -47999.99995, 0, 0, 3, 0x3132, NULL),
(379, 22, 63, '9', '009/2024	', '2024-04-04', -18500, 0, 0, 3, 0x3336, NULL),
(380, 22, 64, '9', '010/2024	', '2024-04-16', 0, 0, 0, 3, 0x37, NULL),
(381, 1, 115, '9', '008/2024	', '2024-04-16', 0, 0, 0, 3, 0x37, NULL),
(382, 2, 100, '7', '004/2024	', '2024-04-19', 0, 0, 0, 2, 0x34, NULL),
(383, 2, 101, '9', '004/2024	', '2024-04-17', 100000, 0, 0, 2, 0x34, NULL),
(384, 2, 102, '10', '077/2023	', '2023-12-14', 200000, 0, 0, 2, 0x36, NULL),
(385, 1, 116, '10', '035/2023	', '2023-12-14', -170, 0, 0, 2, 0x36, NULL),
(386, 1, 117, '10', '036/2023	', '2023-12-14', -3900, 0, 0, 2, 0x36, NULL),
(387, 2, 103, '10', '005/2024	', '2024-01-01', 500000, 0, 0, 2, 0x36, NULL),
(388, 2, 104, '10', '006/2024	', '2024-01-11', 500000, 0, 0, 2, 0x36, NULL),
(389, 2, 105, '10', '007/2024	', '2024-02-04', 300000, 0, 0, 2, 0x36, NULL),
(390, 2, 106, '10', '008/2024	', '2024-02-18', 400000, 0, 0, 2, 0x36, NULL),
(391, 2, 107, '10', '009/2024	', '2024-03-04', 100000, 0, 0, 2, 0x36, NULL),
(392, 2, 108, '10', '010/2024	', '2024-03-15', 100000, 0, 0, 2, 0x36, NULL),
(393, 2, 109, '10', '011/2024	', '2024-03-21', 100000, 0, 0, 2, 0x36, NULL),
(394, 1, 118, '10', '037/2023	', '2023-12-16', -55790, 0, 0, 0, 0x4d756c7469706c65206974656d2070757263686173652066726f6d205065747479206361736820612f63, NULL),
(395, 1, 119, '10', '038/2023	', '2023-12-16', -15910, 0, 0, 0, 0x526566726573686d656e74205061796d656e74732066726f6d2031362d31322d323320746f2031312d30332d32303234, NULL),
(396, 1, 120, '10', '039/2023	', '2023-12-25', -90100, 0, 0, 0, 0x53687574746572696e67204c61626f7572207061796d656e742066726f6d2032352d31322d323320746f2031342d322d3234, NULL),
(397, 1, 121, '10', '040/2023	', '2023-12-27', -6800, 0, 0, 0, 0x5472616e73706f72746174696f6e205061796d656e742066726f6d2032372d31322d323320746f2031312d332d3234, NULL),
(398, 1, 122, '10', '041/2023	', '2023-12-20', -21260, 0, 0, 0, 0x546f6f6c73207265706169722066726f6d2032302d31322d323320746f20352d332d3234, NULL),
(399, 1, 123, '10', '008/2024	', '2024-03-30', -55700, 0, 0, 0, 0x5061696420746f20436f6c6f72204c61626f75722066726f6d2031342d31322d323320746f2033302d332d3234, NULL),
(400, 22, 65, '9', '010/2024	', '2024-04-23', 0, 0, 0, 3, 0x3137, NULL),
(401, 22, 66, '10', '010/2024	', '2024-04-23', 0, 0, 0, 3, 0x3437, NULL),
(402, 1, 124, '10', '009/2024	', '2024-04-02', -731800, 0, 0, 0, 0x4c61626f7572205061796d656e74732066726f6d2031362d31322d323320746f20322d342d3234, NULL),
(403, 22, 67, '10', '010/2024	', '2024-01-01', -2000, 0, 0, 3, 0x3634, NULL),
(404, 22, 68, '10', '011/2024	', '2023-12-19', -4000, 0, 0, 3, 0x3531, NULL),
(405, 22, 69, '10', '012/2024	', '2024-01-08', -2000, 0, 0, 3, 0x3531, NULL),
(406, 22, 70, '10', '013/2024	', '2024-01-23', -3000, 0, 0, 3, 0x3531, NULL),
(407, 22, 71, '10', '014/2024	', '2024-01-24', -4000, 0, 0, 3, 0x3531, NULL),
(408, 22, 72, '10', '015/2024	', '2024-01-26', -2000, 0, 0, 3, 0x3531, NULL),
(409, 22, 73, '10', '016/2024	', '2024-01-27', -2000, 0, 0, 3, 0x3531, NULL),
(410, 22, 74, '10', '017/2024	', '2024-02-06', -2000, 0, 0, 3, 0x3531, NULL),
(411, 22, 75, '10', '018/2024	', '2023-12-23', -4400, 0, 0, 3, 0x3635, NULL),
(412, 22, 76, '10', '019/2024	', '2024-01-01', -5000, 0, 0, 3, 0x3635, NULL),
(413, 22, 77, '10', '020/2024	', '2024-01-11', -21250, 0, 0, 3, 0x3635, NULL),
(414, 22, 78, '10', '021/2024	', '2024-01-14', -23200, 0, 0, 3, 0x3635, NULL),
(415, 22, 79, '10', '022/2024	', '2024-01-17', -9600, 0, 0, 3, 0x3635, NULL),
(416, 22, 80, '10', '023/2024	', '2024-01-18', -20350, 0, 0, 3, 0x3635, NULL),
(417, 22, 81, '10', '024/2024	', '2024-01-23', -4000, 0, 0, 3, 0x3635, NULL),
(418, 22, 82, '10', '025/2024	', '2024-01-23', -3600, 0, 0, 3, 0x3635, NULL),
(419, 22, 83, '10', '026/2024	', '2024-01-24', -22200, 0, 0, 3, 0x3635, NULL),
(420, 22, 84, '10', '027/2024	', '2024-03-04', -1100, 0, 0, 3, 0x3635, NULL),
(421, 22, 85, '10', '028/2024	', '2024-01-03', -250000, 0, 0, 3, 0x37, NULL),
(422, 22, 86, '10', '029/2024	', '2024-01-11', -200000, 0, 0, 3, 0x37, NULL),
(423, 22, 87, '10', '030/2024	', '2024-04-26', -100000, 0, 0, 3, 0x3132, NULL),
(424, 22, 88, '10', '031/2024	', '2024-01-25', -250000, 0, 0, 3, 0x37, NULL),
(425, 22, 89, '10', '032/2024	', '2024-01-27', -7000, 0, 0, 3, 0x3630, NULL),
(426, 22, 90, '10', '033/2024	', '2024-02-26', -200000, 0, 0, 3, 0x3538, NULL),
(427, 22, 91, '10', '034/2024	', '2024-02-26', -200000, 0, 0, 3, 0x3538, NULL),
(428, 22, 92, '10', '035/2024	', '2024-03-17', -3000, 0, 0, 3, 0x3630, NULL),
(429, 22, 93, '10', '036/2024	', '2024-04-03', -100000, 0, 0, 3, 0x37, NULL),
(430, 22, 94, '10', '037/2024	', '2024-04-19', -100000, 0, 0, 3, 0x37, NULL),
(431, 22, 95, '10', '038/2024	', '2024-03-11', -50000.6, 0, 0, 3, 0x3538, NULL),
(432, 22, 96, '10', '039/2024	', '2024-04-18', -55000, 0, 0, 3, 0x3538, NULL),
(433, 22, 97, '10', '040/2024	', '2024-04-19', -19738, 0, 0, 3, 0x3538, NULL),
(434, 22, 98, '10', '041/2024	', '2024-02-29', -14320, 0, 0, 3, 0x3232, NULL),
(435, 22, 99, '10', '042/2024	', '2024-02-28', -150000, 0, 0, 3, 0x37, NULL),
(436, 22, 100, '10', '043/2024	', '2024-03-05', -90000, 0, 0, 3, 0x3132, NULL),
(437, 22, 101, '10', '044/2024	', '2024-04-02', -33999.9972, 0, 0, 3, 0x3132, NULL),
(438, 12, 3, '7', '001/2024', '2024-04-29', 90000, 0, 0, 2, 0x3133, NULL),
(439, 12, 4, '10', '002/2024', '2024-04-29', 90000, 0, 0, 2, 0x3133, NULL),
(440, 22, 102, '10', '045/2024	', '2024-04-30', -11700, 0, 0, 3, 0x37, NULL),
(441, 22, 103, '10', '046/2024	', '2024-04-30', -11470000, 0, 0, 3, 0x3635, NULL),
(442, 1, 125, '7', '010/2024	', '2024-04-30', -2000, 0, 0, 3, 0x3533, NULL),
(443, 22, 104, '10', '047/2024	', '2024-04-30', 0, 0, 0, 3, 0x3634, NULL),
(444, 22, 105, '10', '047/2024	', '2024-04-30', -9000, 0, 0, 3, 0x3634, NULL),
(445, 1, 126, '7', '011/2024	', '2024-04-30', -900, 0, 0, 3, 0x3631, NULL),
(446, 22, 106, '9', '0134/2024	', '2024-05-01', -650, 0, 0, 3, 0x37, NULL),
(447, 22, 107, '10', '135/2024	', '2024-05-01', -1050, 0, 0, 3, 0x37, NULL),
(448, 22, 108, '6', '135/2024	', '2024-05-01', -4800, 0, 0, 3, 0x37, NULL),
(449, 22, 109, '10', '136/2024	', '2024-05-01', -500, 0, 0, 3, 0x3634, NULL),
(450, 22, 110, '8', '137/2024	', '2024-05-03', -2040, 0, 0, 3, 0x3130, NULL),
(451, 22, 111, '5', '138/2024	', '2024-05-03', -50500, 0, 0, 3, 0x3139, NULL),
(452, 12, 5, '10', '003/2024', '2024-05-05', 15000, 0, 0, 2, 0x3139, NULL),
(453, 2, 110, '5', '012/2024	', '2024-05-05', 100000, 0, 0, 2, 0x36, NULL),
(454, 22, 112, '5', '139/2024	', '2024-05-05', -10000, 0, 0, 3, 0x3433, NULL),
(455, 1, 127, '6', '012/2024	', '2024-05-06', -132, 0, 0, 2, 0x3134, NULL),
(456, 1, 128, '9', '013/2024	', '2024-05-06', -232, 0, 0, 0, '', NULL),
(457, 1, 129, '7', '014/2024	', '2024-05-06', -100, 0, 0, 0, '', NULL),
(458, 1, 130, '7', '015/2024	', '2024-05-06', -2, 0, 0, 3, 0x3635, NULL),
(459, 22, 113, '5', '140/2024	', '2024-05-06', -40000, 0, 0, 3, 0x3130, NULL),
(460, 1, 131, '7', '016/2024	', '2024-05-06', -90000, 0, 0, 3, 0x3130, NULL),
(461, 22, 114, '9', '141/2024	', '2024-05-07', -1500, 0, 0, 3, 0x37, NULL),
(462, 1, 132, '7', '017/2024	', '2024-05-07', -43434, 0, 0, 0, '', NULL),
(463, 2, 111, '5', '013/2024	', '2024-05-07', 3500000, 0, 0, 2, 0x3133, NULL),
(464, 22, 115, '9', '142/2024	', '2024-05-07', -3761, 0, 0, 3, 0x3635, NULL),
(465, 22, 116, '9', '143/2024	', '2024-05-07', -300000, 0, 0, 3, 0x37, NULL);

-- --------------------------------------------------------

--
-- Table structure for table `erp_replica_block`
--

CREATE TABLE `erp_replica_block` (
  `block_id` int(11) NOT NULL,
  `block_name` varchar(50) NOT NULL,
  `project` int(11) NOT NULL,
  `inactive` tinyint(1) NOT NULL DEFAULT '0'
) ENGINE=InnoDB DEFAULT CHARSET=utf8mb4;

--
-- Dumping data for table `erp_replica_block`
--

INSERT INTO `erp_replica_block` (`block_id`, `block_name`, `project`, `inactive`) VALUES
(47, 'Block A', 23, 0),
(48, 'Block B', 23, 0),
(49, 'Block 2', 24, 0),
(50, 'Block 2', 25, 0),
(51, 'Block 1', 3, 0);

-- --------------------------------------------------------

--
-- Table structure for table `erp_replica_bom`
--

CREATE TABLE `erp_replica_bom` (
  `id` int(11) NOT NULL,
  `parent` char(20) COLLATE utf8_unicode_ci NOT NULL DEFAULT '',
  `component` char(20) COLLATE utf8_unicode_ci NOT NULL DEFAULT '',
  `workcentre_added` int(11) NOT NULL DEFAULT '0',
  `loc_code` char(5) COLLATE utf8_unicode_ci NOT NULL DEFAULT '',
  `quantity` double NOT NULL DEFAULT '1'
) ENGINE=InnoDB DEFAULT CHARSET=utf8 COLLATE=utf8_unicode_ci;

-- --------------------------------------------------------

--
-- Table structure for table `erp_replica_boq`
--

CREATE TABLE `erp_replica_boq` (
  `id` int(11) UNSIGNED NOT NULL,
  `plot_number` varchar(100) DEFAULT NULL,
  `covered_area` varchar(100) DEFAULT NULL,
  `boq_date` date DEFAULT NULL,
  `date_created` date DEFAULT NULL
) ENGINE=InnoDB DEFAULT CHARSET=latin1;

--
-- Dumping data for table `erp_replica_boq`
--

INSERT INTO `erp_replica_boq` (`id`, `plot_number`, `covered_area`, `boq_date`, `date_created`) VALUES
(1, 'PTCK KRT-II', 'Patch Cord-7900048920', '2024-03-11', '2024-03-11');

-- --------------------------------------------------------

--
-- Table structure for table `erp_replica_boq_items`
--

CREATE TABLE `erp_replica_boq_items` (
  `id` int(11) UNSIGNED NOT NULL,
  `boq_id` int(11) DEFAULT NULL,
  `item_id` varchar(100) DEFAULT NULL,
  `rate` decimal(10,0) DEFAULT NULL,
  `qty` decimal(10,0) DEFAULT NULL,
  `total` decimal(10,0) DEFAULT NULL,
  `remarks` text,
  `brand` varchar(100) DEFAULT NULL
) ENGINE=InnoDB DEFAULT CHARSET=latin1;

-- --------------------------------------------------------

--
-- Table structure for table `erp_replica_budget_trans`
--

CREATE TABLE `erp_replica_budget_trans` (
  `id` int(11) NOT NULL,
  `tran_date` date NOT NULL DEFAULT '0000-00-00',
  `account` varchar(15) COLLATE utf8_unicode_ci NOT NULL DEFAULT '',
  `memo_` tinytext COLLATE utf8_unicode_ci NOT NULL,
  `amount` double NOT NULL DEFAULT '0',
  `dimension_id` int(11) DEFAULT '0',
  `dimension2_id` int(11) DEFAULT '0'
) ENGINE=InnoDB DEFAULT CHARSET=utf8 COLLATE=utf8_unicode_ci;

-- --------------------------------------------------------

--
-- Table structure for table `erp_replica_charges`
--

CREATE TABLE `erp_replica_charges` (
  `charge_id` int(11) NOT NULL,
  `code` varchar(3) NOT NULL,
  `name` varchar(60) NOT NULL,
  `inactive` tinyint(4) NOT NULL DEFAULT '0'
) ENGINE=InnoDB DEFAULT CHARSET=utf8mb4;

-- --------------------------------------------------------

--
-- Table structure for table `erp_replica_chart_class`
--

CREATE TABLE `erp_replica_chart_class` (
  `cid` varchar(3) COLLATE utf8_unicode_ci NOT NULL,
  `class_name` varchar(60) COLLATE utf8_unicode_ci NOT NULL DEFAULT '',
  `ctype` tinyint(1) NOT NULL DEFAULT '0',
  `inactive` tinyint(1) NOT NULL DEFAULT '0'
) ENGINE=InnoDB DEFAULT CHARSET=utf8 COLLATE=utf8_unicode_ci;

--
-- Dumping data for table `erp_replica_chart_class`
--

INSERT INTO `erp_replica_chart_class` (`cid`, `class_name`, `ctype`, `inactive`) VALUES
('1', 'Assets', 1, 0),
('2', 'Liabilities', 2, 0),
('3', 'Income', 4, 0),
('4', 'Costs', 6, 0);

-- --------------------------------------------------------

--
-- Table structure for table `erp_replica_chart_master`
--

CREATE TABLE `erp_replica_chart_master` (
  `account_code` varchar(15) COLLATE utf8_unicode_ci NOT NULL DEFAULT '',
  `account_code2` varchar(15) COLLATE utf8_unicode_ci NOT NULL DEFAULT '',
  `account_name` varchar(60) COLLATE utf8_unicode_ci NOT NULL DEFAULT '',
  `account_type` varchar(10) COLLATE utf8_unicode_ci NOT NULL DEFAULT '0',
  `inactive` tinyint(1) NOT NULL DEFAULT '0'
) ENGINE=InnoDB DEFAULT CHARSET=utf8 COLLATE=utf8_unicode_ci;

--
-- Dumping data for table `erp_replica_chart_master`
--

INSERT INTO `erp_replica_chart_master` (`account_code`, `account_code2`, `account_name`, `account_type`, `inactive`) VALUES
('1060', '', 'Checking Account', '1', 0),
('1061', '', 'Meezan Bank	', '1', 0),
('1062', '', 'Askari Bank	', '1', 0),
('1063', '', 'Bank Al Habib	', '1', 0),
('1065', '', 'Petty Cash B-86 ', '1', 0),
('1066', '', 'Petty Cash A1-10', '1', 0),
('1067', '', 'D-196 Mr. Irfan', '1', 0),
('1200', '', 'Accounts Receivables', '1', 0),
('1205', '', 'Allowance for doubtful accounts', '1', 0),
('1206', '1206', 'Opening Balance ', '1', 0),
('1510', '', 'Inventory', '2', 0),
('1520', '', 'Stocks of Raw Materials', '2', 0),
('1530', '', 'Stocks of Work In Progress', '2', 0),
('1540', '', 'Stocks of Finished Goods', '2', 0),
('1550', '', 'Goods Received Clearing account', '2', 0),
('1820', '', 'Office Furniture &amp; Equipment', '3', 0),
('1825', '', 'Accum. Amort. -Furn. &amp; Equip.', '3', 0),
('1840', '', 'Vehicle', '3', 0),
('1845', '', 'Accum. Amort. -Vehicle', '3', 0),
('2100', '', 'Accounts Payable', '4', 0),
('2101', '', 'Ghazanfar Plumber', '4', 0),
('2102', '', 'Zafar Electrician', '4', 0),
('2103', '', 'Asad Steel Cutting Contractor', '4', 0),
('2104', '', 'Roof &amp; Column Filling Contractor', '4', 0),
('2105', '', 'Deferred Income', '4', 0),
('2110', '', 'Accrued Income Tax - Federal', '4', 0),
('2120', '', 'Accrued Income Tax - State', '4', 0),
('2130', '', 'Accrued Franchise Tax', '4', 0),
('2140', '', 'Accrued Real &amp; Personal Prop Tax', '4', 0),
('2150', '', 'Sales Tax', '4', 0),
('2160', '', 'Accrued Use Tax Payable', '4', 0),
('2210', '', 'Accrued Wages', '4', 0),
('2220', '', 'Accrued Comp Time', '4', 0),
('2230', '', 'Accrued Holiday Pay', '4', 0),
('2240', '', 'Accrued Vacation Pay', '4', 0),
('2310', '', 'Accr. Benefits - 401K', '4', 0),
('2320', '', 'Accr. Benefits - Stock Purchase', '4', 0),
('2330', '', 'Accr. Benefits - Med, Den', '4', 0),
('2340', '', 'Accr. Benefits - Payroll Taxes', '4', 0),
('2350', '', 'Accr. Benefits - Credit Union', '4', 0),
('2360', '', 'Accr. Benefits - Savings Bond', '4', 0),
('2370', '', 'Accr. Benefits - Garnish', '4', 0),
('2380', '', 'Accr. Benefits - Charity Cont.', '4', 0),
('2381', '2381', 'Opening Balance ', '4', 0),
('2620', '', 'Bank Loans', '5', 0),
('2680', '', 'Loans from Shareholders', '5', 0),
('3350', '', 'Common Shares', '6', 0),
('3590', '', 'Retained Earnings - prior years', '7', 0),
('4010', '', 'Sales', '8', 0),
('4430', '', 'Shipping &amp; Handling', '9', 0),
('4440', '', 'Interest', '9', 0),
('4450', '', 'Foreign Exchange Gain', '9', 0),
('4500', '', 'Prompt Payment Discounts', '9', 0),
('4510', '', 'Discounts Given', '9', 0),
('5010', '', 'Cost of Goods Sold - Retail', '10', 0),
('5020', '', 'Material Usage Varaiance', '10', 0),
('5030', '', 'Consumable Materials', '10', 0),
('5040', '', 'Purchase price Variance', '10', 0),
('5050', '', 'Purchases of materials', '10', 0),
('5060', '', 'Discounts Received', '10', 0),
('5070', '', 'Purchase Of Services', '10', 0),
('5100', '', 'Freight', '10', 0),
('5410', '', 'Wages &amp; Salaries', '11', 0),
('5411', '', 'General Labour', '11', 0),
('5412', '', 'Shuttering Labour', '11', 0),
('5413', '', 'Color Labour', '11', 0),
('5420', '', 'Wages - Overtime', '11', 0),
('5430', '', 'Benefits - Comp Time', '11', 0),
('5440', '', 'Benefits - Payroll Taxes', '11', 0),
('5450', '', 'Benefits - Workers Comp', '11', 0),
('5460', '', 'Benefits - Pension', '11', 0),
('5470', '', 'Benefits - General Benefits', '11', 0),
('5510', '', 'Inc Tax Exp - Federal', '11', 0),
('5520', '', 'Inc Tax Exp - State', '11', 0),
('5530', '', 'Taxes - Real Estate', '11', 0),
('5540', '', 'Taxes - Personal Property', '11', 0),
('5550', '', 'Taxes - Franchise', '11', 0),
('5560', '', 'Taxes - Foreign Withholding', '11', 0),
('5610', '', 'Accounting &amp; Legal', '12', 0),
('5611', '', 'Refreshment', '12', 0),
('5612', '', 'Miscellaneous Payment Account', '12', 0),
('5613', '', 'Fuel Expense', '12', 0),
('5615', '', 'Advertising &amp; Promotions', '12', 0),
('5620', '', 'Bad Debts', '12', 0),
('5660', '', 'Amortization Expense', '12', 0),
('5685', '', 'Insurance', '12', 0),
('5690', '', 'Interest &amp; Bank Charges', '12', 0),
('5700', '', 'Office Supplies', '12', 0),
('5760', '', 'Rent', '12', 0),
('5765', '', 'Repair &amp; Maintenance', '12', 0),
('5780', '', 'Telephone', '12', 0),
('5785', '', 'Travel &amp; Entertainment', '12', 0),
('5790', '', 'Utilities', '12', 0),
('5795', '', 'Registrations', '12', 0),
('5800', '', 'Licenses', '12', 0),
('5810', '', 'Foreign Exchange Loss', '12', 0),
('9990', '', 'Year Profit/Loss', '12', 0);

-- --------------------------------------------------------

--
-- Table structure for table `erp_replica_chart_types`
--

CREATE TABLE `erp_replica_chart_types` (
  `id` varchar(10) COLLATE utf8_unicode_ci NOT NULL,
  `name` varchar(60) COLLATE utf8_unicode_ci NOT NULL DEFAULT '',
  `class_id` varchar(3) COLLATE utf8_unicode_ci NOT NULL DEFAULT '',
  `parent` varchar(10) COLLATE utf8_unicode_ci NOT NULL DEFAULT '-1',
  `inactive` tinyint(1) NOT NULL DEFAULT '0'
) ENGINE=InnoDB DEFAULT CHARSET=utf8 COLLATE=utf8_unicode_ci;

--
-- Dumping data for table `erp_replica_chart_types`
--

INSERT INTO `erp_replica_chart_types` (`id`, `name`, `class_id`, `parent`, `inactive`) VALUES
('1', 'Current Assets', '1', '', 0),
('10', 'Cost of Goods Sold', '4', '', 0),
('11', 'Payroll Expenses', '4', '', 0),
('12', 'General &amp; Administrative expenses', '4', '', 0),
('2', 'Inventory Assets', '1', '', 0),
('3', 'Capital Assets', '1', '', 0),
('4', 'Current Liabilities', '2', '', 0),
('5', 'Long Term Liabilities', '2', '', 0),
('6', 'Share Capital', '2', '', 0),
('7', 'Retained Earnings', '2', '', 0),
('8', 'Sales Revenue', '3', '', 0),
('9', 'Other Revenue', '3', '', 0);

-- --------------------------------------------------------

--
-- Table structure for table `erp_replica_comments`
--

CREATE TABLE `erp_replica_comments` (
  `type` int(11) NOT NULL DEFAULT '0',
  `id` int(11) NOT NULL DEFAULT '0',
  `date_` date DEFAULT '0000-00-00',
  `memo_` tinytext COLLATE utf8_unicode_ci
) ENGINE=InnoDB DEFAULT CHARSET=utf8 COLLATE=utf8_unicode_ci;

--
-- Dumping data for table `erp_replica_comments`
--

INSERT INTO `erp_replica_comments` (`type`, `id`, `date_`, `memo_`) VALUES
(22, 1, '2022-05-28', 'Paid to Adil Steel Against Invoice # 2319'),
(22, 2, '2022-05-28', 'Against invoice # 2319'),
(2, 4, '2022-06-10', 'Against Construction work of Pot B-86  '),
(2, 5, '2022-06-13', 'Against Construction work of Pot B-86  Mr Ashraf directly deposit to Mr. Akran Adil Steel A/c'),
(2, 6, '2022-06-18', 'Against Construction work of Pot B-86  '),
(2, 7, '2022-10-15', 'Payment Rcvd agst Construction work of Plot B-86\nAmont Trsfr to Tarham BAH A/c.'),
(2, 8, '2022-10-15', 'Payment Rcvd agst Cons work of Plot B-86\nAmnt Trsfr to Naveed Material Agst Plot-A-21'),
(1, 1, '2022-10-25', 'Payment Rcvd agst Cons work of Plot B-86\nTransfer to Minhaj Steel Adj Agst plot A-21 A/c\n'),
(2, 9, '2022-10-25', 'Payment Rcvd agst Cons work of Plot B-86\n'),
(2, 10, '2022-10-25', 'Payment Rcvd agst Cons work of Plot B-86\nTransfer to Minhaj Steel Adj Agst plot A-21 A/c\n'),
(2, 11, '2022-11-12', 'Payment Rcvd agst Cons work of Plot B-86\n'),
(2, 12, '2022-11-20', 'Payment Rcvd agst Cons work of Plot B-86\nTrsfr to Minhaj Steel from MB\n'),
(2, 13, '2022-11-25', 'Payment Rcvd agst Cons work of Plot B-86\nTrsfr to Abdullah ( Ali Block )\n'),
(2, 14, '2022-11-25', 'Payment Rcvd agst Cons work of Plot B-86\n'),
(2, 15, '2022-12-15', 'Payment Rcvd agst Cons work of Plot B-86\n'),
(2, 16, '2022-12-24', 'Payment Rcvd agst Cons work of Plot B-86\n'),
(2, 17, '2023-01-10', 'Payment Rcvd agst Cons work of Plot B-86\n'),
(2, 18, '2023-01-12', 'Payment Rcvd agst Cons work of Plot B-86\n'),
(2, 19, '2023-01-13', 'Payment Rcvd agst Cons work of Plot B-86'),
(2, 20, '2023-01-26', 'Payment Rcvd agst Cons work of Plot B-86\nMB Trsfr to Liaqat Ali (Umair chokhat ) B#175 &amp; 178\n'),
(2, 21, '2023-01-30', 'Payment Rcvd agst Cons work of Plot B-86'),
(2, 22, '2023-02-02', 'Payment Rcvd agst Cons work of Plot B-86'),
(2, 23, '2023-02-03', 'Payment Rcvd agst Cons work of Plot B-86'),
(2, 24, '2023-03-21', 'Payment Rcvd agst Cons work of Plot B-86'),
(2, 25, '2023-03-29', 'Payment Rcvd agst Cons work of Plot B-86'),
(2, 26, '2023-04-05', 'Payment Rcvd agst Cons work of Plot B-86'),
(2, 27, '2023-04-06', 'Payment Rcvd agst Cons work of Plot B-86\nDirectly Deposit to Minhaj Steel A/c\n'),
(2, 28, '2023-04-18', 'Payment Rcvd agst Cons work of Plot B-86\nTransfer to Abdullah Akber ( Ali Block )\n'),
(2, 29, '2023-04-25', 'Payment Rcvd agst Cons work of Plot B-86'),
(2, 30, '2023-04-29', 'Payment Rcvd agst Cons work of Plot B-86\nTrsfr to MR Raheel H Z MB Br. Lahore '),
(2, 31, '2023-05-06', 'Payment Rcvd agst Cons work of Plot B-86\nAshraf Directly Deposit to Minhaj Steel \n'),
(2, 32, '2023-05-08', 'Payment Rcvd agst Cons work of Plot B-86\nAshraf Trsfr to Minhaj Steel 250000x2\n'),
(2, 33, '2023-05-17', 'Payment Rcvd agst Cons work of Plot B-86'),
(2, 34, '2023-05-24', 'Payment Rcvd agst Cons work of Plot B-86'),
(2, 35, '2023-05-30', 'Payment Rcvd agst Cons work of Plot B-86\nAshraf Trsfr to Minhaj Steel 200000\n'),
(2, 36, '2023-06-25', 'Payment Rcvd agst Cons work of Plot B-86'),
(2, 37, '2023-07-04', 'Payment Rcvd agst Cons work of Plot B-86\nAshraf Directly Dep to Ilyas Khan Material A/c\n'),
(2, 38, '2023-07-04', 'Payment Rcvd agst Cons work of Plot B-86\nAshraf Directly Dep to Master khan Saintary A/c\n'),
(2, 39, '2023-07-12', 'Payment Rcvd agst Cons work of Plot B-86\nAshraf online Trsfr to Liaqat Ali  A/c Bismillah Chokhat\n'),
(2, 40, '2023-07-20', 'Payment Rcvd agst Cons work of Plot B-86\nAshraf online Trsfr to Mr.Kafeeli  A/c Reliance Paint\n'),
(2, 41, '2023-07-21', 'Payment Rcvd agst Cons work of Plot B-86\nAshraf online Trsfr to Anum Farooq A/c SUBHANALLAH Marble\n'),
(2, 42, '2023-07-22', 'Payment Rcvd agst Cons work of Plot B-86\nAshraf Directly Deposit to Minhaj Steel \n'),
(2, 43, '2023-07-25', 'Payment Rcvd agst Cons work of Plot B-86\nAshraf Cash paid to Farooq Marble\n'),
(2, 44, '2023-07-26', 'Payment Rcvd agst Cons work of Plot B-86'),
(2, 45, '2023-07-31', 'Payment Rcvd agst Cons work of Plot B-86\nOnline trsfr to Ilyas Meterial A/c\n'),
(2, 46, '2023-07-31', 'Online trsfr to Shahzad Al Falah Marble A/c\nPayment Rcvd agst Cons work of Plot B-86\n'),
(2, 47, '2023-08-03', 'Online trsfr to Shahzad Al Falah Marble A/c\nPayment Rcvd agst Cons work of Plot B-86'),
(2, 48, '2023-08-03', 'Online Trsfr to Syed Shams ur Rehman Waheed Electric\nPayment Rcvd agst Cons work of Plot B-86'),
(2, 49, '2023-08-07', 'Payment Rcvd agst Cons work of Plot B-86'),
(2, 50, '2023-08-08', 'Payment Rcvd agst Cons work of Plot B-86'),
(2, 51, '2023-08-12', 'Payment Rcvd agst Cons work of Plot B-86'),
(2, 52, '2023-08-16', 'Payment Rcvd agst Cons work of Plot B-86\nOnline Trsfr to Yousuf Stone \n'),
(2, 53, '2023-08-24', 'Online trsfr to Shahzad Al Falah Marble A/c\nPayment Rcvd agst Cons work of Plot B-86'),
(2, 54, '2023-08-31', 'Payment Rcvd agst Cons work of Plot B-86'),
(2, 55, '2023-09-01', 'Payment Rcvd agst Cons work of Plot B-86'),
(2, 56, '2023-09-05', 'Trsfr to Kazi Kafeel Reliance Paint\nPayment Rcvd agst Cons work of Plot B-86'),
(2, 57, '2023-09-05', 'Trsfr to Madina Paint Mr. Ameer Hamza\nPayment Rcvd agst Cons work of Plot B-86'),
(2, 58, '2023-09-14', 'Payment Rcvd agst Cons work of Plot B-86'),
(2, 59, '2023-09-21', 'Ashraf Trfr to Kafeel Reliance Paint\nPayment Rcvd agst Cons work of Plot B-86'),
(2, 60, '2023-09-21', 'Ashraf Trsfr to Star Ceramic Golimar for Tile \nPayment Rcvd agst Cons work of Plot B-86'),
(2, 61, '2023-09-22', 'Ashraf Trsfr to Star Ceramic Golimar for Tile\nPayment Rcvd agst Cons work of Plot B-86'),
(2, 62, '2023-10-05', 'Ashraf Paid to Adnan Tiles\nPayment Rcvd agst Cons work of Plot B-86'),
(2, 63, '2023-10-07', 'Payment Rcvd agst Cons work of Plot B-86'),
(2, 64, '2023-10-10', 'Online Trsfr to Arish Lahore BAH A/c \nPayment Rcvd agst Cons work of Plot B-86'),
(2, 65, '2023-10-14', 'Pay order to Suparco Society Plot\nPayment Rcvd agst Cons work of Plot B-86'),
(2, 66, '2023-10-15', 'Payment Rcvd agst Cons work of Plot B-86\nPaid to Adnan Tile'),
(2, 67, '2023-10-28', 'Mr Ashraf Trsfr to Adnan Tile\nPayment Rcvd agst Cons work of Plot B-86'),
(2, 68, '2023-11-01', 'Payment Rcvd agst Cons work of Plot B-86'),
(2, 69, '2023-11-04', 'Mr Ashraf Trsfr to Syed Sanitary Mr. Ahsan\nPayment Rcvd agst Cons work of Plot B-86\n'),
(2, 70, '2023-11-14', 'Payment Rcvd agst Cons work of Plot B-86'),
(1, 2, '2022-06-13', 'Cash Deposit into M.Akram A/c Adil Steel\n'),
(1, 3, '2022-06-18', 'Due to reconciliation entry date is 18-6-22 actual payment date is 07-06-2022'),
(1, 5, '2022-06-18', 'Paid Cash to Mr. Akram collect from ??.  Adil Steel\n'),
(0, 1, '2022-06-30', 'Closing Year'),
(1, 6, '2022-09-21', 'Paid to Tractor Driver for Plot Level Charges'),
(1, 7, '2022-09-21', 'Plaster Of Paris\n'),
(1, 8, '2022-09-24', 'Fuel for suzuki for Shuttering Move from A-21 to B-86\n'),
(1, 9, '2022-09-25', 'Excavation Mchine Charges\n\n'),
(1, 10, '2022-09-26', 'Tea+Water+Ice\n'),
(1, 11, '2022-09-26', 'Paid to Shareef shuttering Supervisor'),
(1, 12, '2022-09-26', 'Zahid Shuttering\n'),
(22, 4, '2022-09-29', '1'),
(22, 5, '2022-09-29', 'Cash paid to Ultra Chem'),
(1, 17, '2022-09-30', 'Paid for Tank Bahrai'),
(22, 6, '2022-10-08', 'Paid to Asad Lohar'),
(22, 7, '2022-10-28', 'Paid cash to Asad Lohar'),
(1, 40, '2022-10-30', 'Cash paid to Asad Lohar'),
(22, 8, '2022-11-07', '1'),
(1, 52, '2022-11-12', 'advance Watchmen Salary\n'),
(22, 9, '2022-11-15', 'paid to Wisal khan supplier part payment for inv # 001 Dt.7-11-22'),
(22, 10, '2022-11-25', 'Trsfr from Ashraf to Ali Block \n'),
(20, 7, '2023-06-30', 'Enter diff bill from jul 22 to Jun 23 Bill#568,346,345,386,378,374,372,369,367,695,694,690,683,669'),
(20, 8, '2022-11-20', 'Different Invoice sep 22 to 30 jun 23'),
(22, 11, '2022-11-25', 'Trsfr from Ashraf to Ali Block \n'),
(22, 12, '2022-11-27', 'paid to Asad Loar'),
(22, 13, '2022-11-29', 'Asad Lohar\n'),
(22, 14, '2022-11-29', 'Paid to Wisal Khan Material\n'),
(22, 15, '2022-12-05', 'MB Trsfr by by Arif on A/c R-195 to Ali Block\n'),
(20, 10, '2022-09-25', 'Invoice  # 625'),
(20, 11, '2022-10-16', 'Invoice  # 997'),
(20, 12, '2022-11-11', 'Invioce # 639'),
(20, 13, '2022-12-13', 'Invioce # 647'),
(20, 14, '2023-01-08', 'Invoice # 656'),
(20, 15, '2023-02-09', 'Invoice # 663'),
(20, 16, '2023-03-03', 'Invoice # 673'),
(20, 17, '2023-01-25', 'Bill # 175'),
(20, 18, '2023-03-30', '18 Chokhat @ 240 Total Measurement 305=73200-Hinges 2700=70500+Transportation 1600-Discount 100 =72000\nBill # 164'),
(0, 2, '2023-06-30', 'Closing Year'),
(20, 19, '2023-07-12', 'Bill # 160'),
(20, 20, '2023-08-03', 'Bill # 961'),
(20, 21, '2023-07-30', 'Bill # 953'),
(0, 3, '2024-06-30', 'Closing Year'),
(2, 71, '2022-12-15', 'Cas Payment  Received  agst Construction work of Plot A1-10'),
(2, 72, '2023-02-22', 'Cash Rcvd by Imran from Mr.Ishtiaq at my office\n'),
(2, 73, '2023-02-26', 'Cash Rcvd by Imran from Mr.Ishtiaq at Plot Site\n'),
(2, 74, '2023-03-13', 'Cash Rcvd Mr.Ishtiaq at my office\n'),
(2, 75, '2023-03-21', 'Cash Rcvd Mr.Ishtiaq at my office\n'),
(2, 76, '2023-03-25', 'Cash Rcvd Mr.Ishtiaq at my office\n'),
(2, 77, '2023-03-30', 'Cash Rcvd Mr.Ishtiaq at my office\n'),
(2, 78, '2023-04-08', 'Cash Rcvd Mr.Ishtiaq at Site\n'),
(2, 79, '2023-04-19', 'Cash Rcvd Mr.Ishtiaq at my office\n'),
(2, 80, '2023-05-11', 'Cash Rcvd Mr.Ishtiaq at my office\n'),
(2, 81, '2023-05-17', 'Cash Rcvd Mr.Ishtiaq at my office\n'),
(2, 82, '2023-05-25', 'Cash Rcvd Mr.Ishtiaq at my office\n'),
(2, 83, '2023-06-09', 'Cash Rcvd Mr.Ishtiaq at my office\n'),
(2, 84, '2023-06-11', 'Cash Rcvd Mr.Ishtiaq at my office\n'),
(22, 16, '2022-12-24', 'Paid to Asad Lohar'),
(1, 72, '2022-12-22', 'Payment Entry for the month of Dec 22'),
(1, 73, '2023-01-14', 'Asad Lohar\n'),
(1, 74, '2023-01-01', 'Payment Entry from 1-1-23 to 12-1-23'),
(1, 75, '2023-01-15', 'Payment Entry from 15-1-23 to 31-1-23'),
(22, 17, '2022-12-13', 'Trsfr by Mr.Zahid Agst LS-4 Units to Minhaj Steel\n'),
(20, 23, '2022-12-25', 'two Invoices # 11661 &amp; 11753'),
(22, 18, '2022-12-25', 'Invoice # 11661 &amp; 11753'),
(22, 19, '2022-12-25', 'Asad Lohar\n'),
(22, 20, '2022-12-27', 'Asad Lohar\n'),
(22, 21, '2022-12-28', 'Asad Lohar\n'),
(22, 22, '2022-12-29', 'Asad Lohar\n'),
(1, 76, '2022-12-06', 'Payment entry from 6-12-22 to 31-12-22'),
(20, 24, '2022-09-26', 'From 26-9-22 to 31-12-22 Invoice # 6057 6139 6285 6384 6400 6458 6549 6634 6856 6980 7098 1081 7451 7466 7502 7532 7527 7451 7466 7502 7527 7532 7527 7564 7572'),
(20, 25, '2023-01-05', 'Invoices from 05-01-23 to 31-03-2023  # 7675 7742 7912 7932 7939 7991 8150 8218 8323 8455 8465 8484 8547 8539 8547 8997 '),
(20, 26, '2022-12-22', 'Invoice # 7465-69-7501 for the month of Dec 22'),
(20, 27, '2023-01-05', 'from Jan 23 to Jun 23 Invoice # 7665 7744 7781 7785'),
(22, 23, '2023-02-10', 'Arif R-195 G.Usman Trsfr to Minhaj Steel 200000x2=400000\n'),
(20, 28, '2023-01-12', 'Invoice # 7781 Dt.12-1-23 Invoice # 9083 Dt.29-3-23 Invoice # 9158 Dt.4-4-23\n'),
(1, 77, '2023-03-07', 'Ghazanfar Plumber for Sewerage line\n'),
(1, 78, '2023-03-20', 'Asad Lohar\n'),
(22, 24, '2023-03-21', 'Paid Cash to Minhaj steel\n'),
(1, 79, '2023-02-26', 'Payment entry from 26-2-2023 to 31-3-2023'),
(22, 25, '2023-04-03', 'Asad Lohar\n'),
(20, 29, '2022-12-22', 'nvoice # 649 Dated 8-1-23 Invoice # 658 Dated 8-2-23 Invoice # 660 Dated 2-3-23 Invoice # 675 Dated 18-3-23 Invoice # 929 Dated 14-4-23 Invoice # 946 Dated 20-5-23'),
(20, 30, '2023-03-08', '5 dumper Bahlu Matti Invoice # 3734'),
(22, 26, '2023-04-05', 'Paid to Ilyas Material Total Paid Rs.200000\n'),
(22, 27, '2023-04-05', 'Asad Lohar\n'),
(20, 31, '2023-03-15', 'Invoice # 1127-28-31-32- 621-626-27-29-30-31-36 dated from 15 mar to 30 mar 23'),
(20, 32, '2023-04-13', 'Invoice # 648 6658 659'),
(22, 28, '2023-06-30', 'umair BAH Trsfr to Ali Block Total Trsfr Rs.198000\n'),
(22, 29, '2023-04-11', 'Asad Lohar\n'),
(22, 30, '2023-04-14', 'Paid to Ilyas Material Total Paid Rs.200000\n'),
(22, 31, '2023-04-19', 'Paid Cash to Minhaj steel\n'),
(22, 32, '2023-04-20', 'Sher Ali Trsr to Minhaj Steel\n'),
(22, 33, '2023-05-13', 'Arif R-195 G.Usman Trsfr to Minhaj Steel \n'),
(22, 34, '2023-05-25', 'Paid cash to Zafar Electrician\n'),
(20, 33, '2023-05-22', '5 Chokhat 3.25x7=17&#039;.5 x 5 = 87.5 @ 235 5 Chokhat 2.5x7=16.5&#039; x 5 =82.5 @ 235 1 Chokhat 4.25x7= 18&#039; x 1 @ 235 Total 188 ft @ 235=44180-Hinges 1650=42530'),
(22, 35, '2023-05-27', '5 Chokhat 3.25x7=17&#039;.5 x 5 = 87.5 @ 235 5 Chokhat 2.5x7=16.5&#039; x 5 =82.5 @ 235 1 Chokhat 4.25x7= 18&#039; x 1 @ 235 Total 188 ft @ 235=44180-Hinges 1650=42530'),
(22, 36, '2023-05-29', 'Mr.Kafeel Trsfr Rs.100000 Bal 83180 to B-86\n'),
(20, 34, '2023-05-16', 'Invoice # 33 &amp; 67'),
(22, 37, '2023-05-16', 'Kamran Trsfr 2 Asif Universal Cable Total Trsf 250000\n&amp; 44243 ( Bal for B-86 Rs.124148)\n'),
(22, 38, '2023-06-08', 'Kamran Trsfr 2 Minhaj Steel Agst loan 2000000\n'),
(22, 39, '2023-06-21', 'paid cash to Asad Lohar'),
(22, 40, '2023-06-24', 'Ashraf Trsfr to Ali Block Total 71120 Bal B-86 Rs.60000\n'),
(22, 41, '2023-06-26', 'Paid cash to Zafar Electrician\n'),
(1, 80, '2023-04-03', 'Payment entry for the month of Apr 23'),
(1, 81, '2023-05-04', 'Payment Entry for the month of May 23'),
(22, 42, '2023-06-19', 'Paid cash to Munir'),
(1, 82, '2023-06-01', 'Payment Entry for the month of Jun 23'),
(0, 4, '2023-06-30', 'Closing Year'),
(2, 85, '2023-08-10', 'Cash Rcvd Mr.Ishtiaq at my office\n'),
(2, 86, '2023-09-21', 'Cash Rcvd Mr.Ishtiaq at my office\n'),
(2, 87, '2023-10-11', 'Amount Adjust against Plumbing Item\n'),
(2, 88, '2023-10-19', 'Trsfr to Minhaj Steel\n'),
(2, 89, '2023-12-01', 'Trsfr to Yamin Weldor\n'),
(2, 90, '2023-12-02', 'Trsfr to Yamin Weldor\n'),
(2, 91, '2023-12-06', 'Trsfr to Adnan Tile agst B-86\n'),
(22, 43, '2023-07-13', 'Mr.Kafeel Trsfr 12750 on a/c of LS-4 Water Dues\n'),
(22, 44, '2023-08-13', 'Paid to Minhaj Steel\n'),
(22, 45, '2023-08-22', 'Paid Cash to Ilyas Material\n'),
(22, 46, '2023-10-18', 'Paid Cash to Ghazanfar Plumber \n'),
(22, 47, '2023-10-24', 'Paid Cash to Ghazanfar Plumber '),
(22, 48, '2023-10-30', 'Paid Cash to Ghazanfar Plumber '),
(1, 83, '2023-07-13', 'Payment Entry 13-7-23 to 30-11-23'),
(20, 35, '2023-11-07', 'Invoice # 1403-12 Paint and paint material from 7-11 to 30 Nov'),
(20, 36, '2023-07-01', 'nvoice # 354,362,392,668,687,688,691 invoice date from 21-12-22 to June 23 but entered in the system on 1-7-23'),
(22, 49, '2023-08-09', 'Khizer trsfr to Master Khan agst Advance Rent Ls-7 flat Mr. Shakeel 70000+20000=90000\n\n'),
(1, 84, '2023-10-11', 'Ishtiaq paid Plumbing Item Bill From Golimar \n'),
(20, 37, '2023-11-22', 'Invoice # 3052 1- Crystal White 2- Super Black 3 China cutting'),
(22, 50, '2023-11-22', 'Invoice # 3052 1- Crystal White 2- Super Black 3 China cutting'),
(20, 38, '2023-11-22', 'Invoice # 542'),
(22, 51, '2023-11-22', 'Invoice # 542'),
(20, 39, '2023-11-10', 'Inv # 612 2 Gate 1-10.5x7 2-4x6.5 Total Bill With Iron Grill 152000 Diff 75000 paid by Ishtiaq\n'),
(22, 52, '2023-11-10', 'Invoice # 612 2 Gate 1-10.5x7 2-4x6.5 Total Bill With Iron Grill 152000 Diff 75000 paid by Ishtiaq\n'),
(1, 85, '2023-12-04', 'Labour Payment 4 to 7 dec 23'),
(20, 40, '2023-09-13', 'Inv # 902 Total Bill 21460-510 Personal Bill Bal 20950 UBD A/c'),
(20, 41, '2023-07-30', 'Bill # 953'),
(20, 42, '2023-08-03', 'Bill # 961'),
(20, 43, '2023-07-22', 'Invoice # 696 697 698 484 485 487 488 489 490 495-499 190-192 and 890 to 901 &amp; 903  from 19-7-23 to 7-12-23'),
(0, 5, '2024-06-30', 'Closing Year'),
(1, 87, '2023-06-23', 'Paid to Watchmen'),
(1, 88, '2023-06-23', 'Paid to Watchmen'),
(0, 6, '2024-06-30', 'Closing Year'),
(2, 92, '2023-12-19', 'Payment Rcvd agst Cons work of Plot A1-10'),
(2, 93, '2024-01-10', 'Payment Rcvd agst Cons work of Plot A1-10'),
(1, 89, '2024-02-15', 'Habib Metro Chq # 106948591 Dt.13-2-24\n'),
(2, 94, '2024-03-17', 'Cash Payment Rcvd agst Cons work of Plot A1-10'),
(2, 95, '2024-02-15', 'Habib Metro Chq # 106948591 Dt.13-2-24\n'),
(2, 96, '2023-12-19', 'Cash Received'),
(1, 90, '2024-01-10', 'Cash Payment'),
(2, 97, '2024-02-15', 'Habib Metro Chq # 106948591 Dt.13-2-24\n'),
(2, 98, '2024-03-17', 'Cash payment'),
(2, 99, '2024-01-10', 'Cash Payment'),
(1, 91, '2023-12-10', 'Paid to Amir  Labour'),
(1, 92, '2023-12-11', 'Ramzan Labour\n'),
(1, 93, '2023-12-11', 'Parnala\n'),
(1, 94, '2023-12-14', 'Tea Bill\n'),
(1, 95, '2023-12-14', 'Tea Bill\n'),
(1, 96, '2023-12-14', 'Crate Tile\n'),
(1, 98, '2023-12-18', 'Petrol for Suzuki ?. Material Transportation\n'),
(1, 101, '2023-12-21', 'Paid cash to Madina Paint\n'),
(1, 102, '2023-12-27', 'Cash paid to Zafar Electrician'),
(1, 103, '2023-12-27', 'Elbow\n'),
(1, 105, '2023-12-28', 'Asmat &amp; Khalil color labour'),
(1, 106, '2023-12-28', 'Color Material\n'),
(1, 107, '2023-12-28', 'Paid cash for Electric Sheet+Bracker\n'),
(1, 110, '2024-01-10', 'Zaviar Chq total 100000-10425 A1-10 Asghar Kitchen top 39575 B-86+\n'),
(22, 53, '2024-01-10', 'Invoice # 0001\nZaviar Chq total 100000-50000 for Adnan -39575 Asghar Kitchen for B-86\n'),
(1, 111, '2024-02-08', 'Paid Cash to Minhaj steel\n'),
(1, 112, '2024-02-10', 'Paid to Zafar Adj in P.H. Rent\n'),
(20, 45, '2023-11-11', 'Inv # 12229,99, 12451,513,55,631,748,775 dt.11-11-23 to 27-12-23'),
(22, 54, '2023-11-11', 'Inv # 12229,99, 12451,513,55,631,748,775 dt.11-11-23 to 27-1'),
(20, 46, '2023-12-11', 'Inv # 910'),
(1, 113, '2024-02-28', 'Online Trsfr to Master khan  C/o Ashraf B-86 Total Trsfr Rs.250000-105192 for B-86\n'),
(20, 47, '2024-01-15', 'invoice # 1415-01'),
(22, 55, '2024-03-12', 'invoice # 1415-01\nShaheer Shop # 2 Trsfr to Madina paint\n'),
(1, 114, '2024-03-18', 'Paid cash to Madina Paint\n'),
(0, 7, '2024-06-30', 'Closing Year'),
(20, 48, '2022-12-24', 'Invoice # 7465'),
(0, 8, '2023-06-30', 'Closing Year'),
(20, 49, '2023-11-03', 'Invoice # 684'),
(20, 50, '2024-03-25', 'Invoice # 237'),
(22, 56, '2024-02-08', 'Paid cash to Minhaj Steel'),
(22, 57, '2023-01-14', 'Paid Cash to Minhaj Steel'),
(20, 52, '2023-01-14', 'Invoice # 55'),
(22, 58, '2023-01-14', 'Invoice # 55'),
(22, 59, '2024-03-31', 'Amount Adjust against B-86 Iron ... Asad Lohar\n'),
(22, 60, '2024-01-10', 'Zaviar Chq total 100000-10425 A1-10 Asghar Kitchen top 39575 B-86+\nAdnan Tile A1-10 15523 Bal B-86 Rs.34477\n'),
(22, 61, '2024-03-31', 'BAH Trsfr from Umair a/c to Adnan Tile\n'),
(22, 62, '2024-04-02', 'BAH Trsfr from Umair a/c to Naveed Material\n'),
(22, 63, '2024-04-04', 'Paid cash to Yamin Weldor for Inv # 825'),
(1, 115, '2024-04-16', 'test'),
(2, 101, '2024-04-17', 'Paid Cash'),
(40, 20, '2024-04-19', 'test'),
(2, 102, '2023-12-14', 'Payment Received agst construction work of D-196 Trsfr to Umair BAH A/c'),
(20, 53, '2024-02-25', 'Inv  # 12620-48-55-885-13003-117-219-336-454-556- Date from 16-12-2023 to 25-02-2024'),
(2, 103, '2024-01-01', 'UBL Chq # 43458434 to Muhammad Arsalan Aluminum\nUBL Chq # 43458435 to Allauddin Fayazuddin Minhaj Steel\n'),
(2, 104, '2024-01-11', 'BAH Chq # 11728152 to Naveed Khan Material\nBAH Chq # 11728153 for Cash\nBAH Chq # 11728154 for Cash\nBAH Chq # 11728155 to Alauddin Fayazuddin Minhaj\n\n\n'),
(2, 105, '2024-02-04', 'UBL trsfr to AMS Enterprises\nUBL trsfr to AMS Enterprises\n\n'),
(2, 106, '2024-02-18', 'UBL Chq # 43458436 to Adnan Tile\nUBL Chq # 43458437 to Adnan Tile\n'),
(2, 107, '2024-03-04', 'UBL Online Trsfr to Tarham BAH A/c\n'),
(2, 108, '2024-03-15', 'UBL Online Trsfr to Adnan Tile then adnan trsfr to Ahsan Sanitary\n'),
(2, 109, '2024-03-21', 'UBL Online Trsfr to Tarham BAH A/c\n'),
(20, 54, '2024-03-11', 'Inv # 13632-13741'),
(20, 55, '2024-01-09', 'Inv # 516'),
(20, 56, '2024-02-19', 'Inv # 527 From 12-1-24 to 19-2-24'),
(20, 57, '2024-01-27', 'Inv # 38'),
(20, 58, '2024-03-17', 'Inv # 39'),
(20, 59, '2024-02-22', 'Inv # 75 Three Chokhat @ 260 total 2 sq ft'),
(20, 60, '2024-02-19', 'Inv # 1162'),
(20, 61, '2024-02-26', 'Inv # 1162 Both item 1 Piece Each'),
(20, 62, '2024-02-05', 'Inv # 1131'),
(20, 63, '2024-03-03', 'Inv # 1202 Different Article + L Patti + Spacer '),
(20, 64, '2024-03-08', 'Inv # 1218 6x24 Tile Riser'),
(20, 65, '2024-03-20', 'Inv # 1257 ( Diff Article+Cartage+adj discount Rs.2027 on Bill # 1175 &amp; Adj Sale Return Rs.5386 on Bill # 1265 Actual amount of Inv # 1257 is Rs.54949'),
(20, 66, '2024-03-15', 'Inv # 54 Kitchen White Tile from LS-4 Ac'),
(20, 67, '2024-01-30', 'Inv # 1478 for Itme # 1073 Polish Charges Rs.7500'),
(20, 68, '2024-04-23', 'Last entry for Labour Charges Rs.25000 for old window alteration '),
(1, 118, '2023-12-16', 'all Misc payment from 16-12-23 to 31-3-24'),
(1, 119, '2023-12-16', 'Refreshment Payments from 16-12-23 to 11-03-2024'),
(1, 120, '2023-12-25', 'Shuttering Labour payment from 25-12-23 to 14-2-24'),
(1, 121, '2023-12-27', 'Transportation Payment from 27-12-23 to 11-3-24'),
(1, 122, '2023-12-20', 'Tools repair from 20-12-23 to 5-3-24'),
(1, 123, '2024-03-30', 'Paid to Color Labour from 14-12-23 to 30-3-24'),
(1, 124, '2024-04-02', 'Labour Payments from 16-12-23 to 2-4-24 diff 1500'),
(20, 69, '2024-01-01', 'Inv # 42'),
(22, 67, '2024-01-01', 'Inv # 42'),
(22, 68, '2023-12-19', 'Paid Cash to Asad Lohar'),
(20, 70, '2024-03-04', 'Inv # 56  Block &amp; lenter Delivered from 23-12-23 to 4-3-24'),
(22, 85, '2024-01-03', 'UBL Chq # 43458434 Forward to Minhaj Steel\nfrom Syeda Danish'),
(22, 86, '2024-01-11', 'BAH Chq 11728155 from Syeda Shahla to Minhaj Steel\n'),
(22, 87, '2024-04-26', 'BAH Chq 11728152 from Syeda Shahla to Naveed Khan\n'),
(22, 88, '2024-01-25', 'MB Mr. Zaki Chq # 04746908 Agst Suparco Plot Investment\n'),
(22, 89, '2024-01-27', 'Paid Cash'),
(22, 90, '2024-02-26', 'UBL Chq # 43458436 to Adnan Tile\n'),
(22, 91, '2024-02-26', 'UBL Chq # 43458437 to Adnan Tile\n'),
(22, 93, '2024-04-03', 'Danish REA Trsfr to Minhaj Steel\n'),
(22, 94, '2024-04-19', 'Syeda Trsfr to Minhaj Steel agst  Rajab kitchen Work D-196\n'),
(22, 95, '2024-03-11', 'Total amount paid 50000 against Inv # 1131 &amp; 1162 '),
(22, 96, '2024-04-18', 'Abdullah Trsfr to Adnan Tile \nTotal Trsfr Rs.55000'),
(22, 97, '2024-04-19', 'Syeda Trsfr to Adnan Tile agst  Rajab kitchen Work D-196 Total Trsfr Rs.50000-30262 Asghar\n\n'),
(22, 98, '2024-02-29', 'Paid to Umair Bismillah Chokhat\n'),
(22, 99, '2024-02-28', 'Online Trsfr to Minhaj Steel C/o Ashraf B-86 Total Trsfr Rs.250000-100000 for B-86 for B-86 Bal 150000 for D-196\n\n'),
(20, 71, '2024-04-26', 'These two transection add to Inv # 527 infrom to Naveed he will not enter this transection on invoice'),
(22, 100, '2024-03-05', 'Abdullah Trsfr to Naveed Material Total Trsfr Rs.90000\n'),
(22, 101, '2024-04-02', 'BAH Trsfr from Umair A/c to Naveed Material Rs.34000\n'),
(22, 102, '2024-04-30', '12345'),
(22, 103, '2024-04-30', '1122'),
(20, 77, '2024-05-01', 'test'),
(22, 107, '2024-05-01', '002'),
(22, 108, '2024-05-01', 'reeeeee'),
(22, 109, '2024-05-01', 'ABC chemical'),
(2, 111, '2024-05-07', 'test');

-- --------------------------------------------------------

--
-- Table structure for table `erp_replica_credit_status`
--

CREATE TABLE `erp_replica_credit_status` (
  `id` int(11) NOT NULL,
  `reason_description` char(100) COLLATE utf8_unicode_ci NOT NULL DEFAULT '',
  `dissallow_invoices` tinyint(1) NOT NULL DEFAULT '0',
  `inactive` tinyint(1) NOT NULL DEFAULT '0'
) ENGINE=InnoDB DEFAULT CHARSET=utf8 COLLATE=utf8_unicode_ci;

--
-- Dumping data for table `erp_replica_credit_status`
--

INSERT INTO `erp_replica_credit_status` (`id`, `reason_description`, `dissallow_invoices`, `inactive`) VALUES
(1, 'Good History', 0, 0),
(2, 'No more work until payment received\r\n', 1, 0);

-- --------------------------------------------------------

--
-- Table structure for table `erp_replica_crm_categories`
--

CREATE TABLE `erp_replica_crm_categories` (
  `id` int(11) NOT NULL COMMENT 'pure technical key',
  `type` varchar(20) COLLATE utf8_unicode_ci NOT NULL COMMENT 'contact type e.g. customer',
  `action` varchar(20) COLLATE utf8_unicode_ci NOT NULL COMMENT 'detailed usage e.g. department',
  `name` varchar(30) COLLATE utf8_unicode_ci NOT NULL COMMENT 'for category selector',
  `description` tinytext COLLATE utf8_unicode_ci NOT NULL COMMENT 'usage description',
  `system` tinyint(1) NOT NULL DEFAULT '0' COMMENT 'nonzero for core system usage',
  `inactive` tinyint(1) NOT NULL DEFAULT '0'
) ENGINE=InnoDB DEFAULT CHARSET=utf8 COLLATE=utf8_unicode_ci;

-- --------------------------------------------------------

--
-- Table structure for table `erp_replica_crm_contacts`
--

CREATE TABLE `erp_replica_crm_contacts` (
  `id` int(11) NOT NULL,
  `person_id` int(11) NOT NULL DEFAULT '0' COMMENT 'foreign key to crm_persons',
  `type` varchar(20) COLLATE utf8_unicode_ci NOT NULL COMMENT 'foreign key to crm_categories',
  `action` varchar(20) COLLATE utf8_unicode_ci NOT NULL COMMENT 'foreign key to crm_categories',
  `entity_id` varchar(11) COLLATE utf8_unicode_ci DEFAULT NULL COMMENT 'entity id in related class table'
) ENGINE=InnoDB DEFAULT CHARSET=utf8 COLLATE=utf8_unicode_ci;

--
-- Dumping data for table `erp_replica_crm_contacts`
--

INSERT INTO `erp_replica_crm_contacts` (`id`, `person_id`, `type`, `action`, `entity_id`) VALUES
(164, 85, 'cust_branch', 'general', '82'),
(166, 86, 'cust_branch', 'general', '83'),
(168, 87, 'supplier', 'general', '7'),
(169, 88, 'supplier', 'general', '8'),
(170, 89, 'supplier', 'general', '9'),
(171, 90, 'supplier', 'general', '10'),
(172, 91, 'supplier', 'general', '11'),
(173, 92, 'supplier', 'general', '12'),
(174, 93, 'supplier', 'general', '13'),
(175, 94, 'supplier', 'general', '14'),
(176, 95, 'supplier', 'general', '15'),
(177, 96, 'supplier', 'general', '16'),
(178, 97, 'supplier', 'general', '17'),
(180, 99, 'supplier', 'general', '19'),
(181, 100, 'supplier', 'general', '20'),
(182, 101, 'supplier', 'general', '21'),
(183, 102, 'supplier', 'general', '22'),
(184, 103, 'supplier', 'general', '23'),
(185, 104, 'supplier', 'general', '24'),
(186, 105, 'supplier', 'general', '25'),
(187, 106, 'supplier', 'general', '26'),
(188, 107, 'supplier', 'general', '27'),
(189, 108, 'supplier', 'general', '28'),
(190, 109, 'supplier', 'general', '29'),
(191, 110, 'supplier', 'general', '30'),
(192, 111, 'supplier', 'general', '31'),
(193, 112, 'supplier', 'general', '32'),
(195, 114, 'supplier', 'general', '34'),
(196, 115, 'supplier', 'general', '35'),
(197, 116, 'supplier', 'general', '36'),
(198, 117, 'supplier', 'general', '37'),
(199, 118, 'supplier', 'general', '38'),
(201, 120, 'supplier', 'general', '40'),
(202, 121, 'supplier', 'general', '41'),
(203, 122, 'supplier', 'general', '42'),
(204, 123, 'supplier', 'general', '43'),
(205, 124, 'supplier', 'general', '44'),
(207, 126, 'supplier', 'general', '46'),
(208, 127, 'supplier', 'general', '47'),
(209, 128, 'supplier', 'general', '48'),
(210, 129, 'supplier', 'general', '49'),
(211, 130, 'cust_branch', 'general', '1'),
(212, 130, 'customer', 'general', '1'),
(215, 132, 'cust_branch', 'general', '3'),
(216, 132, 'customer', 'general', '3'),
(218, 134, 'supplier', 'general', '51'),
(220, 136, 'supplier', 'general', '53'),
(221, 137, 'supplier', 'general', '54'),
(222, 138, 'cust_branch', 'general', '4'),
(223, 138, 'customer', 'general', '4'),
(224, 139, 'supplier', 'general', '55'),
(225, 140, 'supplier', 'general', '56'),
(226, 141, 'supplier', 'general', '57'),
(227, 142, 'supplier', 'general', '58'),
(228, 143, 'cust_branch', 'general', '5'),
(229, 143, 'customer', 'general', '5'),
(230, 144, 'supplier', 'general', '59'),
(231, 145, 'cust_branch', 'general', '6'),
(232, 146, 'cust_branch', 'general', '7'),
(233, 146, 'customer', 'general', '6'),
(234, 147, 'supplier', 'general', '60'),
(235, 148, 'cust_branch', 'general', '8'),
(236, 148, 'customer', 'general', '7'),
(237, 149, 'supplier', 'general', '61'),
(238, 150, 'supplier', 'general', '62'),
(239, 151, 'supplier', 'general', '63'),
(240, 152, 'supplier', 'general', '64'),
(241, 153, 'cust_branch', 'general', '9'),
(242, 153, 'customer', 'general', '8'),
(243, 154, 'cust_branch', 'general', '10'),
(244, 154, 'customer', 'general', '9'),
(245, 155, 'cust_branch', 'general', '11'),
(246, 155, 'customer', 'general', '10'),
(247, 156, 'supplier', 'general', '65'),
(248, 157, 'cust_branch', 'general', '12'),
(249, 158, 'cust_branch', 'general', '13'),
(250, 159, 'cust_branch', 'general', '14'),
(251, 160, 'cust_branch', 'general', '15'),
(252, 160, 'customer', 'general', '11'),
(253, 161, 'cust_branch', 'general', '16'),
(254, 161, 'customer', 'general', '12'),
(255, 162, 'cust_branch', 'general', '17'),
(256, 163, 'cust_branch', 'general', '18'),
(257, 163, 'customer', 'general', '13'),
(258, 164, 'cust_branch', 'general', '19'),
(259, 164, 'customer', 'general', '14'),
(260, 165, 'cust_branch', 'general', '20'),
(261, 166, 'cust_branch', 'general', '21'),
(262, 166, 'customer', 'general', '15'),
(263, 167, 'cust_branch', 'general', '22'),
(264, 167, 'customer', 'general', '16'),
(265, 168, 'cust_branch', 'general', '23'),
(266, 168, 'customer', 'general', '17'),
(267, 169, 'cust_branch', 'general', '24'),
(268, 169, 'customer', 'general', '18'),
(269, 170, 'cust_branch', 'general', '25'),
(270, 170, 'customer', 'general', '19');

-- --------------------------------------------------------

--
-- Table structure for table `erp_replica_crm_persons`
--

CREATE TABLE `erp_replica_crm_persons` (
  `id` int(11) NOT NULL,
  `ref` varchar(30) COLLATE utf8_unicode_ci NOT NULL,
  `name` varchar(60) COLLATE utf8_unicode_ci NOT NULL,
  `name2` varchar(60) COLLATE utf8_unicode_ci DEFAULT NULL,
  `address` tinytext COLLATE utf8_unicode_ci,
  `phone` varchar(30) COLLATE utf8_unicode_ci DEFAULT NULL,
  `phone2` varchar(30) COLLATE utf8_unicode_ci DEFAULT NULL,
  `fax` varchar(30) COLLATE utf8_unicode_ci DEFAULT NULL,
  `email` varchar(100) COLLATE utf8_unicode_ci DEFAULT NULL,
  `lang` char(5) COLLATE utf8_unicode_ci DEFAULT NULL,
  `notes` tinytext COLLATE utf8_unicode_ci NOT NULL,
  `inactive` tinyint(1) NOT NULL DEFAULT '0'
) ENGINE=InnoDB DEFAULT CHARSET=utf8 COLLATE=utf8_unicode_ci;

--
-- Dumping data for table `erp_replica_crm_persons`
--

INSERT INTO `erp_replica_crm_persons` (`id`, `ref`, `name`, `name2`, `address`, `phone`, `phone2`, `fax`, `email`, `lang`, `notes`, `inactive`) VALUES
(83, 'AM', '', '', '', '', '', '', '', '', '', 0),
(84, 'Steel, Cement, Binding Wire', '', '', '', '', '', '', '', '', '', 0),
(85, 'abdul qadir', 'abdul qadir', '', 'civic gomes r2', '090078601', '123123123', '', '', '', '', 0),
(86, 'anas', 'anas', '', 'asdaodjaoisjd', '099218381029', '20193810298', '', '', '', '', 0),
(87, 'MNJ', 'Mr. Allauddin', '', '', '3032105757', '3433165265', '', '', '', '', 0),
(88, 'Zahoor Shahzad Steel', '', '', '', '3453346512', '3368103189', '', '', '', '', 0),
(89, 'F.F. Steel', 'Mr. Islam', '', '', '3323476385', '', '', 'muhammad.islam@ff.com.pk', '', '', 0),
(90, 'Adil Steel', 'Mr. M. Akram', '', '', '3122269953', '3002969309', '', '', '', '', 0),
(91, 'Abdul Samad Steel', 'Mr. Zeeshan', '', '', '3222364215', '', '', '', '', '', 0),
(92, 'Ilyas Khan &amp; Naveed Khan', 'Mr. Ilyas &amp; Naveed', '', '', '3003372109', '3002256270', '', '', '', '', 0),
(93, 'Munir &amp; Co.', 'Mr Munir', '', '', '3459842399', '3008949978', '', '', '', '', 0),
(94, 'Muhammadi Hard Ware', 'Mr. Atiq Ur Rehman', '', '', '3216316524', '021-36316524', '', '', '', '', 0),
(95, 'Master Khan ', 'Mr. Gul Zeb / Master khan', '', '', '3452384904', '3002808909', '', '', '', '', 0),
(96, 'SUBHAN ALLAH Marble', 'Mr. Farooq', '', '', '3357526492', '', '', '', '', '', 0),
(97, 'Al-Aziz Marble', 'Mr. Asghar', '', '', '3022235501', '3313641195', '', '', '', '', 0),
(98, 'Ilyas Khan &amp; Naveed Khan', 'Mr. Ilyas &amp; Naveed', '', '', '3003372109', '3002256270', '', '', '', '', 0),
(99, 'Al Makkah Stone', 'Mr. Mustaqeem', '', '', '3122524398', '3222072496', '', '', '', '', 0),
(100, 'Saleem Khan Block', 'Mr. Saleem / Shahzad', '', '', '3030272932', '3132394284', '', '', '', '', 0),
(101, 'Ali Haider Block', 'Mr. Ali Akber / Fazal', '', '', '3172493344', '3429788347', '', '', '', '', 0),
(102, 'Bismillah Steel Works', 'Mr. Umair', '', '', '3332130751', '3012263324', '', '', '', '', 0),
(103, 'Kopak Paints Ltd.', 'Mr. Najeeb / Arif', '', '', '3351117286', '3332149171', '', '', '', '', 0),
(104, 'Nadir Elevator Ser.', 'Mr. Nadir', '', '', '3113035000', '3009290308', '', '', '', '', 0),
(105, 'YAM Electronics', '', '', '', '3314125582', '', '', '', '', '', 0),
(106, 'Zain Traders', 'Mr Zain', '', '', '3122875374', '3112610499', '', '', '', '', 0),
(107, 'Dua Ceramic', 'Mr. Faheem', '', '', '3152261409', '3002261409', '', '', '', '', 0),
(108, 'Syed Sons ( Sanitary)', 'Mr. Ahsan', '', '', '3333585391', '3452819193', '', '', '', '', 0),
(109, 'Shujai Sanitry', 'Mr. Ammar', '', '', '3213364952', '3003364952', '', '', '', '', 0),
(110, 'Ultra Constr. Chemical', 'Mr. Khawar Sohail', '', '', '3152160619', '', '', 'ultra_karachi@yahoo.com', '', '', 0),
(111, 'Ejaz Chemical', 'Mr. Ejaz', '', '', '3312353748', '', '', '', '', '', 0),
(112, 'Imran Timber ', 'Mr. Ahmed Ramzani', '', '', '3333020534', '', '', '', '', '', 0),
(113, 'Faisal Timber', 'Mr. Tariq', '', '', '3350215460', '3151220308', '', '', '', '', 0),
(114, 'Faisal Timber', 'Mr. Tariq', '', '', '3350215460', '3151220308', '', '', '', '', 0),
(115, 'Vetement Corporation', 'Mr. Sami Ullah', '', '', '3217191879', '', '', '', '', '', 0),
(116, 'Steel Iron', 'Mr. Yameen', '', '', '3223305143', '3012500486', '', '', '', '', 0),
(117, 'Jasmine Wood Work', 'Mr. Farooq', '', '', '3002628429', '3222628429', '', '', '', '', 0),
(118, 'Shahzad Water Tanker', 'Mr.Shahzad', '', '', '3002619676', '', '', '', '', '', 0),
(119, 'Shahzad Water Tanker', 'Mr.Shahzad', '', '', '3002619676', '', '', '', '', '', 0),
(120, 'Abdullah Catering', 'Mr. Abdullah', '', '', '3328214782', '', '', '', '', '', 0),
(121, 'Al Khair Pakwan', 'Mr. Noman', '', '', '0336-0211969', '0322-2729196', '', '', '', '', 0),
(122, 'Adeel News Paper Agency', 'Mr. Adeel', '', '', '3332224951', '', '', '', '', '', 0),
(123, 'Zafar Arain Electrician', 'Mr. Zafar Arain', '', '', '3042936762', '3126416016', '', '', '', '', 0),
(124, 'Ejaz Plumber', 'Mr. Ejaz', '', '', '3132007343', '3482808113', '', '', '', '', 0),
(125, 'Ghazanfar Plumber', 'Mr. Ghazanfar', '', '', '3453377283', '', '', '', '', '', 0),
(126, 'Jamshed Painter', '', '', '', '0300-3073545', '', '', '', '', '', 0),
(127, 'Asif Painter', 'Mr. Asif', '', '', '0304-2633983', '', '', '', '', '', 0),
(128, 'Shahid Painter', 'Mr. Shahid', '', '', '0305-8787421', '', '', '', '', '', 0),
(129, 'Carpenter', 'Mr. Rajab Ali', '', '', '0312-8365184', '0302-1590702', '', '', '', '', 0),
(130, 'Default', 'Default', '', '', '', '', '', '', '', '', 0),
(132, 'Mr. Muhammad Ashraf ', 'Mr. Muhammad Ashraf ', '', 'H. No. E-2 Al Falah Housing Society Shah Faisal Karachi.', '03312443224', '', '', '', '', '', 0),
(133, 'Ultra Chemical', '', '', '', '', '', '', '', '', '', 0),
(134, 'Asad Lohar', '', '', '', '', '', '', '', '', '', 0),
(135, 'Zafar Electrician', 'Mr. Zafar Arain', '', '', '00923126416016', '00923042936762', '', '', '', '', 0),
(136, 'Ghazanfar Plumber', 'Mr Ghazanfar', '', '', '00923453377283', '', '', '', '', '', 0),
(137, 'Wisal Khan Material Supplier', 'Shamat Khan', '', '', '03009059679', '', '', '', '', '', 0),
(138, 'Mr. Ishtiaq Jafri', 'Mr. Ishtiaq Jafri', '', 'North Nazimabad', '03362562569', '', '', '', '', '', 0),
(139, 'Universal Cable', 'Mr. Asif / Zeeshan / Arsalan / Azam', '', 'Nazimzabad', '03343154988', '03333426602', '', '', '', '', 0),
(140, 'Madina Paint', 'Ameer Hamza', '', 'Shop # 01, Ancholi Society Scheme 33, Karachi', '03122975860', '', '', '', '', '', 0),
(141, 'Yousuf Stone', '', '', 'Showroom: Super Highway, Jamali Pull Near Rabbani Jamia Masjid Karachi', '03332155260', '', '', '', '', '', 0),
(142, 'Adnan Tiles', 'Mr. Adnan Malik', '', 'Shop # 9, Noor Center Plot # 142, Sector 29 Near Al Azhar Garden Scheme 33, Karachi', '03360850327', '03171245309', '', '', '', '', 0),
(143, 'PTCL', 'Qazi Mohammad Ahsan', '', 'PTCL Warehouse KHI', '03333000810', '', '', 'hsan.mohammad@ptclgroup.com', '', '', 0),
(144, 'Shahid Khan', '', '', '', '', '', '', '', '', '', 0),
(145, '', '', '', '', '', '', '', '', '', '', 0),
(146, 'D-196 Mr. Irfan', 'D-196 Mr. Irfan', '', 'ddd', '000052225455555', '', '', '', '', '', 0),
(147, 'ABC Material', '', '', 'New Unknown Vendor', '', '', '', '', '', '', 0),
(148, 'AQ', 'abdul qadir', '', '', '', '', '', '', '', '', 0),
(149, 'ABC Tile', '', '', '', '', '', '', '', '', '', 0),
(150, 'Al Falah TIles &amp; Marble', 'Shahzad &amp; Ayub Khan', '', 'Plot # C-18 Sumera Chowk Jamali pul Quetta Town Karachi.', '0316-8636357', '0308-3530474', '', '', '', '', 0),
(151, 'Zam Zam Aluminum &amp; Glass', '', '', '', '', '', '', '', '', '', 0),
(152, 'ABC Chemical', '', '', 'Karachi.', '', '', '', '', '', '', 0),
(153, 'UMER', 'UMER', '', 'adasdaisduhiquw', '09007861', '0213498774', '', '', '', '', 0),
(154, 'mohammad umer', 'mohammad umer', '', 'adasdaisduhiquw', '09007861', '0213498774', '', '', '', '', 0),
(155, 'shuja', 'shuja', '', 'hksdjfhskdjhfksjd', '09007861', '0213498774', '', '', '', '', 0),
(156, 'ABC Block', '', '', '', '', '', '', '', '', '', 0),
(157, '', '', '', '', '', '', '', '', '', '', 0),
(158, '', '', '', '', '', '', '', '', '', '', 0),
(159, '', '', '', '', '', '', '', '', '', '', 0),
(160, 'hamza', 'hamza', '', 'df', '45454545', '454545', '', '', '', '', 0),
(161, 'aqib', 'aqib', '', '232323', '343434', '343434', '', '', '', '', 0),
(162, '', '', '', '', '', '', '', '', '', '', 0),
(163, 'Ammar', 'Muhammad Ammar', '', 'Jauhar blk 4', '03443062572', '', '', 'accesstoammar@gmail.com', '', '', 0),
(164, 'Abc user', 'Abc user', '', 'some', '343434', '4454545', '', '', '', '', 0),
(165, '', '', '', '', '', '', '', '', '', '', 0),
(166, 'Test user', 'Test user', '', 'some address', '154545454', '154545454', '', '', '', '', 0),
(167, 'Ammad zafar', 'Ammad zafar', '', 'nazimabad', '125454545', '45454545', '', '', '', '', 0),
(168, 'Muhammad Huzaifa', 'Muhammad Huzaifa', '', 'Jauhar blk 4', '09090990909', '03443062572', '', '', '', '', 0),
(169, 'test', 'test', '', 'tgfgfg', '4545454', '54545', '', '', '', '', 0),
(170, 'UMER', 'UMER', '', 'adasdasd', '09090909909', '2139120931209', '', '', '', '', 0);

-- --------------------------------------------------------

--
-- Table structure for table `erp_replica_currencies`
--

CREATE TABLE `erp_replica_currencies` (
  `currency` varchar(60) COLLATE utf8_unicode_ci NOT NULL DEFAULT '',
  `curr_abrev` char(3) COLLATE utf8_unicode_ci NOT NULL DEFAULT '',
  `curr_symbol` varchar(10) COLLATE utf8_unicode_ci NOT NULL DEFAULT '',
  `country` varchar(100) COLLATE utf8_unicode_ci NOT NULL DEFAULT '',
  `hundreds_name` varchar(15) COLLATE utf8_unicode_ci NOT NULL DEFAULT '',
  `auto_update` tinyint(1) NOT NULL DEFAULT '1',
  `inactive` tinyint(1) NOT NULL DEFAULT '0'
) ENGINE=InnoDB DEFAULT CHARSET=utf8 COLLATE=utf8_unicode_ci;

--
-- Dumping data for table `erp_replica_currencies`
--

INSERT INTO `erp_replica_currencies` (`currency`, `curr_abrev`, `curr_symbol`, `country`, `hundreds_name`, `auto_update`, `inactive`) VALUES
('PKR', 'PKR', 'PKR', 'Pakistan', 'Rupees', 0, 0);

-- --------------------------------------------------------

--
-- Table structure for table `erp_replica_cust_allocations`
--

CREATE TABLE `erp_replica_cust_allocations` (
  `id` int(11) NOT NULL,
  `person_id` int(11) DEFAULT NULL,
  `amt` double UNSIGNED DEFAULT NULL,
  `date_alloc` date NOT NULL DEFAULT '0000-00-00',
  `trans_no_from` int(11) DEFAULT NULL,
  `trans_type_from` int(11) DEFAULT NULL,
  `trans_no_to` int(11) DEFAULT NULL,
  `trans_type_to` int(11) DEFAULT NULL
) ENGINE=InnoDB DEFAULT CHARSET=utf8 COLLATE=utf8_unicode_ci;

--
-- Dumping data for table `erp_replica_cust_allocations`
--

INSERT INTO `erp_replica_cust_allocations` (`id`, `person_id`, `amt`, `date_alloc`, `trans_no_from`, `trans_type_from`, `trans_no_to`, `trans_type_to`) VALUES
(1, 13, 90000, '2024-04-29', 4, 12, 2, 10);

-- --------------------------------------------------------

--
-- Table structure for table `erp_replica_cust_branch`
--

CREATE TABLE `erp_replica_cust_branch` (
  `branch_code` int(11) NOT NULL,
  `debtor_no` int(11) NOT NULL DEFAULT '0',
  `br_name` varchar(60) COLLATE utf8_unicode_ci NOT NULL DEFAULT '',
  `branch_ref` varchar(60) COLLATE utf8_unicode_ci NOT NULL,
  `br_address` tinytext COLLATE utf8_unicode_ci NOT NULL,
  `area` int(11) DEFAULT NULL,
  `salesman` int(11) NOT NULL DEFAULT '0',
  `default_location` varchar(5) COLLATE utf8_unicode_ci NOT NULL DEFAULT '',
  `tax_group_id` int(11) DEFAULT NULL,
  `sales_account` varchar(15) COLLATE utf8_unicode_ci NOT NULL DEFAULT '',
  `sales_discount_account` varchar(15) COLLATE utf8_unicode_ci NOT NULL DEFAULT '',
  `receivables_account` varchar(15) COLLATE utf8_unicode_ci NOT NULL DEFAULT '',
  `payment_discount_account` varchar(15) COLLATE utf8_unicode_ci NOT NULL DEFAULT '',
  `default_ship_via` int(11) NOT NULL DEFAULT '1',
  `br_post_address` tinytext COLLATE utf8_unicode_ci NOT NULL,
  `group_no` int(11) NOT NULL DEFAULT '0',
  `notes` tinytext COLLATE utf8_unicode_ci NOT NULL,
  `bank_account` varchar(60) COLLATE utf8_unicode_ci DEFAULT NULL,
  `inactive` tinyint(1) NOT NULL DEFAULT '0'
) ENGINE=InnoDB DEFAULT CHARSET=utf8 COLLATE=utf8_unicode_ci;

--
-- Dumping data for table `erp_replica_cust_branch`
--

INSERT INTO `erp_replica_cust_branch` (`branch_code`, `debtor_no`, `br_name`, `branch_ref`, `br_address`, `area`, `salesman`, `default_location`, `tax_group_id`, `sales_account`, `sales_discount_account`, `receivables_account`, `payment_discount_account`, `default_ship_via`, `br_post_address`, `group_no`, `notes`, `bank_account`, `inactive`) VALUES
(1, 1, 'Default', 'Default', '', 1, 1, '00001', 3, '', '4510', '1200', '4500', 1, '', 0, '', NULL, 0),
(3, 3, 'Mr. Muhammad Ashraf ', 'Mr. Muhammad Ashraf ', 'H. No. E-2 Al Falah Housing Society Shah Faisal Karachi.', 0, 0, 'DEF', 2, '', '4510', '1200', '4500', 0, 'H. No. E-2 Al Falah Housing Society Shah Faisal Karachi.', 0, '', NULL, 0),
(4, 4, 'Mr. Ishtiaq Jafri', 'Mr. Ishtiaq Jafri', 'North Nazimabad', 0, 0, 'DEF', 2, '', '4510', '1200', '4500', 0, 'North Nazimabad', 0, '', NULL, 0),
(6, 4, 'Usman Builder', 'UBD', '', 1, 1, '00002', 3, '', '4510', '1200', '4500', 1, '', 0, '', NULL, 0),
(7, 6, 'D-196 Mr. Irfan', 'D-196 Mr. Irfan', 'ddd', 1, 1, 'DEF', 2, '', '4510', '1200', '4500', 0, 'ddd', 0, '', NULL, 0),
(8, 7, 'abdul qadir', 'AQ', '', 1, 1, '00006', 3, '', '4510', '1200', '4500', 1, '', 0, '', NULL, 0),
(9, 8, 'UMER', 'UMER', 'adasdaisduhiquw', 0, 0, 'DEF', 2, '', '4510', '1200', '4500', 0, 'adasdaisduhiquw', 0, '', NULL, 0),
(10, 9, 'mohammad umer', 'mohammad umer', 'adasdaisduhiquw', 0, 0, 'DEF', 2, '', '4510', '1200', '4500', 0, 'adasdaisduhiquw', 0, '', NULL, 0),
(11, 10, 'shuja', 'shuja', 'hksdjfhskdjhfksjd', 0, 0, 'DEF', 2, '', '4510', '1200', '4500', 0, 'hksdjfhskdjhfksjd', 0, '', NULL, 0),
(12, 6, 'Usman Builder', 'UBD', '', 1, 1, '00006', 3, '', '4510', '1200', '4500', 1, '', 0, '', NULL, 0),
(13, 6, 'Irfan branch', 'Irfan branch', '', 1, 1, '00006', 3, '', '4510', '1200', '4500', 1, '', 0, '', NULL, 0),
(14, 10, 'Shuja', 'shuja', '', 1, 1, '00006', 3, '', '4510', '1200', '4500', 2, '', 0, '', NULL, 0),
(15, 11, 'hamza', 'hamza', 'df', 0, 0, 'DEF', 2, '', '4510', '1200', '4500', 0, 'df', 0, '', NULL, 0),
(16, 12, 'aqib', 'aqib', '232323', 0, 0, 'DEF', 2, '', '4510', '1200', '4500', 0, '232323', 0, '', NULL, 0),
(17, 12, 'aqib', 'aqib', '', 1, 1, '00006', 3, '', '4510', '1200', '4500', 1, '', 0, '', NULL, 0),
(18, 13, 'Muhammad Ammar', 'Ammar', 'Jauhar blk 4', 1, 1, '00006', 3, '', '4510', '1200', '4500', 1, 'Jauhar blk 4', 0, '', NULL, 0),
(19, 14, 'Abc user', 'Abc user', 'some', 1, 1, '00006', 3, '', '4510', '1200', '4500', 0, 'some', 0, '', NULL, 0),
(20, 14, 'abc', 'abc', '', 1, 1, '00006', 3, '', '4510', '1200', '4500', 1, '', 0, '', NULL, 0),
(21, 15, 'Test user', 'Test user', 'some address', 1, 1, 'DEF', 3, '', '4510', '1200', '4500', 0, 'some address', 0, '', NULL, 0),
(22, 16, 'Ammad zafar', 'Ammad zafar', 'nazimabad', 1, 1, '00006', 3, '', '4510', '1200', '4500', 0, 'nazimabad', 0, '', NULL, 0),
(23, 17, 'Muhammad Huzaifa', 'Muhammad Huzaifa', 'Jauhar blk 4', 1, 1, '00006', 3, '', '4510', '1200', '4500', 0, 'Jauhar blk 4', 0, '', NULL, 0),
(24, 18, 'test', 'test', 'tgfgfg', 1, 1, '00006', 3, '', '4510', '1200', '4500', 0, 'tgfgfg', 0, '', NULL, 0),
(25, 19, 'UMER', 'UMER', 'adasdasd', 1, 1, '00006', 3, '', '4510', '1200', '4500', 0, 'adasdasd', 0, '', NULL, 0);

-- --------------------------------------------------------

--
-- Table structure for table `erp_replica_debtors_master`
--

CREATE TABLE `erp_replica_debtors_master` (
  `debtor_no` int(11) NOT NULL,
  `name` varchar(100) COLLATE utf8_unicode_ci NOT NULL DEFAULT '',
  `debtor_ref` varchar(30) COLLATE utf8_unicode_ci NOT NULL,
  `address` tinytext COLLATE utf8_unicode_ci,
  `tax_id` varchar(55) COLLATE utf8_unicode_ci NOT NULL DEFAULT '',
  `curr_code` char(10) COLLATE utf8_unicode_ci NOT NULL DEFAULT '',
  `sales_type` int(11) NOT NULL DEFAULT '1',
  `dimension_id` int(11) NOT NULL DEFAULT '0',
  `dimension2_id` int(11) NOT NULL DEFAULT '0',
  `credit_status` int(11) NOT NULL DEFAULT '0',
  `payment_terms` int(11) DEFAULT NULL,
  `discount` double NOT NULL DEFAULT '0',
  `pymt_discount` double NOT NULL DEFAULT '0',
  `credit_limit` float NOT NULL DEFAULT '1000',
  `notes` tinytext COLLATE utf8_unicode_ci NOT NULL,
  `inactive` tinyint(1) NOT NULL DEFAULT '0'
) ENGINE=InnoDB DEFAULT CHARSET=utf8 COLLATE=utf8_unicode_ci;

--
-- Dumping data for table `erp_replica_debtors_master`
--

INSERT INTO `erp_replica_debtors_master` (`debtor_no`, `name`, `debtor_ref`, `address`, `tax_id`, `curr_code`, `sales_type`, `dimension_id`, `dimension2_id`, `credit_status`, `payment_terms`, `discount`, `pymt_discount`, `credit_limit`, `notes`, `inactive`) VALUES
(1, 'Default', 'Default', '', '', 'PKR', 3, 0, 0, 1, 4, 0, 0, 1000, '', 0),
(3, 'Mr. Muhammad Ashraf ', 'Mr. Muhammad Ashraf ', 'H. No. E-2 Al Falah Housing Society Shah Faisal Karachi.', '0', 'PKR', 1, 0, 0, 0, 0, 0, 0, 1000, '', 0),
(4, 'Mr. Ishtiaq Jafri', 'Mr. Ishtiaq Jafri', 'North Nazimabad', '0', 'PKR', 1, 0, 0, 0, 0, 0, 0, 1000, '', 0),
(6, 'D-196 Mr. Irfan', 'D-196 Mr. Irfan', 'ddd', '0', 'PKR', 1, 0, 0, 1, 4, 0, 0, 1000, '', 0),
(9, 'mohammad umer', 'mohammad umer', 'adasdaisduhiquw', '0', 'PKR', 1, 0, 0, 0, 0, 0, 0, 1000, '', 0),
(10, 'shuja 123', 'shuja 123', '', '0', 'PKR', 1, 0, 0, 1, 1, 0, 0, 1000, '', 0),
(11, 'hamza', 'hamza', 'df', '0', 'PKR', 1, 0, 0, 0, 0, 0, 0, 1000, '', 0),
(12, 'aqib', 'aqib', '232323', '0', 'PKR', 1, 0, 0, 0, 0, 0, 0, 1000, '', 0),
(13, 'Muhammad Ammar', 'Ammar', 'Jauhar blk 4', '', 'PKR', 3, 0, 0, 1, 4, 0, 0, 1000, '', 0),
(14, 'Abc user', 'Abc user', 'some', '0', 'PKR', 1, 0, 0, 0, 0, 0, 0, 1000, '', 0),
(15, 'Test user', 'Test user', 'some address', '0', 'PKR', 1, 0, 0, 0, 0, 0, 0, 1000, '', 0),
(16, 'Ammad zafar', 'Ammad zafar', 'nazimabad', '0', 'PKR', 1, 0, 0, 0, 0, 0, 0, 1000, '', 0),
(17, 'Muhammad Huzaifa', 'Muhammad Huzaifa', 'Jauhar blk 4', '0', 'PKR', 1, 0, 0, 0, 0, 0, 0, 1000, '', 0),
(18, 'test', 'test', 'tgfgfg', '0', 'PKR', 1, 0, 0, 0, 0, 0, 0, 1000, '', 0),
(19, 'UMER', 'UMER', 'adasdasd', '0', 'PKR', 1, 0, 0, 0, 0, 0, 0, 1000, '', 0);

-- --------------------------------------------------------

--
-- Table structure for table `erp_replica_debtor_trans`
--

CREATE TABLE `erp_replica_debtor_trans` (
  `trans_no` int(10) UNSIGNED NOT NULL DEFAULT '0',
  `type` smallint(5) UNSIGNED NOT NULL DEFAULT '0',
  `version` tinyint(3) UNSIGNED NOT NULL DEFAULT '0',
  `debtor_no` int(10) UNSIGNED NOT NULL,
  `branch_code` int(11) NOT NULL DEFAULT '-1',
  `tran_date` date NOT NULL DEFAULT '0000-00-00',
  `due_date` date NOT NULL DEFAULT '0000-00-00',
  `reference` varchar(60) COLLATE utf8_unicode_ci NOT NULL DEFAULT '',
  `tpe` int(11) NOT NULL DEFAULT '0',
  `order_` int(11) NOT NULL DEFAULT '0',
  `ov_amount` double NOT NULL DEFAULT '0',
  `ov_gst` double NOT NULL DEFAULT '0',
  `ov_freight` double NOT NULL DEFAULT '0',
  `ov_freight_tax` double NOT NULL DEFAULT '0',
  `ov_discount` double NOT NULL DEFAULT '0',
  `alloc` double NOT NULL DEFAULT '0',
  `prep_amount` double NOT NULL DEFAULT '0',
  `rate` double NOT NULL DEFAULT '1',
  `ship_via` int(11) DEFAULT NULL,
  `dimension_id` int(11) NOT NULL DEFAULT '0',
  `dimension2_id` int(11) NOT NULL DEFAULT '0',
  `payment_terms` int(11) DEFAULT NULL,
  `tax_included` tinyint(3) UNSIGNED NOT NULL DEFAULT '0',
  `isProject` tinyint(4) NOT NULL DEFAULT '0'
) ENGINE=InnoDB DEFAULT CHARSET=utf8 COLLATE=utf8_unicode_ci;

--
-- Dumping data for table `erp_replica_debtor_trans`
--

INSERT INTO `erp_replica_debtor_trans` (`trans_no`, `type`, `version`, `debtor_no`, `branch_code`, `tran_date`, `due_date`, `reference`, `tpe`, `order_`, `ov_amount`, `ov_gst`, `ov_freight`, `ov_freight_tax`, `ov_discount`, `alloc`, `prep_amount`, `rate`, `ship_via`, `dimension_id`, `dimension2_id`, `payment_terms`, `tax_included`, `isProject`) VALUES
(1, 1, 0, 3, 3, '2022-10-25', '0000-00-00', '001/2022	', 0, 0, 125000, 0, 0, 0, 0, 0, 0, 1, 0, 0, 0, NULL, 0, 0),
(74, 1, 0, 4, 4, '2023-01-01', '0000-00-00', '007/2023	', 0, 0, 37660, 0, 0, 0, 0, 0, 0, 1, 0, 0, 0, NULL, 0, 0),
(75, 1, 0, 4, 4, '2023-01-15', '0000-00-00', '008/2023	', 0, 0, 66380, 0, 0, 0, 0, 0, 0, 1, 0, 0, 0, NULL, 0, 0),
(116, 1, 0, 6, 7, '2023-12-14', '0000-00-00', '035/2023	', 0, 0, 170, 0, 0, 0, 0, 0, 0, 1, 0, 0, 0, NULL, 0, 0),
(117, 1, 0, 6, 7, '2023-12-14', '0000-00-00', '036/2023	', 0, 0, 3900, 0, 0, 0, 0, 0, 0, 1, 0, 0, 0, NULL, 0, 0),
(127, 1, 0, 14, 20, '2024-05-06', '0000-00-00', '012/2024	', 0, 0, 132, 0, 0, 0, 0, 0, 0, 1, 0, 0, 0, NULL, 0, 0),
(2, 2, 1, 3, 3, '2022-05-02', '0000-00-00', '001/2022	', 0, 0, 0, 0, 0, 0, 0, 0, 0, 1, 0, 0, 0, NULL, 0, 0),
(3, 2, 0, 3, 3, '2022-05-02', '0000-00-00', '001/2022	', 0, 0, 350000, 0, 0, 0, 0, 0, 0, 1, 0, 0, 0, NULL, 0, 0),
(4, 2, 0, 3, 3, '2022-06-10', '0000-00-00', '002/2022	', 0, 0, 50000, 0, 0, 0, 0, 0, 0, 1, 0, 0, 0, NULL, 0, 0),
(5, 2, 0, 3, 3, '2022-06-13', '0000-00-00', '003/2022	', 0, 0, 1000000, 0, 0, 0, 0, 0, 0, 1, 0, 0, 0, NULL, 0, 0),
(6, 2, 0, 3, 3, '2022-06-18', '0000-00-00', '004/2022	', 0, 0, 1600000, 0, 0, 0, 0, 0, 0, 1, 0, 0, 0, NULL, 0, 0),
(7, 2, 0, 3, 3, '2022-10-15', '0000-00-00', '005/2022	', 0, 0, 200000, 0, 0, 0, 0, 0, 0, 1, 0, 0, 0, NULL, 0, 0),
(8, 2, 0, 3, 3, '2022-10-15', '0000-00-00', '006/2022	', 0, 0, 100000, 0, 0, 0, 0, 0, 0, 1, 0, 0, 0, NULL, 0, 0),
(9, 2, 0, 3, 3, '2022-10-25', '0000-00-00', '007/2022	', 0, 0, 75000, 0, 0, 0, 0, 0, 0, 1, 0, 0, 0, NULL, 0, 0),
(10, 2, 0, 3, 3, '2022-10-25', '0000-00-00', '008/2022	', 0, 0, 125000, 0, 0, 0, 0, 0, 0, 1, 0, 0, 0, NULL, 0, 0),
(11, 2, 0, 3, 3, '2022-11-12', '0000-00-00', '009/2022	', 0, 0, 700000, 0, 0, 0, 0, 0, 0, 1, 0, 0, 0, NULL, 0, 0),
(12, 2, 0, 3, 3, '2022-11-20', '0000-00-00', '010/2022	', 0, 0, 300000, 0, 0, 0, 0, 0, 0, 1, 0, 0, 0, NULL, 0, 0),
(13, 2, 0, 3, 3, '2022-11-25', '0000-00-00', '011/2022	', 0, 0, 50000, 0, 0, 0, 0, 0, 0, 1, 0, 0, 0, NULL, 0, 0),
(14, 2, 0, 3, 3, '2022-11-25', '0000-00-00', '012/2022	', 0, 0, 100000, 0, 0, 0, 0, 0, 0, 1, 0, 0, 0, NULL, 0, 0),
(15, 2, 0, 3, 3, '2022-12-15', '0000-00-00', '013/2022	', 0, 0, 350000, 0, 0, 0, 0, 0, 0, 1, 0, 0, 0, NULL, 0, 0),
(16, 2, 0, 3, 3, '2022-12-24', '0000-00-00', '014/2022	', 0, 0, 400000, 0, 0, 0, 0, 0, 0, 1, 0, 0, 0, NULL, 0, 0),
(17, 2, 0, 3, 3, '2023-01-10', '0000-00-00', '001/2023	', 0, 0, 400000, 0, 0, 0, 0, 0, 0, 1, 0, 0, 0, NULL, 0, 0),
(18, 2, 0, 3, 3, '2023-01-12', '0000-00-00', '002/2023	', 0, 0, 400000, 0, 0, 0, 0, 0, 0, 1, 0, 0, 0, NULL, 0, 0),
(19, 2, 0, 3, 3, '2023-01-13', '0000-00-00', '003/2023	', 0, 0, 200000, 0, 0, 0, 0, 0, 0, 1, 0, 0, 0, NULL, 0, 0),
(20, 2, 0, 3, 3, '2023-01-26', '0000-00-00', '004/2023	', 0, 0, 87000, 0, 0, 0, 0, 0, 0, 1, 0, 0, 0, NULL, 0, 0),
(21, 2, 0, 3, 3, '2023-01-30', '0000-00-00', '005/2023	', 0, 0, 500000, 0, 0, 0, 0, 0, 0, 1, 0, 0, 0, NULL, 0, 0),
(22, 2, 0, 3, 3, '2023-02-02', '0000-00-00', '006/2023	', 0, 0, 1000000, 0, 0, 0, 0, 0, 0, 1, 0, 0, 0, NULL, 0, 0),
(23, 2, 0, 3, 3, '2023-02-03', '0000-00-00', '007/2023	', 0, 0, 750000, 0, 0, 0, 0, 0, 0, 1, 0, 0, 0, NULL, 0, 0),
(24, 2, 0, 3, 3, '2023-03-21', '0000-00-00', '008/2023	', 0, 0, 400000, 0, 0, 0, 0, 0, 0, 1, 0, 0, 0, NULL, 0, 0),
(25, 2, 0, 3, 3, '2023-03-29', '0000-00-00', '009/2023	', 0, 0, 500000, 0, 0, 0, 0, 0, 0, 1, 0, 0, 0, NULL, 0, 0),
(26, 2, 0, 3, 3, '2023-04-05', '0000-00-00', '010/2023	', 0, 0, 650000, 0, 0, 0, 0, 0, 0, 1, 0, 0, 0, NULL, 0, 0),
(27, 2, 0, 3, 3, '2023-04-06', '0000-00-00', '011/2023	', 0, 0, 400000, 0, 0, 0, 0, 0, 0, 1, 0, 0, 0, NULL, 0, 0),
(28, 2, 0, 3, 3, '2023-04-18', '0000-00-00', '012/2023	', 0, 0, 100000, 0, 0, 0, 0, 0, 0, 1, 0, 0, 0, NULL, 0, 0),
(29, 2, 0, 3, 3, '2023-04-25', '0000-00-00', '013/2023	', 0, 0, 200000, 0, 0, 0, 0, 0, 0, 1, 0, 0, 0, NULL, 0, 0),
(30, 2, 0, 3, 3, '2023-04-29', '0000-00-00', '014/2023	', 0, 0, 450000, 0, 0, 0, 0, 0, 0, 1, 0, 0, 0, NULL, 0, 0),
(31, 2, 0, 3, 3, '2023-05-06', '0000-00-00', '015/2023	', 0, 0, 100000, 0, 0, 0, 0, 0, 0, 1, 0, 0, 0, NULL, 0, 0),
(32, 2, 0, 3, 3, '2023-05-08', '0000-00-00', '016/2023	', 0, 0, 500000, 0, 0, 0, 0, 0, 0, 1, 0, 0, 0, NULL, 0, 0),
(33, 2, 0, 3, 3, '2023-05-17', '0000-00-00', '017/2023	', 0, 0, 100000, 0, 0, 0, 0, 0, 0, 1, 0, 0, 0, NULL, 0, 0),
(34, 2, 0, 3, 3, '2023-05-24', '0000-00-00', '018/2023	', 0, 0, 800000, 0, 0, 0, 0, 0, 0, 1, 0, 0, 0, NULL, 0, 0),
(35, 2, 0, 3, 3, '2023-05-30', '0000-00-00', '019/2023	', 0, 0, 200000, 0, 0, 0, 0, 0, 0, 1, 0, 0, 0, NULL, 0, 0),
(36, 2, 0, 3, 3, '2023-06-25', '0000-00-00', '020/2023	', 0, 0, 900000, 0, 0, 0, 0, 0, 0, 1, 0, 0, 0, NULL, 0, 0),
(37, 2, 0, 3, 3, '2023-07-04', '0000-00-00', '021/2023	', 0, 0, 100000, 0, 0, 0, 0, 0, 0, 1, 0, 0, 0, NULL, 0, 0),
(38, 2, 0, 3, 3, '2023-07-04', '0000-00-00', '022/2023	', 0, 0, 250000, 0, 0, 0, 0, 0, 0, 1, 0, 0, 0, NULL, 0, 0),
(39, 2, 0, 3, 3, '2023-07-12', '0000-00-00', '023/2023	', 0, 0, 68000, 0, 0, 0, 0, 0, 0, 1, 0, 0, 0, NULL, 0, 0),
(40, 2, 0, 3, 3, '2023-07-20', '0000-00-00', '024/2023	', 0, 0, 50000, 0, 0, 0, 0, 0, 0, 1, 0, 0, 0, NULL, 0, 0),
(41, 2, 0, 3, 3, '2023-07-21', '0000-00-00', '025/2023	', 0, 0, 100000, 0, 0, 0, 0, 0, 0, 1, 0, 0, 0, NULL, 0, 0),
(42, 2, 0, 3, 3, '2023-07-22', '0000-00-00', '026/2023	', 0, 0, 250000, 0, 0, 0, 0, 0, 0, 1, 0, 0, 0, NULL, 0, 0),
(43, 2, 0, 3, 3, '2023-07-25', '0000-00-00', '027/2023	', 0, 0, 100000, 0, 0, 0, 0, 0, 0, 1, 0, 0, 0, NULL, 0, 0),
(44, 2, 0, 3, 3, '2023-07-26', '0000-00-00', '028/2023	', 0, 0, 800000, 0, 0, 0, 0, 0, 0, 1, 0, 0, 0, NULL, 0, 0),
(45, 2, 0, 3, 3, '2023-07-31', '0000-00-00', '029/2023	', 0, 0, 150000, 0, 0, 0, 0, 0, 0, 1, 0, 0, 0, NULL, 0, 0),
(46, 2, 0, 3, 3, '2023-07-31', '0000-00-00', '030/2023	', 0, 0, 100000, 0, 0, 0, 0, 0, 0, 1, 0, 0, 0, NULL, 0, 0),
(47, 2, 0, 3, 3, '2023-08-03', '0000-00-00', '031/2023	', 0, 0, 125000, 0, 0, 0, 0, 0, 0, 1, 0, 0, 0, NULL, 0, 0),
(48, 2, 0, 3, 3, '2023-08-03', '0000-00-00', '032/2023	', 0, 0, 57145, 0, 0, 0, 0, 0, 0, 1, 0, 0, 0, NULL, 0, 0),
(49, 2, 0, 3, 3, '2023-08-07', '0000-00-00', '033/2023	', 0, 0, 350000, 0, 0, 0, 0, 0, 0, 1, 0, 0, 0, NULL, 0, 0),
(50, 2, 0, 3, 3, '2023-08-08', '0000-00-00', '034/2023	', 0, 0, 500000, 0, 0, 0, 0, 0, 0, 1, 0, 0, 0, NULL, 0, 0),
(51, 2, 0, 3, 3, '2023-08-12', '0000-00-00', '035/2023	', 0, 0, 1700000, 0, 0, 0, 0, 0, 0, 1, 0, 0, 0, NULL, 0, 0),
(52, 2, 0, 3, 3, '2023-08-16', '0000-00-00', '036/2023	', 0, 0, 100000, 0, 0, 0, 0, 0, 0, 1, 0, 0, 0, NULL, 0, 0),
(53, 2, 0, 3, 3, '2023-08-24', '0000-00-00', '037/2023	', 0, 0, 200000, 0, 0, 0, 0, 0, 0, 1, 0, 0, 0, NULL, 0, 0),
(54, 2, 0, 3, 3, '2023-08-31', '0000-00-00', '038/2023	', 0, 0, 1900000, 0, 0, 0, 0, 0, 0, 1, 0, 0, 0, NULL, 0, 0),
(55, 2, 0, 3, 3, '2023-09-01', '0000-00-00', '039/2023	', 0, 0, 1900000, 0, 0, 0, 0, 0, 0, 1, 0, 0, 0, NULL, 0, 0),
(56, 2, 0, 3, 3, '2023-09-05', '0000-00-00', '040/2023	', 0, 0, 75000, 0, 0, 0, 0, 0, 0, 1, 0, 0, 0, NULL, 0, 0),
(57, 2, 0, 3, 3, '2023-09-05', '0000-00-00', '041/2023	', 0, 0, 64000, 0, 0, 0, 0, 0, 0, 1, 0, 0, 0, NULL, 0, 0),
(58, 2, 0, 3, 3, '2023-09-14', '0000-00-00', '042/2023	', 0, 0, 250000, 0, 0, 0, 0, 0, 0, 1, 0, 0, 0, NULL, 0, 0),
(59, 2, 0, 3, 3, '2023-09-21', '0000-00-00', '043/2023	', 0, 0, 50000, 0, 0, 0, 0, 0, 0, 1, 0, 0, 0, NULL, 0, 0),
(60, 2, 0, 3, 3, '2023-09-21', '0000-00-00', '044/2023	', 0, 0, 96353, 0, 0, 0, 0, 0, 0, 1, 0, 0, 0, NULL, 0, 0),
(61, 2, 0, 3, 3, '2023-09-22', '0000-00-00', '045/2023	', 0, 0, 38420, 0, 0, 0, 0, 0, 0, 1, 0, 0, 0, NULL, 0, 0),
(62, 2, 0, 3, 3, '2023-10-05', '0000-00-00', '046/2023	', 0, 0, 90000, 0, 0, 0, 0, 0, 0, 1, 0, 0, 0, NULL, 0, 0),
(63, 2, 0, 3, 3, '2023-10-07', '0000-00-00', '047/2023	', 0, 0, 400000, 0, 0, 0, 0, 0, 0, 1, 0, 0, 0, NULL, 0, 0),
(64, 2, 0, 3, 3, '2023-10-10', '0000-00-00', '048/2023	', 0, 0, 500000, 0, 0, 0, 0, 0, 0, 1, 0, 0, 0, NULL, 0, 0),
(65, 2, 0, 3, 3, '2023-10-14', '0000-00-00', '049/2023	', 0, 0, 1200000, 0, 0, 0, 0, 0, 0, 1, 0, 0, 0, NULL, 0, 0),
(66, 2, 0, 3, 3, '2023-10-15', '0000-00-00', '050/2023	', 0, 0, 300000, 0, 0, 0, 0, 0, 0, 1, 0, 0, 0, NULL, 0, 0),
(67, 2, 0, 3, 3, '2023-10-28', '0000-00-00', '051/2023	', 0, 0, 500000, 0, 0, 0, 0, 0, 0, 1, 0, 0, 0, NULL, 0, 0),
(68, 2, 0, 3, 3, '2023-11-01', '0000-00-00', '052/2023	', 0, 0, 550000, 0, 0, 0, 0, 0, 0, 1, 0, 0, 0, NULL, 0, 0),
(69, 2, 0, 3, 3, '2023-11-04', '0000-00-00', '053/2023	', 0, 0, 200000, 0, 0, 0, 0, 0, 0, 1, 0, 0, 0, NULL, 0, 0),
(70, 2, 0, 3, 3, '2023-11-14', '0000-00-00', '054/2023	', 0, 0, 350000, 0, 0, 0, 0, 0, 0, 1, 0, 0, 0, NULL, 0, 0),
(71, 2, 0, 4, 4, '2022-12-15', '0000-00-00', '015/2022	', 0, 0, 600000, 0, 0, 0, 0, 0, 0, 1, 0, 0, 0, NULL, 0, 0),
(72, 2, 0, 4, 4, '2023-02-22', '0000-00-00', '055/2023	', 0, 0, 200000, 0, 0, 0, 0, 0, 0, 1, 0, 0, 0, NULL, 0, 0),
(73, 2, 0, 4, 4, '2023-02-26', '0000-00-00', '056/2023	', 0, 0, 40000, 0, 0, 0, 0, 0, 0, 1, 0, 0, 0, NULL, 0, 0),
(74, 2, 0, 4, 4, '2023-03-13', '0000-00-00', '057/2023	', 0, 0, 600000, 0, 0, 0, 0, 0, 0, 1, 0, 0, 0, NULL, 0, 0),
(75, 2, 0, 4, 4, '2023-03-21', '0000-00-00', '058/2023	', 0, 0, 700000, 0, 0, 0, 0, 0, 0, 1, 0, 0, 0, NULL, 0, 0),
(76, 2, 0, 4, 4, '2023-03-25', '0000-00-00', '059/2023	', 0, 0, 500000, 0, 0, 0, 0, 0, 0, 1, 0, 0, 0, NULL, 0, 0),
(77, 2, 0, 4, 4, '2023-03-30', '0000-00-00', '060/2023	', 0, 0, 350000, 0, 0, 0, 0, 0, 0, 1, 0, 0, 0, NULL, 0, 0),
(78, 2, 0, 4, 4, '2023-04-08', '0000-00-00', '061/2023	', 0, 0, 200000, 0, 0, 0, 0, 0, 0, 1, 0, 0, 0, NULL, 0, 0),
(79, 2, 0, 4, 4, '2023-04-19', '0000-00-00', '062/2023	', 0, 0, 150000, 0, 0, 0, 0, 0, 0, 1, 0, 0, 0, NULL, 0, 0),
(80, 2, 0, 4, 4, '2023-05-11', '0000-00-00', '063/2023	', 0, 0, 300000, 0, 0, 0, 0, 0, 0, 1, 0, 0, 0, NULL, 0, 0),
(81, 2, 0, 4, 4, '2023-05-17', '0000-00-00', '064/2023	', 0, 0, 150000, 0, 0, 0, 0, 0, 0, 1, 0, 0, 0, NULL, 0, 0),
(82, 2, 0, 4, 4, '2023-05-25', '0000-00-00', '065/2023	', 0, 0, 100000, 0, 0, 0, 0, 0, 0, 1, 0, 0, 0, NULL, 0, 0),
(83, 2, 0, 4, 4, '2023-06-09', '0000-00-00', '066/2023	', 0, 0, 200000, 0, 0, 0, 0, 0, 0, 1, 0, 0, 0, NULL, 0, 0),
(84, 2, 0, 4, 4, '2023-06-11', '0000-00-00', '067/2023	', 0, 0, 200000, 0, 0, 0, 0, 0, 0, 1, 0, 0, 0, NULL, 0, 0),
(85, 2, 0, 4, 4, '2023-08-10', '0000-00-00', '068/2023	', 0, 0, 120000, 0, 0, 0, 0, 0, 0, 1, 0, 0, 0, NULL, 0, 0),
(86, 2, 0, 4, 4, '2023-09-21', '0000-00-00', '069/2023	', 0, 0, 120000, 0, 0, 0, 0, 0, 0, 1, 0, 0, 0, NULL, 0, 0),
(87, 2, 0, 4, 4, '2023-10-11', '0000-00-00', '070/2023	', 0, 0, 120000, 0, 0, 0, 0, 0, 0, 1, 0, 0, 0, NULL, 0, 0),
(88, 2, 0, 4, 4, '2023-10-19', '0000-00-00', '071/2023	', 0, 0, 100000, 0, 0, 0, 0, 0, 0, 1, 0, 0, 0, NULL, 0, 0),
(89, 2, 0, 4, 4, '2023-12-01', '0000-00-00', '072/2023	', 0, 0, 200000, 0, 0, 0, 0, 0, 0, 1, 0, 0, 0, NULL, 0, 0),
(90, 2, 0, 4, 4, '2023-12-02', '0000-00-00', '073/2023	', 0, 0, 100000, 0, 0, 0, 0, 0, 0, 1, 0, 0, 0, NULL, 0, 0),
(91, 2, 0, 4, 4, '2023-12-06', '0000-00-00', '074/2023	', 0, 0, 80000, 0, 0, 0, 0, 0, 0, 1, 0, 0, 0, NULL, 0, 0),
(100, 2, 1, 4, 4, '2024-04-19', '0000-00-00', '004/2024	', 0, 0, 0, 0, 0, 0, 0, 0, 0, 1, 0, 0, 0, NULL, 0, 0),
(101, 2, 0, 4, 4, '2024-04-17', '0000-00-00', '004/2024	', 0, 0, 100000, 0, 0, 0, 0, 0, 0, 1, 0, 0, 0, NULL, 0, 0),
(102, 2, 0, 6, 7, '2023-12-14', '0000-00-00', '077/2023	', 0, 0, 200000, 0, 0, 0, 0, 0, 0, 1, 0, 0, 0, NULL, 0, 0),
(103, 2, 0, 6, 7, '2024-01-01', '0000-00-00', '005/2024	', 0, 0, 500000, 0, 0, 0, 0, 0, 0, 1, 0, 0, 0, NULL, 0, 0),
(104, 2, 0, 6, 7, '2024-01-11', '0000-00-00', '006/2024	', 0, 0, 500000, 0, 0, 0, 0, 0, 0, 1, 0, 0, 0, NULL, 0, 0),
(105, 2, 0, 6, 7, '2024-02-04', '0000-00-00', '007/2024	', 0, 0, 300000, 0, 0, 0, 0, 0, 0, 1, 0, 0, 0, NULL, 0, 0),
(106, 2, 0, 6, 7, '2024-02-18', '0000-00-00', '008/2024	', 0, 0, 400000, 0, 0, 0, 0, 0, 0, 1, 0, 0, 0, NULL, 0, 0),
(107, 2, 0, 6, 7, '2024-03-04', '0000-00-00', '009/2024	', 0, 0, 100000, 0, 0, 0, 0, 0, 0, 1, 0, 0, 0, NULL, 0, 0),
(108, 2, 0, 6, 7, '2024-03-15', '0000-00-00', '010/2024	', 0, 0, 100000, 0, 0, 0, 0, 0, 0, 1, 0, 0, 0, NULL, 0, 0),
(109, 2, 0, 6, 7, '2024-03-21', '0000-00-00', '011/2024	', 0, 0, 100000, 0, 0, 0, 0, 0, 0, 1, 0, 0, 0, NULL, 0, 0),
(110, 2, 0, 6, 7, '2024-05-05', '0000-00-00', '012/2024	', 0, 0, 100000, 0, 0, 0, 0, 0, 0, 1, 0, 0, 0, NULL, 0, 0),
(111, 2, 0, 13, 18, '2024-05-07', '0000-00-00', '013/2024	', 0, 0, 3500000, 0, 0, 0, 0, 0, 0, 1, 0, 0, 0, NULL, 0, 0),
(1, 10, 2, 5, 5, '2024-03-11', '2024-04-17', '001/2024', 3, 1, 0, 0, 0, 0, 0, 0, 0, 1, 1, 20, 0, 1, 0, 1),
(2, 10, 0, 13, 18, '2024-04-29', '2024-04-29', '001/2024', 3, 1, 90000, 0, 0, 0, 0, 90000, 0, 1, 1, 24, 0, 4, 0, 1),
(1, 12, 2, 5, 5, '2024-03-11', '0000-00-00', '001/2024', 0, 0, 0, 0, 0, 0, 0, 0, 0, 1, 0, 0, 0, NULL, 0, 0),
(2, 12, 2, 5, 5, '2024-03-19', '0000-00-00', '001/2024', 0, 0, 0, 0, 0, 0, 0, 0, 0, 1, 0, 0, 0, NULL, 0, 0),
(3, 12, 0, 13, 18, '2024-04-29', '0000-00-00', '001/2024', 0, 0, 90000, 0, 0, 0, 100, 0, 0, 1, 0, 0, 0, NULL, 0, 0),
(4, 12, 0, 13, 18, '2024-04-29', '0000-00-00', '002/2024', 0, 0, 90000, 0, 0, 0, 0, 90000, 0, 1, 0, 0, 0, NULL, 0, 0),
(5, 12, 0, 19, 25, '2024-05-05', '0000-00-00', '003/2024', 0, 0, 15000, 0, 0, 0, 0, 0, 0, 1, 0, 0, 0, NULL, 0, 0),
(1, 13, 2, 5, 5, '2024-03-11', '2024-04-17', 'auto', 3, 1, 0, 0, 0, 0, 0, 0, 0, 1, 1, 20, 0, 1, 0, 0),
(2, 13, 1, 13, 18, '2024-04-29', '2024-04-29', 'auto', 3, 1, 90000, 0, 0, 0, 0, 0, 0, 1, 1, 24, 0, 4, 0, 0);

-- --------------------------------------------------------

--
-- Table structure for table `erp_replica_debtor_trans_details`
--

CREATE TABLE `erp_replica_debtor_trans_details` (
  `id` int(11) NOT NULL,
  `debtor_trans_no` int(11) DEFAULT NULL,
  `debtor_trans_type` int(11) DEFAULT NULL,
  `stock_id` varchar(20) COLLATE utf8_unicode_ci NOT NULL DEFAULT '',
  `description` tinytext COLLATE utf8_unicode_ci,
  `unit_price` double NOT NULL DEFAULT '0',
  `unit_tax` double NOT NULL DEFAULT '0',
  `quantity` double NOT NULL DEFAULT '0',
  `discount_percent` double NOT NULL DEFAULT '0',
  `standard_cost` double NOT NULL DEFAULT '0',
  `qty_done` double NOT NULL DEFAULT '0',
  `src_id` int(11) NOT NULL
) ENGINE=InnoDB DEFAULT CHARSET=utf8 COLLATE=utf8_unicode_ci;

--
-- Dumping data for table `erp_replica_debtor_trans_details`
--

INSERT INTO `erp_replica_debtor_trans_details` (`id`, `debtor_trans_no`, `debtor_trans_type`, `stock_id`, `description`, `unit_price`, `unit_tax`, `quantity`, `discount_percent`, `standard_cost`, `qty_done`, `src_id`) VALUES
(1, 1, 13, '129', '', 0, 0, 0, 0, 0, 0, 0),
(2, 1, 13, '', '', 0, 0, 0, 0, 0, 0, 0),
(3, 1, 10, '129', 'Unit 3', 0, 0, 0, 0, 0, 0, 0),
(4, 1, 10, '', '', 0, 0, 0, 0, 0, 0, 0),
(5, 2, 13, '135', '', 90000, 0, 1, 0, 0, 0, 0),
(6, 2, 10, '135', '4th bb', 90000, 0, 1, 0, 0, 0, 0);

-- --------------------------------------------------------

--
-- Table structure for table `erp_replica_dimensions`
--

CREATE TABLE `erp_replica_dimensions` (
  `id` int(11) NOT NULL,
  `reference` varchar(60) COLLATE utf8_unicode_ci NOT NULL DEFAULT '',
  `name` varchar(60) COLLATE utf8_unicode_ci NOT NULL DEFAULT '',
  `type_` tinyint(1) NOT NULL DEFAULT '1',
  `closed` tinyint(1) NOT NULL DEFAULT '0',
  `date_` date NOT NULL DEFAULT '0000-00-00',
  `due_date` date NOT NULL DEFAULT '0000-00-00'
) ENGINE=InnoDB DEFAULT CHARSET=utf8 COLLATE=utf8_unicode_ci;

--
-- Dumping data for table `erp_replica_dimensions`
--

INSERT INTO `erp_replica_dimensions` (`id`, `reference`, `name`, `type_`, `closed`, `date_`, `due_date`) VALUES
(17, '002/2023', 'Mr. Ashraf House Plot B-86', 1, 0, '2023-10-24', '2023-11-24'),
(19, '001/2023	', 'Plot A1-10 QT', 1, 0, '2023-10-30', '2024-11-30'),
(24, '003/2024	', 'D-196 Mr. Irfan', 1, 0, '2024-04-19', '2024-05-19'),
(26, '004/2024	', 'Ammar', 1, 0, '2024-04-30', '2024-05-30'),
(27, '005/2024	', 'ABC Villas', 1, 0, '2024-05-02', '2024-06-02');

-- --------------------------------------------------------

--
-- Table structure for table `erp_replica_exchange_rates`
--

CREATE TABLE `erp_replica_exchange_rates` (
  `id` int(11) NOT NULL,
  `curr_code` char(3) COLLATE utf8_unicode_ci NOT NULL DEFAULT '',
  `rate_buy` double NOT NULL DEFAULT '0',
  `rate_sell` double NOT NULL DEFAULT '0',
  `date_` date NOT NULL DEFAULT '0000-00-00'
) ENGINE=InnoDB DEFAULT CHARSET=utf8 COLLATE=utf8_unicode_ci;

-- --------------------------------------------------------

--
-- Table structure for table `erp_replica_facing`
--

CREATE TABLE `erp_replica_facing` (
  `facing_code` int(11) NOT NULL,
  `description` varchar(60) COLLATE utf8_unicode_ci NOT NULL DEFAULT '',
  `inactive` tinyint(1) NOT NULL DEFAULT '0'
) ENGINE=InnoDB DEFAULT CHARSET=utf8 COLLATE=utf8_unicode_ci;

-- --------------------------------------------------------

--
-- Table structure for table `erp_replica_fiscal_year`
--

CREATE TABLE `erp_replica_fiscal_year` (
  `id` int(11) NOT NULL,
  `begin` date DEFAULT '0000-00-00',
  `end` date DEFAULT '0000-00-00',
  `closed` tinyint(1) NOT NULL DEFAULT '0'
) ENGINE=InnoDB DEFAULT CHARSET=utf8 COLLATE=utf8_unicode_ci;

--
-- Dumping data for table `erp_replica_fiscal_year`
--

INSERT INTO `erp_replica_fiscal_year` (`id`, `begin`, `end`, `closed`) VALUES
(10, '2025-07-01', '2026-06-30', 1),
(11, '2026-07-01', '2027-06-30', 1),
(12, '2027-07-01', '2028-06-30', 1),
(13, '2024-07-01', '2025-06-30', 1),
(14, '2023-07-01', '2024-06-30', 0),
(15, '2022-07-01', '2023-06-30', 1),
(16, '2021-07-01', '2022-06-30', 1),
(17, '2028-07-01', '2029-06-30', 1);

-- --------------------------------------------------------

--
-- Table structure for table `erp_replica_floors`
--

CREATE TABLE `erp_replica_floors` (
  `floor_code` int(11) NOT NULL,
  `floor_des` varchar(50) COLLATE utf8_unicode_ci NOT NULL,
  `block` int(11) NOT NULL,
  `inactive` tinyint(1) NOT NULL DEFAULT '0'
) ENGINE=InnoDB DEFAULT CHARSET=utf8 COLLATE=utf8_unicode_ci;

--
-- Dumping data for table `erp_replica_floors`
--

INSERT INTO `erp_replica_floors` (`floor_code`, `floor_des`, `block`, `inactive`) VALUES
(58, '1st', 47, 0),
(59, '2nd', 47, 0),
(60, '3rd', 47, 0),
(61, '1st', 48, 0),
(62, '2nd', 47, 0),
(63, '3rd', 47, 0),
(64, 'Ground', 49, 0),
(65, '1st', 49, 0),
(66, '2nd', 49, 0),
(67, 'Ground', 50, 0),
(68, 'First', 51, 0),
(69, 'second', 51, 0);

-- --------------------------------------------------------

--
-- Table structure for table `erp_replica_gl_trans`
--

CREATE TABLE `erp_replica_gl_trans` (
  `counter` int(11) NOT NULL,
  `type` smallint(6) NOT NULL DEFAULT '0',
  `type_no` int(11) NOT NULL DEFAULT '0',
  `tran_date` date NOT NULL DEFAULT '0000-00-00',
  `account` varchar(15) COLLATE utf8_unicode_ci NOT NULL DEFAULT '',
  `memo_` tinytext COLLATE utf8_unicode_ci NOT NULL,
  `amount` double NOT NULL DEFAULT '0',
  `dimension_id` int(11) NOT NULL DEFAULT '0',
  `dimension2_id` int(11) NOT NULL DEFAULT '0',
  `person_type_id` int(11) DEFAULT NULL,
  `person_id` tinyblob
) ENGINE=InnoDB DEFAULT CHARSET=utf8 COLLATE=utf8_unicode_ci;

--
-- Dumping data for table `erp_replica_gl_trans`
--

INSERT INTO `erp_replica_gl_trans` (`counter`, `type`, `type_no`, `tran_date`, `account`, `memo_`, `amount`, `dimension_id`, `dimension2_id`, `person_type_id`, `person_id`) VALUES
(555, 2, 1, '2022-05-02', '1206', '', 0, 17, 0, NULL, NULL),
(556, 2, 1, '2022-05-02', '1063', '', 0, 17, 0, NULL, NULL),
(557, 2, 2, '2022-05-02', '1206', '', 0, 17, 0, NULL, NULL),
(558, 2, 2, '2022-05-02', '1065', '', 0, 17, 0, NULL, NULL),
(559, 25, 1, '2022-06-11', '1510', '1001', 2086920, 0, 0, NULL, NULL),
(560, 25, 1, '2022-06-11', '1550', '', -2086920, 0, 0, NULL, NULL),
(561, 22, 1, '2022-05-28', '2100', '', 100000, 0, 0, 3, 0x3130),
(563, 20, 1, '2022-05-28', '2100', '', -2086920, 17, 0, 3, 0x3130),
(564, 20, 1, '2022-05-28', '1550', '', 2086920, 17, 0, NULL, NULL),
(565, 2, 3, '2022-05-02', '1206', '', -350000, 17, 0, NULL, NULL),
(566, 2, 3, '2022-05-02', '1065', '', 350000, 17, 0, NULL, NULL),
(567, 22, 2, '2022-05-28', '2100', '', 100000, 17, 0, 3, 0x3130),
(568, 22, 2, '2022-05-28', '1065', '', -100000, 17, 0, NULL, NULL),
(569, 2, 4, '2022-06-10', '1200', 'Against Construction work of Pot B-86  ', -50000, 17, 0, 2, 0x33),
(570, 2, 4, '2022-06-10', '1065', 'Against Construction work of Pot B-86  ', 50000, 17, 0, NULL, NULL),
(571, 2, 5, '2022-06-13', '1200', 'Against Construction work of Pot B-86  ', -1000000, 17, 0, 2, 0x33),
(572, 2, 5, '2022-06-13', '1065', 'Against Construction work of Pot B-86  Mr Ashraf directly deposit to Mr. Akran Adil Steel A/c', 1000000, 17, 0, NULL, NULL),
(573, 2, 6, '2022-06-18', '1200', 'Against Construction work of Pot B-86  ', -1600000, 17, 0, 2, 0x33),
(574, 2, 6, '2022-06-18', '1065', 'Against Construction work of Pot B-86  ', 1600000, 17, 0, NULL, NULL),
(575, 2, 7, '2022-10-15', '1200', 'Payment Rcvd agst Construction work of Plot B-86', -200000, 17, 0, 2, 0x33),
(576, 2, 7, '2022-10-15', '1065', 'Payment Rcvd agst Construction work of Plot B-86\nAmont Trsfr to Tarham BAH A/c.', 200000, 17, 0, NULL, NULL),
(577, 2, 8, '2022-10-15', '1200', 'Payment Rcvd agst Cons work of Plot B-86', -100000, 17, 0, 2, 0x33),
(578, 2, 8, '2022-10-15', '1065', 'Payment Rcvd agst Cons work of Plot B-86\nAmnt Trsfr to Naveed Material Agst Plot-A-21', 100000, 17, 0, NULL, NULL),
(579, 1, 1, '2022-10-25', '1200', 'Payment Rcvd agst Cons work of Plot B-86', 125000, 17, 0, 2, 0x33),
(581, 2, 9, '2022-10-25', '1200', 'Payment Rcvd agst Cons work of Plot B-86', -75000, 17, 0, 2, 0x33),
(582, 2, 9, '2022-10-25', '1065', 'Payment Rcvd agst Cons work of Plot B-86\n', 75000, 17, 0, NULL, NULL),
(583, 2, 10, '2022-10-25', '1200', 'Payment Rcvd agst Cons work of Plot B-86', -125000, 17, 0, 2, 0x33),
(584, 2, 10, '2022-10-25', '1065', 'Payment Rcvd agst Cons work of Plot B-86\nTransfer to Minhaj Steel Adj Agst plot A-21 A/c\n', 125000, 17, 0, NULL, NULL),
(585, 2, 11, '2022-11-12', '1200', 'Payment Rcvd agst Cons work of Plot B-86', -700000, 17, 0, 2, 0x33),
(586, 2, 11, '2022-11-12', '1065', 'Payment Rcvd agst Cons work of Plot B-86\n', 700000, 17, 0, NULL, NULL),
(587, 2, 12, '2022-11-20', '1200', 'Payment Rcvd agst Cons work of Plot B-86', -250000, 17, 0, 2, 0x33),
(588, 2, 12, '2022-11-20', '1200', 'Trsfr to Minhaj Steel from MB', -50000, 17, 0, 2, 0x33),
(589, 2, 12, '2022-11-20', '1065', 'Payment Rcvd agst Cons work of Plot B-86\nTrsfr to Minhaj Steel from MB\n', 300000, 17, 0, NULL, NULL),
(590, 2, 13, '2022-11-25', '1200', 'Payment Rcvd agst Cons work of Plot B-86', -50000, 17, 0, 2, 0x33),
(591, 2, 13, '2022-11-25', '1065', 'Payment Rcvd agst Cons work of Plot B-86\nTrsfr to Abdullah ( Ali Block )\n', 50000, 17, 0, NULL, NULL),
(592, 2, 14, '2022-11-25', '1200', 'Payment Rcvd agst Cons work of Plot B-86', -100000, 17, 0, 2, 0x33),
(593, 2, 14, '2022-11-25', '1065', 'Payment Rcvd agst Cons work of Plot B-86\n', 100000, 17, 0, NULL, NULL),
(594, 2, 15, '2022-12-15', '1200', 'Payment Rcvd agst Cons work of Plot B-86', -350000, 17, 0, 2, 0x33),
(595, 2, 15, '2022-12-15', '1065', 'Payment Rcvd agst Cons work of Plot B-86\n', 350000, 17, 0, NULL, NULL),
(596, 2, 16, '2022-12-24', '1200', 'Payment Rcvd agst Cons work of Plot B-86', -400000, 17, 0, 2, 0x33),
(597, 2, 16, '2022-12-24', '1065', 'Payment Rcvd agst Cons work of Plot B-86\n', 400000, 17, 0, NULL, NULL),
(598, 2, 17, '2023-01-10', '1200', 'Payment Rcvd agst Cons work of Plot B-86', -400000, 17, 0, 2, 0x33),
(599, 2, 17, '2023-01-10', '1065', 'Payment Rcvd agst Cons work of Plot B-86\n', 400000, 17, 0, NULL, NULL),
(600, 2, 18, '2023-01-12', '1200', 'Payment Rcvd agst Cons work of Plot B-86', -400000, 17, 0, 2, 0x33),
(601, 2, 18, '2023-01-12', '1065', 'Payment Rcvd agst Cons work of Plot B-86\n', 400000, 17, 0, NULL, NULL),
(602, 2, 19, '2023-01-13', '1200', 'Payment Rcvd agst Cons work of Plot B-86', -200000, 17, 0, 2, 0x33),
(603, 2, 19, '2023-01-13', '1065', 'Payment Rcvd agst Cons work of Plot B-86', 200000, 17, 0, NULL, NULL),
(604, 2, 20, '2023-01-26', '1200', 'Payment Rcvd agst Cons work of Plot B-86', -87000, 17, 0, 2, 0x33),
(605, 2, 20, '2023-01-26', '1065', 'Payment Rcvd agst Cons work of Plot B-86\nMB Trsfr to Liaqat Ali (Umair chokhat ) B#175 &amp; 178\n', 87000, 17, 0, NULL, NULL),
(606, 2, 21, '2023-01-30', '1200', 'Payment Rcvd agst Cons work of Plot B-86', -500000, 17, 0, 2, 0x33),
(607, 2, 21, '2023-01-30', '1065', 'Payment Rcvd agst Cons work of Plot B-86', 500000, 17, 0, NULL, NULL),
(608, 2, 22, '2023-02-02', '1200', 'Payment Rcvd agst Cons work of Plot B-86', -1000000, 17, 0, 2, 0x33),
(609, 2, 22, '2023-02-02', '1065', 'Payment Rcvd agst Cons work of Plot B-86', 1000000, 17, 0, NULL, NULL),
(610, 2, 23, '2023-02-03', '1200', 'Payment Rcvd agst Cons work of Plot B-86', -750000, 17, 0, 2, 0x33),
(611, 2, 23, '2023-02-03', '1065', 'Payment Rcvd agst Cons work of Plot B-86', 750000, 17, 0, NULL, NULL),
(612, 2, 24, '2023-03-21', '1200', 'Payment Rcvd agst Cons work of Plot B-86', -400000, 17, 0, 2, 0x33),
(613, 2, 24, '2023-03-21', '1065', 'Payment Rcvd agst Cons work of Plot B-86', 400000, 17, 0, NULL, NULL),
(614, 2, 25, '2023-03-29', '1200', 'Payment Rcvd agst Cons work of Plot B-86', -500000, 17, 0, 2, 0x33),
(615, 2, 25, '2023-03-29', '1065', 'Payment Rcvd agst Cons work of Plot B-86', 500000, 17, 0, NULL, NULL),
(616, 2, 26, '2023-04-05', '1200', 'Payment Rcvd agst Cons work of Plot B-86', -650000, 17, 0, 2, 0x33),
(617, 2, 26, '2023-04-05', '1065', 'Payment Rcvd agst Cons work of Plot B-86', 650000, 17, 0, NULL, NULL),
(618, 2, 27, '2023-04-06', '1200', 'Payment Rcvd agst Cons work of Plot B-86', -400000, 17, 0, 2, 0x33),
(619, 2, 27, '2023-04-06', '1065', 'Payment Rcvd agst Cons work of Plot B-86\nDirectly Deposit to Minhaj Steel A/c\n', 400000, 17, 0, NULL, NULL),
(620, 2, 28, '2023-04-18', '1200', 'Payment Rcvd agst Cons work of Plot B-86', -100000, 17, 0, 2, 0x33),
(621, 2, 28, '2023-04-18', '1065', 'Payment Rcvd agst Cons work of Plot B-86\nTransfer to Abdullah Akber ( Ali Block )\n', 100000, 17, 0, NULL, NULL),
(622, 2, 29, '2023-04-25', '1200', 'Payment Rcvd agst Cons work of Plot B-86', -200000, 17, 0, 2, 0x33),
(623, 2, 29, '2023-04-25', '1065', 'Payment Rcvd agst Cons work of Plot B-86', 200000, 17, 0, NULL, NULL),
(624, 2, 30, '2023-04-29', '1200', 'Payment Rcvd agst Cons work of Plot B-86', -450000, 17, 0, 2, 0x33),
(625, 2, 30, '2023-04-29', '1065', 'Payment Rcvd agst Cons work of Plot B-86\nTrsfr to MR Raheel H Z MB Br. Lahore ', 450000, 17, 0, NULL, NULL),
(626, 2, 31, '2023-05-06', '1200', 'Payment Rcvd agst Cons work of Plot B-86', -100000, 17, 0, 2, 0x33),
(627, 2, 31, '2023-05-06', '1065', 'Payment Rcvd agst Cons work of Plot B-86\nAshraf Directly Deposit to Minhaj Steel \n', 100000, 17, 0, NULL, NULL),
(628, 2, 32, '2023-05-08', '1200', 'Payment Rcvd agst Cons work of Plot B-86', -250000, 17, 0, 2, 0x33),
(629, 2, 32, '2023-05-08', '1200', 'Ashraf Trsfr to Minhaj Steel 250000x2', -250000, 17, 0, 2, 0x33),
(630, 2, 32, '2023-05-08', '1065', 'Payment Rcvd agst Cons work of Plot B-86\nAshraf Trsfr to Minhaj Steel 250000x2\n', 500000, 17, 0, NULL, NULL),
(631, 2, 33, '2023-05-17', '1200', 'Payment Rcvd agst Cons work of Plot B-86', -100000, 17, 0, 2, 0x33),
(632, 2, 33, '2023-05-17', '1065', 'Payment Rcvd agst Cons work of Plot B-86', 100000, 17, 0, NULL, NULL),
(633, 2, 34, '2023-05-24', '1200', 'Payment Rcvd agst Cons work of Plot B-86', -800000, 17, 0, 2, 0x33),
(634, 2, 34, '2023-05-24', '1065', 'Payment Rcvd agst Cons work of Plot B-86', 800000, 17, 0, NULL, NULL),
(635, 2, 35, '2023-05-30', '1200', 'Payment Rcvd agst Cons work of Plot B-86', -200000, 17, 0, 2, 0x33),
(636, 2, 35, '2023-05-30', '1065', 'Payment Rcvd agst Cons work of Plot B-86\nAshraf Trsfr to Minhaj Steel 200000\n', 200000, 17, 0, NULL, NULL),
(637, 2, 36, '2023-06-25', '1200', 'Payment Rcvd agst Cons work of Plot B-86', -900000, 17, 0, 2, 0x33),
(638, 2, 36, '2023-06-25', '1065', 'Payment Rcvd agst Cons work of Plot B-86', 900000, 17, 0, NULL, NULL),
(639, 2, 37, '2023-07-04', '1200', 'Payment Rcvd agst Cons work of Plot B-86', -100000, 17, 0, 2, 0x33),
(640, 2, 37, '2023-07-04', '1065', 'Payment Rcvd agst Cons work of Plot B-86\nAshraf Directly Dep to Ilyas Khan Material A/c\n', 100000, 17, 0, NULL, NULL),
(641, 2, 38, '2023-07-04', '1200', 'Payment Rcvd agst Cons work of Plot B-86', -250000, 17, 0, 2, 0x33),
(642, 2, 38, '2023-07-04', '1065', 'Payment Rcvd agst Cons work of Plot B-86\nAshraf Directly Dep to Master khan Saintary A/c\n', 250000, 17, 0, NULL, NULL),
(643, 2, 39, '2023-07-12', '1200', 'Payment Rcvd agst Cons work of Plot B-86', -68000, 17, 0, 2, 0x33),
(644, 2, 39, '2023-07-12', '1065', 'Payment Rcvd agst Cons work of Plot B-86\nAshraf online Trsfr to Liaqat Ali  A/c Bismillah Chokhat\n', 68000, 17, 0, NULL, NULL),
(645, 2, 40, '2023-07-20', '1200', 'Payment Rcvd agst Cons work of Plot B-86', -50000, 17, 0, 2, 0x33),
(646, 2, 40, '2023-07-20', '1065', 'Payment Rcvd agst Cons work of Plot B-86\nAshraf online Trsfr to Mr.Kafeeli  A/c Reliance Paint\n', 50000, 17, 0, NULL, NULL),
(647, 2, 41, '2023-07-21', '1200', 'Payment Rcvd agst Cons work of Plot B-86', -100000, 17, 0, 2, 0x33),
(648, 2, 41, '2023-07-21', '1065', 'Payment Rcvd agst Cons work of Plot B-86\nAshraf online Trsfr to Anum Farooq A/c SUBHANALLAH Marble\n', 100000, 17, 0, NULL, NULL),
(649, 2, 42, '2023-07-22', '1200', 'Payment Rcvd agst Cons work of Plot B-86', -250000, 17, 0, 2, 0x33),
(650, 2, 42, '2023-07-22', '1065', 'Payment Rcvd agst Cons work of Plot B-86\nAshraf Directly Deposit to Minhaj Steel \n', 250000, 17, 0, NULL, NULL),
(651, 2, 43, '2023-07-25', '1200', 'Payment Rcvd agst Cons work of Plot B-86', -100000, 17, 0, 2, 0x33),
(652, 2, 43, '2023-07-25', '1065', 'Payment Rcvd agst Cons work of Plot B-86\nAshraf Cash paid to Farooq Marble\n', 100000, 17, 0, NULL, NULL),
(653, 2, 44, '2023-07-26', '1200', 'Payment Rcvd agst Cons work of Plot B-86', -800000, 17, 0, 2, 0x33),
(654, 2, 44, '2023-07-26', '1065', 'Payment Rcvd agst Cons work of Plot B-86', 800000, 17, 0, NULL, NULL),
(655, 2, 45, '2023-07-31', '1200', 'Payment Rcvd agst Cons work of Plot B-86', -150000, 17, 0, 2, 0x33),
(656, 2, 45, '2023-07-31', '1065', 'Payment Rcvd agst Cons work of Plot B-86\nOnline trsfr to Ilyas Meterial A/c\n', 150000, 17, 0, NULL, NULL),
(657, 2, 46, '2023-07-31', '1200', 'Payment Rcvd agst Cons work of Plot B-86', -100000, 17, 0, 2, 0x33),
(658, 2, 46, '2023-07-31', '1065', 'Online trsfr to Shahzad Al Falah Marble A/c\nPayment Rcvd agst Cons work of Plot B-86\n', 100000, 17, 0, NULL, NULL),
(659, 2, 47, '2023-08-03', '1200', 'Payment Rcvd agst Cons work of Plot B-86', -125000, 17, 0, 2, 0x33),
(660, 2, 47, '2023-08-03', '1065', 'Online trsfr to Shahzad Al Falah Marble A/c\nPayment Rcvd agst Cons work of Plot B-86', 125000, 17, 0, NULL, NULL),
(661, 2, 48, '2023-08-03', '1200', 'Payment Rcvd agst Cons work of Plot B-86', -57145, 17, 0, 2, 0x33),
(662, 2, 48, '2023-08-03', '1065', 'Online Trsfr to Syed Shams ur Rehman Waheed Electric\nPayment Rcvd agst Cons work of Plot B-86', 57145, 17, 0, NULL, NULL),
(663, 2, 49, '2023-08-07', '1200', 'Payment Rcvd agst Cons work of Plot B-86', -350000, 17, 0, 2, 0x33),
(664, 2, 49, '2023-08-07', '1065', 'Payment Rcvd agst Cons work of Plot B-86', 350000, 17, 0, NULL, NULL),
(665, 2, 50, '2023-08-08', '1200', 'Payment Rcvd agst Cons work of Plot B-86', -500000, 17, 0, 2, 0x33),
(666, 2, 50, '2023-08-08', '1065', 'Payment Rcvd agst Cons work of Plot B-86', 500000, 17, 0, NULL, NULL),
(667, 2, 51, '2023-08-12', '1200', 'Payment Rcvd agst Cons work of Plot B-86', -1700000, 17, 0, 2, 0x33),
(668, 2, 51, '2023-08-12', '1065', 'Payment Rcvd agst Cons work of Plot B-86', 1700000, 17, 0, NULL, NULL),
(669, 2, 52, '2023-08-16', '1200', 'Payment Rcvd agst Cons work of Plot B-86', -100000, 17, 0, 2, 0x33),
(670, 2, 52, '2023-08-16', '1065', 'Payment Rcvd agst Cons work of Plot B-86\nOnline Trsfr to Yousuf Stone \n', 100000, 17, 0, NULL, NULL),
(671, 2, 53, '2023-08-24', '1200', 'Payment Rcvd agst Cons work of Plot B-86', -200000, 17, 0, 2, 0x33),
(672, 2, 53, '2023-08-24', '1065', 'Online trsfr to Shahzad Al Falah Marble A/c\nPayment Rcvd agst Cons work of Plot B-86', 200000, 17, 0, NULL, NULL),
(673, 2, 54, '2023-08-31', '1200', 'Payment Rcvd agst Cons work of Plot B-86', -1900000, 17, 0, 2, 0x33),
(674, 2, 54, '2023-08-31', '1065', 'Payment Rcvd agst Cons work of Plot B-86', 1900000, 17, 0, NULL, NULL),
(675, 2, 55, '2023-09-01', '1200', 'Payment Rcvd agst Cons work of Plot B-86', -1900000, 17, 0, 2, 0x33),
(676, 2, 55, '2023-09-01', '1065', 'Payment Rcvd agst Cons work of Plot B-86', 1900000, 17, 0, NULL, NULL),
(677, 2, 56, '2023-09-05', '1200', 'Payment Rcvd agst Cons work of Plot B-86', -75000, 17, 0, 2, 0x33),
(678, 2, 56, '2023-09-05', '1065', 'Trsfr to Kazi Kafeel Reliance Paint\nPayment Rcvd agst Cons work of Plot B-86', 75000, 17, 0, NULL, NULL),
(679, 2, 57, '2023-09-05', '1200', 'Payment Rcvd agst Cons work of Plot B-86', -64000, 17, 0, 2, 0x33),
(680, 2, 57, '2023-09-05', '1065', 'Trsfr to Madina Paint Mr. Ameer Hamza\nPayment Rcvd agst Cons work of Plot B-86', 64000, 17, 0, NULL, NULL),
(681, 2, 58, '2023-09-14', '1200', 'Payment Rcvd agst Cons work of Plot B-86', -250000, 17, 0, 2, 0x33),
(682, 2, 58, '2023-09-14', '1065', 'Payment Rcvd agst Cons work of Plot B-86', 250000, 17, 0, NULL, NULL),
(683, 2, 59, '2023-09-21', '1200', 'Payment Rcvd agst Cons work of Plot B-86', -50000, 17, 0, 2, 0x33),
(684, 2, 59, '2023-09-21', '1065', 'Ashraf Trfr to Kafeel Reliance Paint\nPayment Rcvd agst Cons work of Plot B-86', 50000, 17, 0, NULL, NULL),
(685, 2, 60, '2023-09-21', '1200', 'Payment Rcvd agst Cons work of Plot B-86', -96353, 17, 0, 2, 0x33),
(686, 2, 60, '2023-09-21', '1065', 'Ashraf Trsfr to Star Ceramic Golimar for Tile \nPayment Rcvd agst Cons work of Plot B-86', 96353, 17, 0, NULL, NULL),
(687, 2, 61, '2023-09-22', '1200', 'Payment Rcvd agst Cons work of Plot B-86', -38420, 17, 0, 2, 0x33),
(688, 2, 61, '2023-09-22', '1065', 'Ashraf Trsfr to Star Ceramic Golimar for Tile\nPayment Rcvd agst Cons work of Plot B-86', 38420, 17, 0, NULL, NULL),
(689, 2, 62, '2023-10-05', '1200', 'Payment Rcvd agst Cons work of Plot B-86', -90000, 17, 0, 2, 0x33),
(690, 2, 62, '2023-10-05', '1065', 'Ashraf Paid to Adnan Tiles\nPayment Rcvd agst Cons work of Plot B-86', 90000, 17, 0, NULL, NULL),
(691, 2, 63, '2023-10-07', '1200', 'Payment Rcvd agst Cons work of Plot B-86', -400000, 17, 0, 2, 0x33),
(692, 2, 63, '2023-10-07', '1065', 'Payment Rcvd agst Cons work of Plot B-86', 400000, 17, 0, NULL, NULL),
(693, 2, 64, '2023-10-10', '1200', 'Payment Rcvd agst Cons work of Plot B-86', -250000, 17, 0, 2, 0x33),
(694, 2, 64, '2023-10-10', '1200', 'Online Trsfr to Arish BAH A/c ', -250000, 17, 0, 2, 0x33),
(695, 2, 64, '2023-10-10', '1065', 'Online Trsfr to Arish Lahore BAH A/c \nPayment Rcvd agst Cons work of Plot B-86', 500000, 17, 0, NULL, NULL),
(696, 2, 65, '2023-10-14', '1200', 'Payment Rcvd agst Cons work of Plot B-86', -1200000, 17, 0, 2, 0x33),
(697, 2, 65, '2023-10-14', '1065', 'Pay order to Suparco Society Plot\nPayment Rcvd agst Cons work of Plot B-86', 1200000, 17, 0, NULL, NULL),
(698, 2, 66, '2023-10-15', '1200', 'Payment Rcvd agst Cons work of Plot B-86', -300000, 17, 0, 2, 0x33),
(699, 2, 66, '2023-10-15', '1065', 'Payment Rcvd agst Cons work of Plot B-86\nPaid to Adnan Tile', 300000, 17, 0, NULL, NULL),
(700, 2, 67, '2023-10-28', '1200', 'Payment Rcvd agst Cons work of Plot B-86', -500000, 17, 0, 2, 0x33),
(701, 2, 67, '2023-10-28', '1065', 'Mr Ashraf Trsfr to Adnan Tile\nPayment Rcvd agst Cons work of Plot B-86', 500000, 17, 0, NULL, NULL),
(702, 2, 68, '2023-11-01', '1200', 'Payment Rcvd agst Cons work of Plot B-86', -550000, 17, 0, 2, 0x33),
(703, 2, 68, '2023-11-01', '1065', 'Payment Rcvd agst Cons work of Plot B-86', 550000, 17, 0, NULL, NULL),
(704, 2, 69, '2023-11-04', '1200', 'Payment Rcvd agst Cons work of Plot B-86', -200000, 17, 0, 2, 0x33),
(705, 2, 69, '2023-11-04', '1065', 'Mr Ashraf Trsfr to Syed Sanitary Mr. Ahsan\nPayment Rcvd agst Cons work of Plot B-86\n', 200000, 17, 0, NULL, NULL),
(706, 2, 70, '2023-11-14', '1200', 'Payment Rcvd agst Cons work of Plot B-86', -350000, 17, 0, 2, 0x33),
(707, 2, 70, '2023-11-14', '1065', 'Payment Rcvd agst Cons work of Plot B-86', 350000, 17, 0, NULL, NULL),
(710, 1, 2, '2022-06-13', '2100', 'Cash Deposit into M.Akram A/c Adil Steel', 1000000, 17, 0, 3, 0x3130),
(711, 1, 2, '2022-06-13', '1065', 'Cash Deposit into M.Akram A/c Adil Steel\n', -1000000, 17, 0, NULL, NULL),
(712, 1, 3, '2022-06-18', '2100', 'due to reconciliation entry date is 18-6-22 actual payment date is 07-06-2022', 500000, 17, 0, 3, 0x3130),
(713, 1, 3, '2022-06-18', '1065', 'Due to reconciliation entry date is 18-6-22 actual payment date is 07-06-2022', -500000, 17, 0, NULL, NULL),
(714, 1, 4, '2022-06-14', '5611', '', 100, 17, 0, NULL, NULL),
(715, 1, 4, '2022-06-14', '1065', '', -100, 17, 0, NULL, NULL),
(716, 1, 5, '2022-06-18', '2100', 'Paid Cash to Mr. Akram collect from ??.  Adil Steel', 486920, 17, 0, 3, 0x3130),
(717, 1, 5, '2022-06-18', '1065', 'Paid Cash to Mr. Akram collect from ??.  Adil Steel\n', -486920, 17, 0, NULL, NULL),
(718, 0, 1, '2022-06-30', '3590', 'Closing Year', -99900, 0, 0, NULL, NULL),
(719, 0, 1, '2022-06-30', '9990', 'Closing Year', 99900, 0, 0, NULL, NULL),
(720, 1, 6, '2022-09-21', '5612', 'Paid to Tractor Driver for Plot Level Charges', 2000, 17, 0, NULL, NULL),
(721, 1, 6, '2022-09-21', '1065', 'Paid to Tractor Driver for Plot Level Charges', -2000, 17, 0, NULL, NULL),
(722, 1, 7, '2022-09-21', '5612', 'Plaster Of Paris', 100, 17, 0, NULL, NULL),
(723, 1, 7, '2022-09-21', '1065', 'Plaster Of Paris\n', -100, 17, 0, NULL, NULL),
(724, 25, 2, '2022-09-22', '1510', '1026', 5100, 0, 0, NULL, NULL),
(725, 25, 2, '2022-09-22', '1510', '1024', 3000, 0, 0, NULL, NULL),
(726, 25, 2, '2022-09-22', '1550', '', -8100, 0, 0, NULL, NULL),
(727, 1, 8, '2022-09-24', '5100', 'Fuel for suzuki for Shuttering Move from A-21 to B-86', 1300, 17, 0, NULL, NULL),
(728, 1, 8, '2022-09-24', '1065', 'Fuel for suzuki for Shuttering Move from A-21 to B-86\n', -1300, 17, 0, NULL, NULL),
(729, 1, 9, '2022-09-25', '5612', 'Excavation Mchine Charges', 16000, 17, 0, NULL, NULL),
(730, 1, 9, '2022-09-25', '1065', 'Excavation Mchine Charges\n\n', -16000, 17, 0, NULL, NULL),
(731, 1, 10, '2022-09-26', '5611', 'Tea+Water+Ice', 250, 17, 0, NULL, NULL),
(732, 1, 10, '2022-09-26', '1065', 'Tea+Water+Ice\n', -250, 17, 0, NULL, NULL),
(733, 1, 11, '2022-09-26', '5412', 'Paid to Shareef shuttering Supervisor', 2000, 17, 0, NULL, NULL),
(734, 1, 11, '2022-09-26', '1065', 'Paid to Shareef shuttering Supervisor', -2000, 17, 0, NULL, NULL),
(735, 1, 12, '2022-09-26', '5412', 'Zahid Shuttering', 1500, 17, 0, NULL, NULL),
(736, 1, 12, '2022-09-26', '1065', 'Zahid Shuttering\n', -1500, 17, 0, NULL, NULL),
(737, 20, 2, '2022-09-22', '2100', '', -8450, 17, 0, 3, 0x3330),
(738, 20, 2, '2022-09-22', '1550', '', 5100, 17, 0, NULL, NULL),
(739, 20, 2, '2022-09-22', '1550', '', 3000, 17, 0, NULL, NULL),
(740, 20, 2, '2022-09-22', '5010', '', 350, 17, 0, NULL, NULL),
(741, 1, 13, '2022-09-26', '5411', 'Gul Hassan Labour', 700, 17, 0, NULL, NULL),
(742, 1, 13, '2022-09-26', '5411', 'Ramzan Labour', 1000, 17, 0, NULL, NULL),
(743, 1, 13, '2022-09-26', '5411', 'Amir Labour', 1500, 17, 0, NULL, NULL),
(744, 1, 13, '2022-09-26', '1065', '', -3200, 17, 0, NULL, NULL),
(745, 22, 3, '2022-09-23', '2100', '', 8450, 17, 0, 3, 0x3330),
(746, 22, 3, '2022-09-23', '1065', '', -8450, 17, 0, NULL, NULL),
(747, 1, 14, '2022-09-27', '5411', 'Ayaz Labour', 1700, 17, 0, NULL, NULL),
(748, 1, 14, '2022-09-27', '5411', 'Gul  Hassan Labour', 1300, 17, 0, NULL, NULL),
(749, 1, 14, '2022-09-27', '1065', '', -3000, 17, 0, NULL, NULL),
(750, 1, 15, '2022-09-28', '5412', 'Yasin Shuttering', 1000, 17, 0, NULL, NULL),
(751, 1, 15, '2022-09-28', '5611', 'ice and water', 220, 17, 0, NULL, NULL),
(752, 1, 15, '2022-09-28', '1065', '', -1220, 17, 0, NULL, NULL),
(753, 25, 3, '2022-09-29', '1510', '1026', 5100, 0, 0, NULL, NULL),
(754, 25, 3, '2022-09-29', '1510', '1024', 3000, 0, 0, NULL, NULL),
(755, 25, 3, '2022-09-29', '1550', '', -8100, 0, 0, NULL, NULL),
(756, 20, 3, '2022-09-29', '2100', '', -8450, 17, 0, 3, 0x3330),
(757, 20, 3, '2022-09-29', '1550', '', 5100, 17, 0, NULL, NULL),
(758, 20, 3, '2022-09-29', '1550', '', 3000, 17, 0, NULL, NULL),
(759, 20, 3, '2022-09-29', '5010', '', 350, 17, 0, NULL, NULL),
(760, 20, 4, '2022-09-29', '2100', '', -3000, 17, 0, 3, 0x3531),
(761, 20, 4, '2022-09-29', '5070', 'Paid to Asad Lohar', 3000, 17, 0, NULL, NULL),
(762, 22, 4, '2022-09-29', '2100', '', 3000, 17, 0, 3, 0x3531),
(763, 22, 4, '2022-09-29', '1065', '', -3000, 17, 0, NULL, NULL),
(764, 1, 16, '2022-09-29', '5411', 'Paid to Amir Labour', 500, 17, 0, NULL, NULL),
(765, 1, 16, '2022-09-29', '5412', 'Shareef Shuttering', 4800, 17, 0, NULL, NULL),
(766, 1, 16, '2022-09-29', '5412', 'Zahid Shuttering', 5200, 17, 0, NULL, NULL),
(767, 1, 16, '2022-09-29', '5412', 'Yasin Shutt', 2000, 17, 0, NULL, NULL),
(768, 1, 16, '2022-09-29', '5412', 'Ali Murad Shutt', 2000, 17, 0, NULL, NULL),
(769, 1, 16, '2022-09-29', '5410', 'Paid to Watchmen for advance wages', 500, 17, 0, NULL, NULL),
(770, 1, 16, '2022-09-29', '1065', '', -15000, 17, 0, NULL, NULL),
(771, 22, 5, '2022-09-29', '2100', '', 8450, 17, 0, 3, 0x3330),
(772, 22, 5, '2022-09-29', '1065', '', -8450, 17, 0, NULL, NULL),
(773, 1, 17, '2022-09-30', '5411', 'Paid for Tank Bahrai', 15000, 17, 0, NULL, NULL),
(774, 1, 17, '2022-09-30', '5611', 'for Refreshments', 170, 17, 0, NULL, NULL),
(775, 1, 17, '2022-09-30', '5611', 'for Refreshments', 300, 17, 0, NULL, NULL),
(776, 1, 17, '2022-09-30', '5611', 'Labour Lunch', 1450, 17, 0, NULL, NULL),
(777, 1, 17, '2022-09-30', '1065', 'Paid for Tank Bahrai', -16920, 17, 0, NULL, NULL),
(778, 1, 18, '2022-10-01', '5611', 'For Tea ', 100, 17, 0, NULL, NULL),
(779, 1, 18, '2022-10-01', '1065', '', -100, 17, 0, NULL, NULL),
(780, 1, 19, '2022-10-06', '5411', 'Amir Labour', 1000, 17, 0, NULL, NULL),
(781, 1, 19, '2022-10-06', '5411', 'Latif Labour', 1000, 17, 0, NULL, NULL),
(782, 1, 19, '2022-10-06', '5412', 'Shareef Shuttering', 3200, 17, 0, NULL, NULL),
(783, 1, 19, '2022-10-06', '5412', 'Yasin Shutt', 1500, 17, 0, NULL, NULL),
(784, 1, 19, '2022-10-06', '5412', 'Zahid Shuttering', 2600, 17, 0, NULL, NULL),
(785, 1, 19, '2022-10-06', '5412', 'Ali Murad Shutt', 1000, 17, 0, NULL, NULL),
(786, 1, 19, '2022-10-06', '1065', '', -10300, 17, 0, NULL, NULL),
(787, 1, 20, '2022-10-08', '5612', 'Tractor Charges for Plot level', 2000, 17, 0, NULL, NULL),
(788, 1, 20, '2022-10-08', '5612', '2 Dumper Mitti', 11000, 17, 0, NULL, NULL),
(789, 1, 20, '2022-10-08', '5611', 'Refreshment', 140, 17, 0, NULL, NULL),
(790, 1, 20, '2022-10-08', '5410', 'Paid to Watchmen wages advance', 2000, 17, 0, NULL, NULL),
(791, 1, 20, '2022-10-08', '1065', '', -15140, 17, 0, NULL, NULL),
(792, 22, 6, '2022-10-08', '2100', '', 8000, 17, 0, 3, 0x3531),
(793, 22, 6, '2022-10-08', '1065', '', -8000, 17, 0, NULL, NULL),
(794, 1, 21, '2022-10-10', '5612', '3 Dumper Matti', 13500, 17, 0, NULL, NULL),
(795, 1, 21, '2022-10-10', '5612', 'Tractor Charges for Plot level', 3000, 17, 0, NULL, NULL),
(796, 1, 21, '2022-10-10', '5611', '', 60, 17, 0, NULL, NULL),
(797, 1, 21, '2022-10-10', '5411', 'Yasin Labour', 1000, 17, 0, NULL, NULL),
(798, 1, 21, '2022-10-10', '1065', '', -17560, 17, 0, NULL, NULL),
(799, 1, 22, '2022-10-11', '5411', 'A.B. Mistari', 1000, 17, 0, NULL, NULL),
(800, 1, 22, '2022-10-11', '5411', 'New Labour', 1000, 17, 0, NULL, NULL),
(801, 1, 22, '2022-10-11', '5611', 'tea,ice,water', 150, 17, 0, NULL, NULL),
(802, 1, 22, '2022-10-11', '5612', 'Jahroo', 120, 17, 0, NULL, NULL),
(803, 1, 22, '2022-10-11', '5612', 'POP', 340, 17, 0, NULL, NULL),
(804, 1, 22, '2022-10-11', '1065', '', -2610, 17, 0, NULL, NULL),
(805, 1, 23, '2022-10-12', '5612', 'POP, Acrylic', 320, 17, 0, NULL, NULL),
(806, 1, 23, '2022-10-12', '5611', 'Refreshment', 100, 17, 0, NULL, NULL),
(807, 1, 23, '2022-10-12', '1065', '', -420, 17, 0, NULL, NULL),
(808, 1, 24, '2022-10-13', '5411', 'Shahid Mistari Jnr', 700, 17, 0, NULL, NULL),
(809, 1, 24, '2022-10-13', '5411', 'Maroof Labour', 1000, 17, 0, NULL, NULL),
(810, 1, 24, '2022-10-13', '5411', 'Yasin Labour Easy Paisa', 1500, 17, 0, NULL, NULL),
(811, 1, 24, '2022-10-13', '5411', 'Yasin Labour', 800, 17, 0, NULL, NULL),
(812, 1, 24, '2022-10-13', '5411', 'Amir Labour', 1000, 17, 0, NULL, NULL),
(813, 1, 24, '2022-10-13', '5411', 'Excavation Labour', 5000, 17, 0, NULL, NULL),
(814, 1, 24, '2022-10-13', '5611', 'Refreshment', 350, 17, 0, NULL, NULL),
(815, 1, 24, '2022-10-13', '5612', 'Soap', 150, 17, 0, NULL, NULL),
(816, 1, 24, '2022-10-13', '5612', '2 Truck Rohri', 10000, 17, 0, NULL, NULL),
(817, 1, 24, '2022-10-13', '1065', '', -20500, 17, 0, NULL, NULL),
(818, 1, 25, '2022-10-14', '5612', 'POP', 80, 17, 0, NULL, NULL),
(819, 1, 25, '2022-10-14', '5411', 'Excavation Labour', 15000, 17, 0, NULL, NULL),
(820, 1, 25, '2022-10-14', '5611', 'Refreshment', 1300, 17, 0, NULL, NULL),
(821, 1, 25, '2022-10-14', '1065', '', -16380, 17, 0, NULL, NULL),
(822, 1, 26, '2022-10-15', '5612', 'POP', 70, 17, 0, NULL, NULL),
(823, 1, 26, '2022-10-15', '5612', 'Soap', 50, 17, 0, NULL, NULL),
(824, 1, 26, '2022-10-15', '5611', 'Refreshment', 210, 17, 0, NULL, NULL),
(825, 1, 26, '2022-10-15', '1065', '', -330, 17, 0, NULL, NULL),
(826, 1, 27, '2022-10-16', '5411', 'Excavation Labour', 7200, 17, 0, NULL, NULL),
(827, 1, 27, '2022-10-16', '5611', 'Refreshment', 570, 17, 0, NULL, NULL),
(828, 1, 27, '2022-10-16', '5612', 'Pedlo ', 200, 17, 0, NULL, NULL),
(829, 1, 27, '2022-10-16', '1065', '', -7970, 17, 0, NULL, NULL),
(830, 1, 28, '2022-10-17', '5412', 'Zahid Shuttering', 1000, 17, 0, NULL, NULL),
(831, 1, 28, '2022-10-17', '5412', 'Yasin Shutt', 1000, 17, 0, NULL, NULL),
(832, 1, 28, '2022-10-17', '5412', 'Ali Murad Shutt', 1000, 17, 0, NULL, NULL),
(833, 1, 28, '2022-10-17', '5412', 'Shareef Shuttering', 3000, 17, 0, NULL, NULL),
(834, 1, 28, '2022-10-17', '5411', 'Excavation Labour', 10000, 17, 0, NULL, NULL),
(835, 1, 28, '2022-10-17', '5611', 'Refreshment', 600, 17, 0, NULL, NULL),
(836, 1, 28, '2022-10-17', '5612', 'Electric Tap', 50, 17, 0, NULL, NULL),
(837, 1, 28, '2022-10-17', '1065', '', -16650, 17, 0, NULL, NULL),
(838, 1, 29, '2022-10-18', '5612', 'Tractor Charges for Plot level', 3000, 17, 0, NULL, NULL),
(839, 1, 29, '2022-10-18', '5612', 'Electric Tap', 100, 17, 0, NULL, NULL),
(840, 1, 29, '2022-10-18', '5611', 'Refreshment', 120, 17, 0, NULL, NULL),
(841, 1, 29, '2022-10-18', '5412', 'shuttering Shifting', 2000, 17, 0, NULL, NULL),
(842, 1, 29, '2022-10-18', '1065', '', -5220, 17, 0, NULL, NULL),
(843, 1, 30, '2022-10-19', '5611', 'Refreshment', 150, 17, 0, NULL, NULL),
(844, 1, 30, '2022-10-19', '1065', '', -150, 17, 0, NULL, NULL),
(845, 1, 31, '2022-10-20', '5411', 'Shahid Mistari Jnr', 3400, 17, 0, NULL, NULL),
(846, 1, 31, '2022-10-20', '5411', 'Maroof Labour', 2000, 17, 0, NULL, NULL),
(847, 1, 31, '2022-10-20', '5412', 'Shareef Shuttering', 5000, 17, 0, NULL, NULL),
(848, 1, 31, '2022-10-20', '5412', 'Ali Murad Shutt', 4000, 17, 0, NULL, NULL),
(849, 1, 31, '2022-10-20', '5412', 'Zahid Shuttering', 2600, 17, 0, NULL, NULL),
(850, 1, 31, '2022-10-20', '5412', 'Yasin Shutt', 2200, 17, 0, NULL, NULL),
(851, 1, 31, '2022-10-20', '5411', 'Excavation Labour', 12000, 17, 0, NULL, NULL),
(852, 1, 31, '2022-10-20', '5611', 'Tea', 150, 17, 0, NULL, NULL),
(853, 1, 31, '2022-10-20', '5612', 'shuttering Shifting', 2000, 17, 0, NULL, NULL),
(854, 1, 31, '2022-10-20', '1065', '', -33350, 17, 0, NULL, NULL),
(855, 1, 32, '2022-10-21', '5611', 'Tea', 150, 17, 0, NULL, NULL),
(856, 1, 32, '2022-10-21', '1065', '', -150, 17, 0, NULL, NULL),
(857, 1, 33, '2022-10-22', '5611', 'Ice, Water', 100, 17, 0, NULL, NULL),
(858, 1, 33, '2022-10-22', '5611', 'Tea', 270, 17, 0, NULL, NULL),
(859, 1, 33, '2022-10-22', '5612', 'Tractor Charges for Plot level', 2000, 17, 0, NULL, NULL),
(860, 1, 33, '2022-10-22', '5612', 'Shuttering Oil', 3750, 17, 0, NULL, NULL),
(861, 1, 33, '2022-10-22', '5411', 'Nabi Bux Labour', 1000, 17, 0, NULL, NULL),
(862, 1, 33, '2022-10-22', '1065', '', -7120, 17, 0, NULL, NULL),
(863, 1, 34, '2022-10-23', '5612', 'Tractor Charges for Plot level', 2000, 17, 0, NULL, NULL),
(864, 1, 34, '2022-10-23', '5611', 'Tea', 120, 17, 0, NULL, NULL),
(865, 1, 34, '2022-10-23', '1065', '', -2120, 17, 0, NULL, NULL),
(866, 1, 35, '2022-10-24', '5611', 'Tea', 150, 17, 0, NULL, NULL),
(867, 1, 35, '2022-10-24', '5412', 'Yasin Shutt', 2000, 17, 0, NULL, NULL),
(868, 1, 35, '2022-10-24', '5412', 'Ali Murad Shutt', 2000, 17, 0, NULL, NULL),
(869, 1, 35, '2022-10-24', '5412', 'Shareef Shuttering', 1000, 17, 0, NULL, NULL),
(870, 1, 35, '2022-10-24', '5412', 'Zahid Shuttering', 1000, 17, 0, NULL, NULL),
(871, 1, 35, '2022-10-24', '1065', '', -6150, 17, 0, NULL, NULL),
(872, 1, 36, '2022-10-25', '5412', 'Shareef Shuttering', 2000, 17, 0, NULL, NULL),
(873, 1, 36, '2022-10-25', '5411', 'New Labour', 500, 17, 0, NULL, NULL),
(874, 1, 36, '2022-10-25', '5611', 'Tea', 125, 17, 0, NULL, NULL),
(875, 1, 36, '2022-10-25', '1065', '', -2625, 17, 0, NULL, NULL),
(876, 1, 37, '2022-10-26', '5611', 'Tea', 200, 17, 0, NULL, NULL),
(877, 1, 37, '2022-10-26', '5611', 'Ice, Water', 300, 17, 0, NULL, NULL),
(878, 1, 37, '2022-10-26', '5612', 'Cement offload Labour', 100, 17, 0, NULL, NULL),
(879, 1, 37, '2022-10-26', '1065', '', -600, 17, 0, NULL, NULL),
(880, 1, 38, '2022-10-27', '5411', 'Nabi Bux Labour', 2000, 17, 0, NULL, NULL),
(881, 1, 38, '2022-10-27', '5412', 'Shareef Shuttering', 8200, 17, 0, NULL, NULL),
(882, 1, 38, '2022-10-27', '5412', 'Ali Murad Shutt', 5000, 17, 0, NULL, NULL),
(883, 1, 38, '2022-10-27', '5412', 'Zahid Shuttering', 8100, 17, 0, NULL, NULL),
(884, 1, 38, '2022-10-27', '5412', 'Yasin Shutt', 9200, 17, 0, NULL, NULL),
(885, 1, 38, '2022-10-27', '5611', 'Tea', 200, 17, 0, NULL, NULL),
(886, 1, 38, '2022-10-27', '5611', 'Ice, Water', 100, 17, 0, NULL, NULL),
(887, 1, 38, '2022-10-27', '1065', '', -32800, 17, 0, NULL, NULL),
(888, 22, 7, '2022-10-28', '2100', '', 12000, 17, 0, 3, 0x3531),
(889, 22, 7, '2022-10-28', '1065', '', -12000, 17, 0, NULL, NULL),
(890, 1, 39, '2022-10-29', '5611', 'Tea', 330, 17, 0, NULL, NULL),
(891, 1, 39, '2022-10-29', '1065', '', -330, 17, 0, NULL, NULL),
(892, 1, 40, '2022-10-30', '5070', 'Cash paid to Asad Lohar', 10000, 17, 0, NULL, NULL),
(893, 1, 40, '2022-10-30', '1065', 'Cash paid to Asad Lohar', -10000, 17, 0, NULL, NULL),
(894, 1, 41, '2022-10-30', '5611', 'Tea', 300, 17, 0, NULL, NULL),
(895, 1, 41, '2022-10-30', '5611', 'Ice, Water', 100, 17, 0, NULL, NULL),
(896, 1, 41, '2022-10-30', '1065', '', -400, 17, 0, NULL, NULL),
(897, 1, 42, '2022-10-31', '5411', 'Column Bahrai', 28000, 17, 0, NULL, NULL),
(898, 1, 42, '2022-10-31', '5412', 'Yasin Shutt', 1000, 17, 0, NULL, NULL),
(899, 1, 42, '2022-10-31', '5412', 'Ali Murad Shutt', 1000, 17, 0, NULL, NULL),
(900, 1, 42, '2022-10-31', '5412', 'Shareef Shuttering', 3000, 17, 0, NULL, NULL),
(901, 1, 42, '2022-10-31', '5611', 'Tea', 300, 17, 0, NULL, NULL),
(902, 1, 42, '2022-10-31', '5612', 'Majic Depoxi', 150, 17, 0, NULL, NULL),
(903, 1, 42, '2022-10-31', '5611', 'Ice, Water', 50, 17, 0, NULL, NULL),
(904, 1, 42, '2022-10-31', '1065', '', -33500, 17, 0, NULL, NULL),
(905, 1, 43, '2022-11-01', '5611', 'Tea', 100, 17, 0, NULL, NULL),
(906, 1, 43, '2022-11-01', '1065', '', -100, 17, 0, NULL, NULL),
(907, 1, 44, '2022-11-02', '5611', 'Tea', 240, 17, 0, NULL, NULL),
(908, 1, 44, '2022-11-02', '1065', '', -240, 17, 0, NULL, NULL),
(909, 1, 45, '2022-11-02', '5612', 'Tape', 50, 17, 0, NULL, NULL),
(910, 1, 45, '2022-11-02', '5611', 'Ice, Water', 50, 17, 0, NULL, NULL),
(911, 1, 45, '2022-11-02', '1065', '', -100, 17, 0, NULL, NULL),
(912, 1, 46, '2022-11-03', '5611', 'Ice, Water', 100, 17, 0, NULL, NULL),
(913, 1, 46, '2022-11-03', '5611', 'Tea', 180, 17, 0, NULL, NULL),
(914, 1, 46, '2022-11-03', '5412', 'shuttering Shifting', 500, 17, 0, NULL, NULL),
(915, 1, 46, '2022-11-03', '5411', 'Amir Labour', 1000, 17, 0, NULL, NULL),
(916, 1, 46, '2022-11-03', '5412', 'Shareef Shuttering', 6600, 17, 0, NULL, NULL),
(917, 1, 46, '2022-11-03', '5412', 'Yasin Shutt', 5400, 17, 0, NULL, NULL),
(918, 1, 46, '2022-11-03', '5412', 'Zahid Shuttering', 6500, 17, 0, NULL, NULL),
(919, 1, 46, '2022-11-03', '5412', 'Ali Murad Shutt', 5000, 17, 0, NULL, NULL),
(920, 1, 46, '2022-11-03', '1065', '', -25280, 17, 0, NULL, NULL),
(921, 1, 47, '2022-11-05', '5612', 'Acrylic', 1250, 17, 0, NULL, NULL),
(922, 1, 47, '2022-11-05', '5612', '2 Brush', 300, 17, 0, NULL, NULL),
(923, 1, 47, '2022-11-05', '5412', 'shuttering Shifting', 1500, 17, 0, NULL, NULL),
(924, 1, 47, '2022-11-05', '5410', 'Watchmen Salary', 11000, 17, 0, NULL, NULL),
(925, 1, 47, '2022-11-05', '5611', 'Ice, Water', 50, 17, 0, NULL, NULL),
(926, 1, 47, '2022-11-05', '1065', '', -14100, 17, 0, NULL, NULL),
(927, 1, 48, '2022-11-07', '5611', 'Ice, Water', 50, 17, 0, NULL, NULL),
(928, 1, 48, '2022-11-07', '5612', 'Excavation Machine for Backfilling', 20000, 17, 0, NULL, NULL),
(929, 1, 48, '2022-11-07', '5612', '2 Matti Dumper', 9000, 17, 0, NULL, NULL),
(930, 1, 48, '2022-11-07', '5611', 'Lunch', 150, 17, 0, NULL, NULL),
(931, 1, 48, '2022-11-07', '5411', 'Amir Labour', 1000, 17, 0, NULL, NULL),
(932, 1, 48, '2022-11-07', '5411', 'Ali Raza Labour', 1000, 17, 0, NULL, NULL),
(933, 1, 48, '2022-11-07', '1065', '', -31200, 17, 0, NULL, NULL),
(934, 25, 4, '2022-11-07', '1510', '1011', 121500, 0, 0, NULL, NULL),
(935, 25, 4, '2022-11-07', '1550', '', -121500, 0, 0, NULL, NULL),
(936, 20, 5, '2022-11-07', '2100', '', -121500, 17, 0, 3, 0x3534),
(937, 20, 5, '2022-11-07', '1550', '', 121500, 17, 0, NULL, NULL),
(938, 22, 8, '2022-11-07', '2100', '', 50000, 17, 0, 3, 0x3534),
(939, 22, 8, '2022-11-07', '1065', '', -50000, 17, 0, NULL, NULL),
(940, 1, 49, '2022-11-08', '5612', 'Trolley Rent', 500, 17, 0, NULL, NULL),
(941, 1, 49, '2022-11-08', '1065', '', -500, 17, 0, NULL, NULL),
(942, 1, 50, '2022-11-09', '5611', 'Ice, Water', 50, 17, 0, NULL, NULL),
(943, 1, 50, '2022-11-09', '1065', '', -50, 17, 0, NULL, NULL),
(944, 1, 51, '2022-11-10', '5611', 'Tea ', 550, 17, 0, NULL, NULL),
(945, 1, 51, '2022-11-10', '5411', 'Amir Labour', 4000, 17, 0, NULL, NULL),
(946, 1, 51, '2022-11-10', '5411', 'Raza Ali Labour', 3000, 17, 0, NULL, NULL),
(947, 1, 51, '2022-11-10', '5412', 'Ali Murad Shutt', 3000, 17, 0, NULL, NULL),
(948, 1, 51, '2022-11-10', '1065', '', -10550, 17, 0, NULL, NULL),
(949, 1, 52, '2022-11-12', '5410', 'Watchmen Salary', 2000, 17, 0, NULL, NULL),
(950, 1, 52, '2022-11-12', '1065', 'advance Watchmen Salary\n', -2000, 17, 0, NULL, NULL),
(951, 1, 53, '2022-11-14', '5411', 'Amir Labour', 1000, 17, 0, NULL, NULL),
(952, 1, 53, '2022-11-14', '1065', '', -1000, 17, 0, NULL, NULL),
(953, 22, 9, '2022-11-15', '2100', '', 50000, 17, 0, 3, 0x3534),
(954, 22, 9, '2022-11-15', '1065', '', -50000, 17, 0, NULL, NULL),
(955, 1, 54, '2022-11-15', '5612', 'Compactor Machine', 4000, 17, 0, NULL, NULL),
(956, 1, 54, '2022-11-15', '5411', 'Ayaz labour', 1000, 17, 0, NULL, NULL),
(957, 1, 54, '2022-11-15', '5411', 'Ramzan', 1000, 17, 0, NULL, NULL),
(958, 1, 54, '2022-11-15', '5411', 'Raza Ali Labour', 1000, 17, 0, NULL, NULL),
(959, 1, 54, '2022-11-15', '5611', 'Water,ice', 50, 17, 0, NULL, NULL),
(960, 1, 54, '2022-11-15', '5612', 'Tape', 50, 17, 0, NULL, NULL),
(961, 1, 54, '2022-11-15', '1065', '', -7100, 17, 0, NULL, NULL),
(962, 1, 55, '2022-11-16', '5411', 'Amir Labour', 3500, 17, 0, NULL, NULL),
(963, 1, 55, '2022-11-16', '1065', '', -3500, 17, 0, NULL, NULL),
(964, 1, 56, '2022-11-17', '5411', 'Ramzan', 2000, 17, 0, NULL, NULL),
(965, 1, 56, '2022-11-17', '5411', 'Ayaz labour', 4000, 17, 0, NULL, NULL),
(966, 1, 56, '2022-11-17', '5411', 'Raza Ali Labour', 5000, 17, 0, NULL, NULL),
(967, 1, 56, '2022-11-17', '5411', 'Block Masonary', 4500, 17, 0, NULL, NULL),
(968, 1, 56, '2022-11-17', '5611', 'Tea ', 900, 17, 0, NULL, NULL),
(969, 1, 56, '2022-11-17', '1065', '', -16400, 17, 0, NULL, NULL),
(970, 1, 57, '2022-11-19', '5411', 'Block Masonary', 5000, 17, 0, NULL, NULL),
(971, 1, 57, '2022-11-19', '1065', '', -5000, 17, 0, NULL, NULL),
(972, 1, 58, '2022-11-20', '5611', 'tea', 320, 17, 0, NULL, NULL),
(973, 1, 58, '2022-11-20', '5411', 'Block Masonary', 5000, 17, 0, NULL, NULL),
(974, 1, 58, '2022-11-20', '1065', '', -5320, 17, 0, NULL, NULL),
(975, 1, 59, '2022-11-21', '5411', 'Raza Ali Labour', 1000, 17, 0, NULL, NULL),
(976, 1, 59, '2022-11-21', '1065', '', -1000, 17, 0, NULL, NULL),
(977, 1, 60, '2022-11-22', '5612', 'Lenter ', 10720, 17, 0, NULL, NULL),
(978, 1, 60, '2022-11-22', '5411', 'Block Masonary', 5000, 17, 0, NULL, NULL),
(979, 1, 60, '2022-11-22', '5611', 'Refreshment ( 20-11-22 )', 320, 17, 0, NULL, NULL),
(980, 1, 60, '2022-11-22', '1065', '', -16040, 17, 0, NULL, NULL),
(981, 1, 61, '2022-11-23', '5411', 'Sikandar Labour', 3000, 17, 0, NULL, NULL),
(982, 1, 61, '2022-11-23', '5411', 'Bahadur Labour', 200, 17, 0, NULL, NULL),
(983, 1, 61, '2022-11-23', '1065', '', -3200, 17, 0, NULL, NULL),
(984, 1, 62, '2022-11-24', '5411', 'Bahadur Labour', 1800, 17, 0, NULL, NULL),
(985, 1, 62, '2022-11-24', '5411', 'Ramzan', 2000, 17, 0, NULL, NULL),
(986, 1, 62, '2022-11-24', '5411', 'Ayaz labour', 6000, 17, 0, NULL, NULL),
(987, 1, 62, '2022-11-24', '5411', 'Raza Ali Labour', 5000, 17, 0, NULL, NULL),
(988, 1, 62, '2022-11-24', '1065', '', -14800, 17, 0, NULL, NULL),
(989, 1, 63, '2022-11-24', '5613', 'Petrol for Shuttering Shifting', 2000, 17, 0, NULL, NULL),
(990, 1, 63, '2022-11-24', '5411', 'Block Masonary', 7000, 17, 0, NULL, NULL),
(991, 1, 63, '2022-11-24', '5611', 'Tea Bill', 1740, 17, 0, NULL, NULL),
(992, 1, 63, '2022-11-24', '1065', '', -10740, 17, 0, NULL, NULL),
(993, 25, 5, '2022-09-20', '1510', '1008', 18000, 0, 0, NULL, NULL),
(994, 25, 5, '2022-09-20', '1550', '', -18000, 0, 0, NULL, NULL),
(995, 25, 6, '2022-11-13', '1510', '1008', 21000, 0, 0, NULL, NULL),
(996, 25, 6, '2022-11-13', '1550', '', -21000, 0, 0, NULL, NULL),
(997, 25, 7, '2022-11-15', '1510', '1008', 18500, 0, 0, NULL, NULL),
(998, 25, 7, '2022-11-15', '1510', '1008', 18500, 0, 0, NULL, NULL),
(999, 25, 7, '2022-11-15', '1510', '1008', 18500, 0, 0, NULL, NULL),
(1000, 25, 7, '2022-11-15', '1510', '1008', 18500, 0, 0, NULL, NULL),
(1001, 25, 7, '2022-11-15', '1510', '1008', 18500, 0, 0, NULL, NULL),
(1002, 25, 7, '2022-11-15', '1510', '1008', 8750, 0, 0, NULL, NULL),
(1003, 25, 7, '2022-11-15', '1510', '1008', 18500, 0, 0, NULL, NULL),
(1004, 25, 7, '2022-11-15', '1550', '', -119750, 0, 0, NULL, NULL),
(1005, 25, 8, '2022-11-17', '1510', '1008', 18500, 0, 0, NULL, NULL),
(1006, 25, 8, '2022-11-17', '1510', '1008', 21000, 0, 0, NULL, NULL),
(1007, 25, 8, '2022-11-17', '1510', '1008', 18500, 0, 0, NULL, NULL),
(1008, 25, 8, '2022-11-17', '1510', '1008', 18500, 0, 0, NULL, NULL),
(1009, 25, 8, '2022-11-17', '1510', '1008', 18500, 0, 0, NULL, NULL),
(1010, 25, 8, '2022-11-17', '1510', '1008', 18500, 0, 0, NULL, NULL),
(1011, 25, 8, '2022-11-17', '1510', '1008', 18500, 0, 0, NULL, NULL),
(1012, 25, 8, '2022-11-17', '1510', '1008', 18500, 0, 0, NULL, NULL),
(1013, 25, 8, '2022-11-17', '1510', '1008', 18500, 0, 0, NULL, NULL),
(1014, 25, 8, '2022-11-17', '1550', '', -169000, 0, 0, NULL, NULL),
(1015, 25, 9, '2023-01-08', '1510', '1008', 18500, 0, 0, NULL, NULL),
(1016, 25, 9, '2023-01-08', '1510', '1008', 21000, 0, 0, NULL, NULL),
(1017, 25, 9, '2023-01-08', '1510', '1008', 18500, 0, 0, NULL, NULL),
(1018, 25, 9, '2023-01-08', '1510', '1008', 55500, 0, 0, NULL, NULL),
(1019, 25, 9, '2023-01-08', '1510', '1008', 18500, 0, 0, NULL, NULL),
(1020, 25, 9, '2023-01-08', '1510', '1008', 18500, 0, 0, NULL, NULL),
(1021, 25, 9, '2023-01-08', '1510', '1008', 18500, 0, 0, NULL, NULL),
(1022, 25, 9, '2023-01-08', '1510', '1029', 720, 0, 0, NULL, NULL),
(1023, 25, 9, '2023-01-08', '1510', '1028', 2400, 0, 0, NULL, NULL),
(1024, 25, 9, '2023-01-08', '1510', '1028', 5760, 0, 0, NULL, NULL),
(1025, 25, 9, '2023-01-08', '1510', '1008', 18500, 0, 0, NULL, NULL),
(1026, 25, 9, '2023-01-08', '1510', '1008', 37000, 0, 0, NULL, NULL),
(1027, 25, 9, '2023-01-08', '1510', '1008', 37000, 0, 0, NULL, NULL),
(1028, 25, 9, '2023-01-08', '1510', '1008', 11100, 0, 0, NULL, NULL),
(1029, 25, 9, '2023-01-08', '1550', '', -281480, 0, 0, NULL, NULL),
(1030, 25, 10, '2023-03-17', '1510', '1008', 20000, 0, 0, NULL, NULL),
(1031, 25, 10, '2023-03-17', '1510', '1008', 20000, 0, 0, NULL, NULL),
(1032, 25, 10, '2023-03-17', '1510', '1008', 14000, 0, 0, NULL, NULL),
(1033, 25, 10, '2023-03-17', '1510', '1008', 7600, 0, 0, NULL, NULL),
(1034, 25, 10, '2023-03-17', '1510', '1008', 40000, 0, 0, NULL, NULL),
(1035, 25, 10, '2023-03-17', '1510', '1008', 12000, 0, 0, NULL, NULL),
(1036, 25, 10, '2023-03-17', '1550', '', -113600, 0, 0, NULL, NULL),
(1037, 25, 11, '2023-04-12', '1510', '1008', 20000, 0, 0, NULL, NULL),
(1038, 25, 11, '2023-04-12', '1510', '1008', 20000, 0, 0, NULL, NULL),
(1039, 25, 11, '2023-04-12', '1510', '1008', 20000, 0, 0, NULL, NULL),
(1040, 25, 11, '2023-04-12', '1510', '1008', 20000, 0, 0, NULL, NULL),
(1041, 25, 11, '2023-04-12', '1510', '1028', 6120, 0, 0, NULL, NULL),
(1042, 25, 11, '2023-04-12', '1510', '1028', 2400, 0, 0, NULL, NULL),
(1043, 25, 11, '2023-04-12', '1510', '1008', 19000, 0, 0, NULL, NULL),
(1044, 25, 11, '2023-04-12', '1510', '1008', 9500, 0, 0, NULL, NULL),
(1045, 25, 11, '2023-04-12', '1510', '1008', 9000, 0, 0, NULL, NULL),
(1046, 25, 11, '2023-04-12', '1510', '1008', 19000, 0, 0, NULL, NULL),
(1047, 25, 11, '2023-04-12', '1550', '', -145020, 0, 0, NULL, NULL),
(1048, 25, 12, '2023-06-17', '1510', '1008', 20000, 0, 0, NULL, NULL),
(1049, 25, 12, '2023-06-17', '1510', '1008', 20000, 0, 0, NULL, NULL),
(1050, 25, 12, '2023-06-17', '1510', '1008', 20000, 0, 0, NULL, NULL),
(1051, 25, 12, '2023-06-17', '1550', '', -60000, 0, 0, NULL, NULL),
(1052, 22, 10, '2022-11-25', '2100', '', 50000, 17, 0, 3, 0x3231),
(1053, 22, 10, '2022-11-25', '1065', '', -50000, 17, 0, NULL, NULL),
(1054, 25, 13, '2023-06-07', '1510', '1030', 2250, 0, 0, NULL, NULL),
(1055, 25, 13, '2023-06-07', '1510', '1030', 13540, 0, 0, NULL, NULL),
(1056, 25, 13, '2023-06-07', '1510', '1030', 6180, 0, 0, NULL, NULL),
(1057, 25, 13, '2023-06-07', '1510', '1031', 15930, 0, 0, NULL, NULL),
(1058, 25, 13, '2023-06-07', '1510', '1032', 45439, 0, 0, NULL, NULL),
(1059, 25, 13, '2023-06-07', '1510', '1033', 2690, 0, 0, NULL, NULL),
(1060, 25, 13, '2023-06-07', '1510', '1034', 41630, 0, 0, NULL, NULL),
(1061, 25, 13, '2023-06-07', '1510', '1031', 42170, 0, 0, NULL, NULL),
(1062, 25, 13, '2023-06-07', '1510', '1032', 40796, 0, 0, NULL, NULL),
(1063, 25, 13, '2023-06-07', '1510', '1034', 22986, 0, 0, NULL, NULL),
(1064, 25, 13, '2023-06-07', '1510', '1031', 41710, 0, 0, NULL, NULL),
(1065, 25, 13, '2023-06-07', '1510', '1034', 76561, 0, 0, NULL, NULL),
(1066, 25, 13, '2023-06-07', '1510', '1030', 11110, 0, 0, NULL, NULL),
(1067, 25, 13, '2023-06-07', '1510', '1032', 17438, 0, 0, NULL, NULL),
(1068, 25, 13, '2023-06-07', '1510', '1032', 6960, 0, 0, NULL, NULL),
(1069, 25, 13, '2023-06-07', '1510', '1032', 36230, 0, 0, NULL, NULL),
(1070, 25, 13, '2023-06-07', '1510', '1031', 33835, 0, 0, NULL, NULL),
(1071, 25, 13, '2023-06-07', '1510', '1032', 10250, 0, 0, NULL, NULL),
(1072, 25, 13, '2023-06-07', '1510', '1030', 39140, 0, 0, NULL, NULL),
(1073, 25, 13, '2023-06-07', '1550', '', -506845, 0, 0, NULL, NULL),
(1074, 20, 6, '2023-06-30', '2100', '', 0, 0, 0, 3, 0x3231),
(1075, 20, 6, '2023-06-30', '1550', '', 0, 0, 0, NULL, NULL),
(1076, 20, 7, '2023-06-30', '2100', '', -506845, 0, 0, 3, 0x3135),
(1077, 20, 7, '2023-06-30', '1550', '', 2250, 0, 0, NULL, NULL),
(1078, 20, 7, '2023-06-30', '1550', '', 13540, 0, 0, NULL, NULL),
(1079, 20, 7, '2023-06-30', '1550', '', 6180, 0, 0, NULL, NULL),
(1080, 20, 7, '2023-06-30', '1550', '', 15930, 0, 0, NULL, NULL),
(1081, 20, 7, '2023-06-30', '1550', '', 45439, 0, 0, NULL, NULL),
(1082, 20, 7, '2023-06-30', '1550', '', 2690, 0, 0, NULL, NULL),
(1083, 20, 7, '2023-06-30', '1550', '', 41630, 0, 0, NULL, NULL),
(1084, 20, 7, '2023-06-30', '1550', '', 42170, 0, 0, NULL, NULL),
(1085, 20, 7, '2023-06-30', '1550', '', 40796, 0, 0, NULL, NULL),
(1086, 20, 7, '2023-06-30', '1550', '', 22986, 0, 0, NULL, NULL),
(1087, 20, 7, '2023-06-30', '1550', '', 41710, 0, 0, NULL, NULL),
(1088, 20, 7, '2023-06-30', '1550', '', 76561, 0, 0, NULL, NULL),
(1089, 20, 7, '2023-06-30', '1550', '', 11110, 0, 0, NULL, NULL),
(1090, 20, 7, '2023-06-30', '1550', '', 17438, 0, 0, NULL, NULL),
(1091, 20, 7, '2023-06-30', '1550', '', 6960, 0, 0, NULL, NULL),
(1092, 20, 7, '2023-06-30', '1550', '', 36230, 0, 0, NULL, NULL),
(1093, 20, 7, '2023-06-30', '1550', '', 33835, 0, 0, NULL, NULL),
(1094, 20, 7, '2023-06-30', '1550', '', 10250, 0, 0, NULL, NULL),
(1095, 20, 7, '2023-06-30', '1550', '', 39140, 0, 0, NULL, NULL),
(1096, 20, 8, '2022-11-20', '2100', '', -927850, 17, 0, 3, 0x3231),
(1097, 20, 8, '2022-11-20', '1550', '', 18000, 17, 0, NULL, NULL),
(1098, 20, 8, '2022-11-20', '1550', '', 21000, 17, 0, NULL, NULL),
(1099, 20, 8, '2022-11-20', '1550', '', 18500, 17, 0, NULL, NULL),
(1100, 20, 8, '2022-11-20', '1550', '', 18500, 17, 0, NULL, NULL),
(1101, 20, 8, '2022-11-20', '1550', '', 18500, 17, 0, NULL, NULL),
(1102, 20, 8, '2022-11-20', '1550', '', 18500, 17, 0, NULL, NULL),
(1103, 20, 8, '2022-11-20', '1550', '', 18500, 17, 0, NULL, NULL),
(1104, 20, 8, '2022-11-20', '1550', '', 8750, 17, 0, NULL, NULL),
(1105, 20, 8, '2022-11-20', '1550', '', 18500, 17, 0, NULL, NULL),
(1106, 20, 8, '2022-11-20', '1550', '', 18500, 17, 0, NULL, NULL),
(1107, 20, 8, '2022-11-20', '1550', '', 21000, 17, 0, NULL, NULL),
(1108, 20, 8, '2022-11-20', '1550', '', 18500, 17, 0, NULL, NULL),
(1109, 20, 8, '2022-11-20', '1550', '', 18500, 17, 0, NULL, NULL),
(1110, 20, 8, '2022-11-20', '1550', '', 18500, 17, 0, NULL, NULL),
(1111, 20, 8, '2022-11-20', '1550', '', 18500, 17, 0, NULL, NULL),
(1112, 20, 8, '2022-11-20', '1550', '', 18500, 17, 0, NULL, NULL),
(1113, 20, 8, '2022-11-20', '1550', '', 18500, 17, 0, NULL, NULL),
(1114, 20, 8, '2022-11-20', '1550', '', 18500, 17, 0, NULL, NULL),
(1115, 20, 8, '2022-11-20', '1550', '', 18500, 17, 0, NULL, NULL),
(1116, 20, 8, '2022-11-20', '1550', '', 21000, 17, 0, NULL, NULL),
(1117, 20, 8, '2022-11-20', '1550', '', 18500, 17, 0, NULL, NULL),
(1118, 20, 8, '2022-11-20', '1550', '', 55500, 17, 0, NULL, NULL),
(1119, 20, 8, '2022-11-20', '1550', '', 18500, 17, 0, NULL, NULL),
(1120, 20, 8, '2022-11-20', '1550', '', 18500, 17, 0, NULL, NULL),
(1121, 20, 8, '2022-11-20', '1550', '', 18500, 17, 0, NULL, NULL),
(1122, 20, 8, '2022-11-20', '1550', '', 720, 17, 0, NULL, NULL),
(1123, 20, 8, '2022-11-20', '1550', '', 2400, 17, 0, NULL, NULL),
(1124, 20, 8, '2022-11-20', '1550', '', 5760, 17, 0, NULL, NULL),
(1125, 20, 8, '2022-11-20', '1550', '', 18500, 17, 0, NULL, NULL),
(1126, 20, 8, '2022-11-20', '1550', '', 37000, 17, 0, NULL, NULL),
(1127, 20, 8, '2022-11-20', '1550', '', 37000, 17, 0, NULL, NULL),
(1128, 20, 8, '2022-11-20', '1550', '', 11100, 17, 0, NULL, NULL),
(1129, 20, 8, '2022-11-20', '1550', '', 20000, 17, 0, NULL, NULL),
(1130, 20, 8, '2022-11-20', '1550', '', 20000, 17, 0, NULL, NULL),
(1131, 20, 8, '2022-11-20', '1550', '', 14000, 17, 0, NULL, NULL),
(1132, 20, 8, '2022-11-20', '1550', '', 7600, 17, 0, NULL, NULL),
(1133, 20, 8, '2022-11-20', '1550', '', 40000, 17, 0, NULL, NULL),
(1134, 20, 8, '2022-11-20', '1550', '', 12000, 17, 0, NULL, NULL),
(1135, 20, 8, '2022-11-20', '1550', '', 20000, 17, 0, NULL, NULL),
(1136, 20, 8, '2022-11-20', '1550', '', 20000, 17, 0, NULL, NULL),
(1137, 20, 8, '2022-11-20', '1550', '', 20000, 17, 0, NULL, NULL),
(1138, 20, 8, '2022-11-20', '1550', '', 20000, 17, 0, NULL, NULL),
(1139, 20, 8, '2022-11-20', '1550', '', 6120, 17, 0, NULL, NULL),
(1140, 20, 8, '2022-11-20', '1550', '', 2400, 17, 0, NULL, NULL),
(1141, 20, 8, '2022-11-20', '1550', '', 19000, 17, 0, NULL, NULL),
(1142, 20, 8, '2022-11-20', '1550', '', 9500, 17, 0, NULL, NULL),
(1143, 20, 8, '2022-11-20', '1550', '', 9000, 17, 0, NULL, NULL),
(1144, 20, 8, '2022-11-20', '1550', '', 19000, 17, 0, NULL, NULL),
(1145, 20, 8, '2022-11-20', '1550', '', 20000, 17, 0, NULL, NULL),
(1146, 20, 8, '2022-11-20', '1550', '', 20000, 17, 0, NULL, NULL),
(1147, 20, 8, '2022-11-20', '1550', '', 20000, 17, 0, NULL, NULL),
(1148, 22, 11, '2022-11-25', '2100', '', 0, 17, 0, 3, 0x3231),
(1149, 22, 11, '2022-11-25', '1065', '', 0, 17, 0, NULL, NULL),
(1150, 1, 64, '2022-11-26', '5411', 'Block Masonary', 3000, 17, 0, NULL, NULL),
(1151, 1, 64, '2022-11-26', '5411', 'Allah Dino Labour', 1000, 17, 0, NULL, NULL),
(1152, 1, 64, '2022-11-26', '1065', '', -4000, 17, 0, NULL, NULL),
(1153, 22, 12, '2022-11-27', '2100', '', 2000, 17, 0, 3, 0x3531),
(1154, 22, 12, '2022-11-27', '1065', '', -2000, 17, 0, NULL, NULL),
(1155, 1, 65, '2022-11-27', '5411', 'Block Masonary', 5000, 17, 0, NULL, NULL),
(1156, 1, 65, '2022-11-27', '5412', 'Yasin Shutt', 1000, 17, 0, NULL, NULL),
(1157, 1, 65, '2022-11-27', '5611', 'Refreshment', 300, 17, 0, NULL, NULL),
(1158, 1, 65, '2022-11-27', '5612', 'Trolley Repair', 100, 17, 0, NULL, NULL),
(1159, 1, 65, '2022-11-27', '1065', '', -6400, 17, 0, NULL, NULL),
(1160, 22, 13, '2022-11-29', '2100', '', 2000, 17, 0, 3, 0x3531),
(1161, 22, 13, '2022-11-29', '1065', '', -2000, 17, 0, NULL, NULL),
(1162, 1, 66, '2022-11-28', '5412', 'Zahid Shuttering', 3000, 17, 0, NULL, NULL),
(1163, 1, 66, '2022-11-28', '5412', 'Yasin Shutt', 1000, 17, 0, NULL, NULL),
(1164, 1, 66, '2022-11-28', '5411', 'Block Masonary', 5000, 17, 0, NULL, NULL),
(1165, 1, 66, '2022-11-28', '5411', 'Raza Ali Labour', 1000, 17, 0, NULL, NULL),
(1166, 1, 66, '2022-11-28', '1065', '', -10000, 17, 0, NULL, NULL),
(1167, 22, 14, '2022-11-29', '2100', '', 21500, 17, 0, 3, 0x3534),
(1168, 22, 14, '2022-11-29', '1065', '', -21500, 17, 0, NULL, NULL),
(1169, 1, 67, '2022-11-30', '5411', 'Raza Ali Labour', 2000, 17, 0, NULL, NULL),
(1170, 1, 67, '2022-11-30', '5411', 'Javaid Labour', 500, 17, 0, NULL, NULL),
(1171, 1, 67, '2022-11-30', '5411', 'Block Masonary', 1000, 17, 0, NULL, NULL),
(1172, 1, 67, '2022-11-30', '5611', 'Water', 50, 17, 0, NULL, NULL),
(1173, 1, 67, '2022-11-30', '1065', '', -3550, 17, 0, NULL, NULL);
INSERT INTO `erp_replica_gl_trans` (`counter`, `type`, `type_no`, `tran_date`, `account`, `memo_`, `amount`, `dimension_id`, `dimension2_id`, `person_type_id`, `person_id`) VALUES
(1174, 1, 68, '2022-12-01', '5411', 'Yaqoob Labour', 4000, 17, 0, NULL, NULL),
(1175, 1, 68, '2022-12-01', '5411', 'Javaid Labour', 3500, 17, 0, NULL, NULL),
(1176, 1, 68, '2022-12-01', '5412', 'Yasin Shutt', 6000, 17, 0, NULL, NULL),
(1177, 1, 68, '2022-12-01', '5412', 'Zahid Shuttering', 3500, 17, 0, NULL, NULL),
(1178, 1, 68, '2022-12-01', '5412', 'Shareef Shuttering', 3200, 17, 0, NULL, NULL),
(1179, 1, 68, '2022-12-01', '5410', 'Watchmen Salary', 15000, 17, 0, NULL, NULL),
(1180, 1, 68, '2022-12-01', '5611', 'Tea Bill', 1740, 17, 0, NULL, NULL),
(1181, 1, 68, '2022-12-01', '1065', '', -36940, 17, 0, NULL, NULL),
(1182, 1, 69, '2022-12-03', '5411', 'Block Masonary', 1000, 17, 0, NULL, NULL),
(1183, 1, 69, '2022-12-03', '5411', 'Column Bahrai', 20000, 17, 0, NULL, NULL),
(1184, 1, 69, '2022-12-03', '5412', 'Zahid Shuttering', 1000, 17, 0, NULL, NULL),
(1185, 1, 69, '2022-12-03', '5612', 'Paid to Police for Column Bahrai', 200, 17, 0, NULL, NULL),
(1186, 1, 69, '2022-12-03', '1065', '', -22200, 17, 0, NULL, NULL),
(1187, 1, 70, '2022-12-04', '5613', 'Petrol for Shuttering Shifting', 1000, 17, 0, NULL, NULL),
(1188, 1, 70, '2022-12-04', '5411', 'Block Masonary', 500, 17, 0, NULL, NULL),
(1189, 1, 70, '2022-12-04', '1065', '', -1500, 17, 0, NULL, NULL),
(1190, 22, 15, '2022-12-05', '2100', '', 100000, 17, 0, 3, 0x3231),
(1191, 22, 15, '2022-12-05', '1065', '', -100000, 17, 0, NULL, NULL),
(1192, 1, 71, '2022-12-05', '5412', 'Zahid Shuttering', 2000, 17, 0, NULL, NULL),
(1193, 1, 71, '2022-12-05', '5412', 'Shareef Shuttering', 3000, 17, 0, NULL, NULL),
(1194, 1, 71, '2022-12-05', '5411', 'Ayaz labour', 2000, 17, 0, NULL, NULL),
(1195, 1, 71, '2022-12-05', '5411', 'Block Masonary', 25300, 17, 0, NULL, NULL),
(1196, 1, 71, '2022-12-05', '1065', '', -32300, 17, 0, NULL, NULL),
(1197, 25, 14, '2023-05-11', '1510', '1004', 27000, 0, 0, NULL, NULL),
(1198, 25, 14, '2023-05-11', '1510', '1005', 52000, 0, 0, NULL, NULL),
(1199, 25, 14, '2023-05-11', '1510', '1006', 78000, 0, 0, NULL, NULL),
(1200, 25, 14, '2023-05-11', '1510', '1005', 52000, 0, 0, NULL, NULL),
(1201, 25, 14, '2023-05-11', '1510', '1004', 27000, 0, 0, NULL, NULL),
(1202, 25, 14, '2023-05-11', '1550', '', -236000, 0, 0, NULL, NULL),
(1203, 20, 9, '2023-05-11', '2100', '', -236000, 17, 0, 3, 0x3132),
(1204, 20, 9, '2023-05-11', '1550', '', 27000, 17, 0, NULL, NULL),
(1205, 20, 9, '2023-05-11', '1550', '', 52000, 17, 0, NULL, NULL),
(1206, 20, 9, '2023-05-11', '1550', '', 78000, 17, 0, NULL, NULL),
(1207, 20, 9, '2023-05-11', '1550', '', 52000, 17, 0, NULL, NULL),
(1208, 20, 9, '2023-05-11', '1550', '', 27000, 17, 0, NULL, NULL),
(1209, 25, 15, '2022-09-25', '1510', '1010', 16999.9998, 0, 0, NULL, NULL),
(1210, 25, 15, '2022-09-25', '1510', '1005', 17999.99985, 0, 0, NULL, NULL),
(1211, 25, 15, '2022-09-25', '1510', '1005', 25000, 0, 0, NULL, NULL),
(1212, 25, 15, '2022-09-25', '1510', '1006', 26000, 0, 0, NULL, NULL),
(1213, 25, 15, '2022-09-25', '1510', '1004', 17999.99985, 0, 0, NULL, NULL),
(1214, 25, 15, '2022-09-25', '1550', '', -103999.9995, 0, 0, NULL, NULL),
(1215, 20, 10, '2022-09-25', '2100', '', -103999.9995, 17, 0, 3, 0x3132),
(1216, 20, 10, '2022-09-25', '1550', '', 16999.9998, 17, 0, NULL, NULL),
(1217, 20, 10, '2022-09-25', '1550', '', 17999.99985, 17, 0, NULL, NULL),
(1218, 20, 10, '2022-09-25', '1550', '', 25000, 17, 0, NULL, NULL),
(1219, 20, 10, '2022-09-25', '1550', '', 26000, 17, 0, NULL, NULL),
(1220, 20, 10, '2022-09-25', '1550', '', 17999.99985, 17, 0, NULL, NULL),
(1221, 25, 16, '2022-10-16', '1510', '1006', 25999.995, 0, 0, NULL, NULL),
(1222, 25, 16, '2022-10-16', '1510', '1005', 25000, 0, 0, NULL, NULL),
(1223, 25, 16, '2022-10-16', '1510', '1001', 56000, 0, 0, NULL, NULL),
(1224, 25, 16, '2022-10-16', '1510', '1006', 25999.995, 0, 0, NULL, NULL),
(1225, 25, 16, '2022-10-16', '1510', '1010', 15999.99975, 0, 0, NULL, NULL),
(1226, 25, 16, '2022-10-16', '1510', '1001', 21000, 0, 0, NULL, NULL),
(1227, 25, 16, '2022-10-16', '1550', '', -169999.98975, 0, 0, NULL, NULL),
(1228, 20, 11, '2022-10-16', '2100', '', -169999.98975, 17, 0, 3, 0x3132),
(1229, 20, 11, '2022-10-16', '1550', '', 25999.995, 17, 0, NULL, NULL),
(1230, 20, 11, '2022-10-16', '1550', '', 25000, 17, 0, NULL, NULL),
(1231, 20, 11, '2022-10-16', '1550', '', 56000, 17, 0, NULL, NULL),
(1232, 20, 11, '2022-10-16', '1550', '', 25999.995, 17, 0, NULL, NULL),
(1233, 20, 11, '2022-10-16', '1550', '', 15999.99975, 17, 0, NULL, NULL),
(1234, 20, 11, '2022-10-16', '1550', '', 21000, 17, 0, NULL, NULL),
(1235, 25, 17, '2022-11-11', '1510', '1005', 17999.99985, 0, 0, NULL, NULL),
(1236, 25, 17, '2022-11-11', '1510', '1005', 21000, 0, 0, NULL, NULL),
(1237, 25, 17, '2022-11-11', '1510', '1004', 17999.99985, 0, 0, NULL, NULL),
(1238, 25, 17, '2022-11-11', '1510', '1004', 17999.99985, 0, 0, NULL, NULL),
(1239, 25, 17, '2022-11-11', '1550', '', -74999.99955, 0, 0, NULL, NULL),
(1240, 20, 12, '2022-11-11', '2100', '', -74999.99955, 17, 0, 3, 0x3132),
(1241, 20, 12, '2022-11-11', '1550', '', 17999.99985, 17, 0, NULL, NULL),
(1242, 20, 12, '2022-11-11', '1550', '', 21000, 17, 0, NULL, NULL),
(1243, 20, 12, '2022-11-11', '1550', '', 17999.99985, 17, 0, NULL, NULL),
(1244, 20, 12, '2022-11-11', '1550', '', 17999.99985, 17, 0, NULL, NULL),
(1245, 25, 18, '2022-12-13', '1510', '1005', 28000, 0, 0, NULL, NULL),
(1246, 25, 18, '2022-12-13', '1510', '1006', 36000, 0, 0, NULL, NULL),
(1247, 25, 18, '2022-12-13', '1510', '1006', 36000, 0, 0, NULL, NULL),
(1248, 25, 18, '2022-12-13', '1510', '1005', 56000, 0, 0, NULL, NULL),
(1249, 25, 18, '2022-12-13', '1510', '1005', 21000, 0, 0, NULL, NULL),
(1250, 25, 18, '2022-12-13', '1510', '1005', 9000, 0, 0, NULL, NULL),
(1251, 25, 18, '2022-12-13', '1550', '', -186000, 0, 0, NULL, NULL),
(1252, 20, 13, '2022-12-13', '2100', '', -186000, 17, 0, 3, 0x3132),
(1253, 20, 13, '2022-12-13', '1550', '', 28000, 17, 0, NULL, NULL),
(1254, 20, 13, '2022-12-13', '1550', '', 36000, 17, 0, NULL, NULL),
(1255, 20, 13, '2022-12-13', '1550', '', 36000, 17, 0, NULL, NULL),
(1256, 20, 13, '2022-12-13', '1550', '', 56000, 17, 0, NULL, NULL),
(1257, 20, 13, '2022-12-13', '1550', '', 21000, 17, 0, NULL, NULL),
(1258, 20, 13, '2022-12-13', '1550', '', 9000, 17, 0, NULL, NULL),
(1259, 25, 19, '2023-01-08', '1510', '1004', 25000, 0, 0, NULL, NULL),
(1260, 25, 19, '2023-01-08', '1510', '1006', 36000, 0, 0, NULL, NULL),
(1261, 25, 19, '2023-01-08', '1510', '1004', 25000, 0, 0, NULL, NULL),
(1262, 25, 19, '2023-01-08', '1510', '1004', 19999.99995, 0, 0, NULL, NULL),
(1263, 25, 19, '2023-01-08', '1510', '1005', 30000, 0, 0, NULL, NULL),
(1264, 25, 19, '2023-01-08', '1550', '', -135999.99995, 0, 0, NULL, NULL),
(1265, 20, 14, '2023-01-08', '2100', '', -135999.99995, 17, 0, 3, 0x3132),
(1266, 20, 14, '2023-01-08', '1550', '', 25000, 17, 0, NULL, NULL),
(1267, 20, 14, '2023-01-08', '1550', '', 36000, 17, 0, NULL, NULL),
(1268, 20, 14, '2023-01-08', '1550', '', 25000, 17, 0, NULL, NULL),
(1269, 20, 14, '2023-01-08', '1550', '', 19999.99995, 17, 0, NULL, NULL),
(1270, 20, 14, '2023-01-08', '1550', '', 30000, 17, 0, NULL, NULL),
(1271, 25, 20, '2023-02-09', '1510', '1004', 19999.99995, 0, 0, NULL, NULL),
(1272, 25, 20, '2023-02-09', '1550', '', -19999.99995, 0, 0, NULL, NULL),
(1273, 20, 15, '2023-02-09', '2100', '', -19999.99995, 17, 0, 3, 0x3132),
(1274, 20, 15, '2023-02-09', '1550', '', 19999.99995, 17, 0, NULL, NULL),
(1275, 25, 21, '2023-03-03', '1510', '1006', 39000, 0, 0, NULL, NULL),
(1276, 25, 21, '2023-03-03', '1510', '1006', 39000, 0, 0, NULL, NULL),
(1277, 25, 21, '2023-03-03', '1510', '1004', 27000, 0, 0, NULL, NULL),
(1278, 25, 21, '2023-03-03', '1510', '1005', 28000, 0, 0, NULL, NULL),
(1279, 25, 21, '2023-03-03', '1550', '', -133000, 0, 0, NULL, NULL),
(1280, 20, 16, '2023-03-03', '2100', '', -133000, 17, 0, 3, 0x3132),
(1281, 20, 16, '2023-03-03', '1550', '', 39000, 17, 0, NULL, NULL),
(1282, 20, 16, '2023-03-03', '1550', '', 39000, 17, 0, NULL, NULL),
(1283, 20, 16, '2023-03-03', '1550', '', 27000, 17, 0, NULL, NULL),
(1284, 20, 16, '2023-03-03', '1550', '', 28000, 17, 0, NULL, NULL),
(1285, 25, 22, '2023-01-25', '1510', '1013', 66000.0008, 0, 0, NULL, NULL),
(1286, 25, 22, '2023-01-25', '1550', '', -66000.0008, 0, 0, NULL, NULL),
(1287, 20, 17, '2023-01-25', '2100', '', -66000.0008, 17, 0, 3, 0x3232),
(1288, 20, 17, '2023-01-25', '1550', '', 66000.0008, 17, 0, NULL, NULL),
(1289, 25, 23, '2023-03-30', '1510', '1013', 70499.9875, 0, 0, NULL, NULL),
(1290, 25, 23, '2023-03-30', '1550', '', -70499.9875, 0, 0, NULL, NULL),
(1291, 20, 18, '2023-03-30', '2100', '', -71999.9975, 17, 0, 3, 0x3232),
(1292, 20, 18, '2023-03-30', '1550', '', 70499.9875, 17, 0, NULL, NULL),
(1293, 20, 18, '2023-03-30', '5010', '', 1500.01, 17, 0, NULL, NULL),
(1294, 0, 2, '2023-06-30', '3590', 'Closing Year', 470275.01, 0, 0, NULL, NULL),
(1295, 0, 2, '2023-06-30', '9990', 'Closing Year', -470275.01, 0, 0, NULL, NULL),
(1296, 25, 24, '2023-07-12', '1510', '1013', 67950, 0, 0, NULL, NULL),
(1297, 25, 24, '2023-07-12', '1550', '', -67950, 0, 0, NULL, NULL),
(1298, 20, 19, '2023-07-12', '2100', '', -68000, 17, 0, 3, 0x3232),
(1299, 20, 19, '2023-07-12', '1550', '', 67950, 17, 0, NULL, NULL),
(1300, 20, 19, '2023-07-12', '5010', '', 50, 17, 0, NULL, NULL),
(1301, 25, 25, '2023-07-30', '1510', '1004', 27000, 0, 0, NULL, NULL),
(1302, 25, 25, '2023-07-30', '1510', '1005', 28000, 0, 0, NULL, NULL),
(1303, 25, 25, '2023-07-30', '1510', '1004', 27000, 0, 0, NULL, NULL),
(1304, 25, 25, '2023-07-30', '1510', '1004', 27000, 0, 0, NULL, NULL),
(1305, 25, 25, '2023-07-30', '1510', '1005', 28000, 0, 0, NULL, NULL),
(1306, 25, 25, '2023-07-30', '1510', '1004', 27000, 0, 0, NULL, NULL),
(1307, 25, 25, '2023-07-30', '1550', '', -164000, 0, 0, NULL, NULL),
(1308, 25, 26, '2023-08-03', '1510', '1004', 27000, 0, 0, NULL, NULL),
(1309, 25, 26, '2023-08-03', '1510', '1005', 28000, 0, 0, NULL, NULL),
(1310, 25, 26, '2023-08-03', '1510', '1005', 28000, 0, 0, NULL, NULL),
(1311, 25, 26, '2023-08-03', '1510', '1005', 28000, 0, 0, NULL, NULL),
(1312, 25, 26, '2023-08-03', '1510', '1004', 27000, 0, 0, NULL, NULL),
(1313, 25, 26, '2023-08-03', '1550', '', -138000, 0, 0, NULL, NULL),
(1314, 20, 20, '2023-08-03', '2100', '', 0, 17, 0, 3, 0x3132),
(1315, 20, 20, '2023-08-03', '1550', '', 0, 17, 0, NULL, NULL),
(1316, 20, 20, '2023-08-03', '1550', '', 0, 17, 0, NULL, NULL),
(1317, 20, 20, '2023-08-03', '1550', '', 0, 17, 0, NULL, NULL),
(1318, 20, 20, '2023-08-03', '1550', '', 0, 17, 0, NULL, NULL),
(1319, 20, 20, '2023-08-03', '1550', '', 0, 17, 0, NULL, NULL),
(1320, 20, 21, '2023-07-30', '2100', '', 0, 17, 0, 3, 0x3132),
(1321, 20, 21, '2023-07-30', '1550', '', 0, 17, 0, NULL, NULL),
(1322, 20, 21, '2023-07-30', '1550', '', 0, 17, 0, NULL, NULL),
(1323, 20, 21, '2023-07-30', '1550', '', 0, 17, 0, NULL, NULL),
(1324, 20, 21, '2023-07-30', '1550', '', 0, 17, 0, NULL, NULL),
(1325, 20, 21, '2023-07-30', '1550', '', 0, 17, 0, NULL, NULL),
(1326, 20, 21, '2023-07-30', '1550', '', 0, 17, 0, NULL, NULL),
(1327, 0, 3, '2024-06-30', '3590', 'Closing Year', 50, 0, 0, NULL, NULL),
(1328, 0, 3, '2024-06-30', '9990', 'Closing Year', -50, 0, 0, NULL, NULL),
(1329, 2, 71, '2022-12-15', '1200', 'Cas Payment  Received  agst Construction work of Plot A1-10', -600000, 19, 0, 2, 0x34),
(1330, 2, 71, '2022-12-15', '1060', 'Cas Payment  Received  agst Construction work of Plot A1-10', 600000, 19, 0, NULL, NULL),
(1331, 2, 72, '2023-02-22', '1200', 'Payment Rcvd agst Cons work of Plot A1-10', -200000, 19, 0, 2, 0x34),
(1332, 2, 72, '2023-02-22', '1060', 'Cash Rcvd by Imran from Mr.Ishtiaq at my office\n', 200000, 19, 0, NULL, NULL),
(1333, 2, 73, '2023-02-26', '1200', 'Payment Rcvd agst Cons work of Plot A1-10', -40000, 19, 0, 2, 0x34),
(1334, 2, 73, '2023-02-26', '1060', 'Cash Rcvd by Imran from Mr.Ishtiaq at Plot Site\n', 40000, 19, 0, NULL, NULL),
(1335, 2, 74, '2023-03-13', '1200', 'Payment Rcvd agst Cons work of Plot ', -600000, 19, 0, 2, 0x34),
(1336, 2, 74, '2023-03-13', '1060', 'Cash Rcvd Mr.Ishtiaq at my office\n', 600000, 19, 0, NULL, NULL),
(1337, 2, 75, '2023-03-21', '1200', 'Payment Rcvd agst Cons work of Plot ', -700000, 19, 0, 2, 0x34),
(1338, 2, 75, '2023-03-21', '1060', 'Cash Rcvd Mr.Ishtiaq at my office\n', 700000, 19, 0, NULL, NULL),
(1339, 2, 76, '2023-03-25', '1200', '', -500000, 19, 0, 2, 0x34),
(1340, 2, 76, '2023-03-25', '1060', 'Cash Rcvd Mr.Ishtiaq at my office\n', 500000, 19, 0, NULL, NULL),
(1341, 2, 77, '2023-03-30', '1200', '', -350000, 19, 0, 2, 0x34),
(1342, 2, 77, '2023-03-30', '1060', 'Cash Rcvd Mr.Ishtiaq at my office\n', 350000, 19, 0, NULL, NULL),
(1343, 2, 78, '2023-04-08', '1200', '', -200000, 19, 0, 2, 0x34),
(1344, 2, 78, '2023-04-08', '1060', 'Cash Rcvd Mr.Ishtiaq at Site\n', 200000, 19, 0, NULL, NULL),
(1345, 2, 79, '2023-04-19', '1200', '', -150000, 19, 0, 2, 0x34),
(1346, 2, 79, '2023-04-19', '1060', 'Cash Rcvd Mr.Ishtiaq at my office\n', 150000, 19, 0, NULL, NULL),
(1347, 2, 80, '2023-05-11', '1200', '', -300000, 19, 0, 2, 0x34),
(1348, 2, 80, '2023-05-11', '1060', 'Cash Rcvd Mr.Ishtiaq at my office\n', 300000, 19, 0, NULL, NULL),
(1349, 2, 81, '2023-05-17', '1200', '', -150000, 19, 0, 2, 0x34),
(1350, 2, 81, '2023-05-17', '1060', 'Cash Rcvd Mr.Ishtiaq at my office\n', 150000, 19, 0, NULL, NULL),
(1351, 2, 82, '2023-05-25', '1200', '', -100000, 19, 0, 2, 0x34),
(1352, 2, 82, '2023-05-25', '1060', 'Cash Rcvd Mr.Ishtiaq at my office\n', 100000, 19, 0, NULL, NULL),
(1353, 2, 83, '2023-06-09', '1200', '', -200000, 19, 0, 2, 0x34),
(1354, 2, 83, '2023-06-09', '1060', 'Cash Rcvd Mr.Ishtiaq at my office\n', 200000, 19, 0, NULL, NULL),
(1355, 2, 84, '2023-06-11', '1200', '', -200000, 19, 0, 2, 0x34),
(1356, 2, 84, '2023-06-11', '1060', 'Cash Rcvd Mr.Ishtiaq at my office\n', 200000, 19, 0, NULL, NULL),
(1357, 22, 16, '2022-12-24', '2100', '', 5000, 19, 0, 3, 0x3531),
(1358, 22, 16, '2022-12-24', '1060', '', -5000, 19, 0, NULL, NULL),
(1359, 1, 72, '2022-12-22', '5411', 'Amir Labour', 1000, 19, 0, NULL, NULL),
(1360, 1, 72, '2022-12-22', '5411', 'Yaqoob Labour', 1000, 19, 0, NULL, NULL),
(1361, 1, 72, '2022-12-22', '5411', 'Javed Labour', 1000, 19, 0, NULL, NULL),
(1362, 1, 72, '2022-12-22', '5411', 'Yasin Labour', 1100, 19, 0, NULL, NULL),
(1363, 1, 72, '2022-12-22', '5411', 'Hameed Labour', 1000, 19, 0, NULL, NULL),
(1364, 1, 72, '2022-12-22', '5611', 'Tea Water', 180, 19, 0, NULL, NULL),
(1365, 1, 72, '2022-12-22', '5612', '1 Suzuki Rohri', 7000, 19, 0, NULL, NULL),
(1366, 1, 72, '2022-12-22', '5411', 'Iron Offload Labour', 200, 19, 0, NULL, NULL),
(1367, 1, 72, '2022-12-22', '5611', 'Refreshment 26-12', 200, 19, 0, NULL, NULL),
(1368, 1, 72, '2022-12-22', '5612', 'Wooden Bed for Watchmen 26-12', 3800, 19, 0, NULL, NULL),
(1369, 1, 72, '2022-12-22', '5612', 'Blanket &amp; Pillow for Watchmen 26-12', 1400, 19, 0, NULL, NULL),
(1370, 1, 72, '2022-12-22', '5411', 'Hameed Labour ', 1000, 19, 0, NULL, NULL),
(1371, 1, 72, '2022-12-22', '5411', 'Yasin Labour', 1000, 19, 0, NULL, NULL),
(1372, 1, 72, '2022-12-22', '5411', 'Yaqoob Labour', 500, 19, 0, NULL, NULL),
(1373, 1, 72, '2022-12-22', '5411', 'Amir Labour 29-12', 4000, 19, 0, NULL, NULL),
(1374, 1, 72, '2022-12-22', '5411', 'Yaqoob Labour', 2500, 19, 0, NULL, NULL),
(1375, 1, 72, '2022-12-22', '5411', 'Hameed Labour', 2000, 19, 0, NULL, NULL),
(1376, 1, 72, '2022-12-22', '5411', 'Yasin Labour', 4500, 19, 0, NULL, NULL),
(1377, 1, 72, '2022-12-22', '5412', 'Ashraf Shuttering', 1000, 19, 0, NULL, NULL),
(1378, 1, 72, '2022-12-22', '5611', 'Tea', 780, 19, 0, NULL, NULL),
(1379, 1, 72, '2022-12-22', '5611', 'Tea 31-12', 100, 19, 0, NULL, NULL),
(1380, 1, 72, '2022-12-22', '1060', 'Payment Entry for the month of Dec 22', -35260, 19, 0, NULL, NULL),
(1381, 1, 73, '2023-01-14', '2100', 'Asad Lohar', 4000, 19, 0, 3, 0x3531),
(1382, 1, 73, '2023-01-14', '2100', '15-1-23', 1000, 19, 0, 3, 0x3531),
(1383, 1, 73, '2023-01-14', '2100', '16-1-23', 4000, 19, 0, 3, 0x3531),
(1384, 1, 73, '2023-01-14', '1060', 'Asad Lohar\n', -9000, 19, 0, NULL, NULL),
(1385, 1, 74, '2023-01-01', '5411', 'Hameed Labour', 500, 19, 0, NULL, NULL),
(1386, 1, 74, '2023-01-01', '5411', 'Yaqoob Labour 5-1-23', 1000, 19, 0, NULL, NULL),
(1387, 1, 74, '2023-01-01', '5411', 'Hameed Labour', 2500, 19, 0, NULL, NULL),
(1388, 1, 74, '2023-01-01', '5411', 'Yasin Labour', 3300, 19, 0, NULL, NULL),
(1389, 1, 74, '2023-01-01', '5412', 'Shareef Shuttering', 1600, 19, 0, NULL, NULL),
(1390, 1, 74, '2023-01-01', '5412', 'Yasin Shuttering', 3200, 19, 0, NULL, NULL),
(1391, 1, 74, '2023-01-01', '5611', 'Tea', 300, 19, 0, NULL, NULL),
(1392, 1, 74, '2023-01-01', '5411', 'Hameed Labour 8-1-23', 1000, 19, 0, NULL, NULL),
(1393, 1, 74, '2023-01-01', '5411', 'Amir Labour 12-1-23', 4000, 19, 0, NULL, NULL),
(1394, 1, 74, '2023-01-01', '5411', 'Hameed Labour', 4000, 19, 0, NULL, NULL),
(1395, 1, 74, '2023-01-01', '5411', 'Yasin Labour', 4400, 19, 0, NULL, NULL),
(1396, 1, 74, '2023-01-01', '5412', 'Shareef Shuttering', 3200, 19, 0, NULL, NULL),
(1397, 1, 74, '2023-01-01', '5412', 'Yasin Shuttering', 3200, 19, 0, NULL, NULL),
(1398, 1, 74, '2023-01-01', '5412', 'Shabbir Shuttering', 2800, 19, 0, NULL, NULL),
(1399, 1, 74, '2023-01-01', '5412', 'Ali Murad Shuttering', 2000, 19, 0, NULL, NULL),
(1400, 1, 74, '2023-01-01', '5611', 'Tea', 660, 19, 0, NULL, NULL),
(1401, 1, 74, '2023-01-01', '1060', 'Payment Entry from 1-1-23 to 12-1-23', -37660, 19, 0, NULL, NULL),
(1402, 1, 75, '2023-01-15', '5611', 'Tea 15-1-23', 100, 19, 0, NULL, NULL),
(1403, 1, 75, '2023-01-15', '5412', 'Shareef Shuttering 16-1', 3000, 19, 0, NULL, NULL),
(1404, 1, 75, '2023-01-15', '5412', 'Yasin Shuttering', 2000, 19, 0, NULL, NULL),
(1405, 1, 75, '2023-01-15', '5412', 'Ali Murad Shuttering', 1000, 19, 0, NULL, NULL),
(1406, 1, 75, '2023-01-15', '5412', 'Shabbir Shuttering', 1000, 19, 0, NULL, NULL),
(1407, 1, 75, '2023-01-15', '5411', 'Yasin Labour 16-1-23', 1000, 19, 0, NULL, NULL),
(1408, 1, 75, '2023-01-15', '5411', 'Hameed Labour', 1000, 19, 0, NULL, NULL),
(1409, 1, 75, '2023-01-15', '5411', 'Plinth Bahrai 17-1', 16000, 19, 0, NULL, NULL),
(1410, 1, 75, '2023-01-15', '5411', 'Labour O.T.', 1000, 19, 0, NULL, NULL),
(1411, 1, 75, '2023-01-15', '5411', 'Hameed Labour', 2000, 19, 0, NULL, NULL),
(1412, 1, 75, '2023-01-15', '5411', 'Amir Labour', 4000, 19, 0, NULL, NULL),
(1413, 1, 75, '2023-01-15', '5613', 'Petrol for Suzuki ?. Material Transportation 18-1', 1500, 19, 0, NULL, NULL),
(1414, 1, 75, '2023-01-15', '5411', 'Amir Labour', 400, 19, 0, NULL, NULL),
(1415, 1, 75, '2023-01-15', '5411', 'Yasin Labour 19-1', 1200, 19, 0, NULL, NULL),
(1416, 1, 75, '2023-01-15', '5412', 'Shareef Shuttering', 6600, 19, 0, NULL, NULL),
(1417, 1, 75, '2023-01-15', '5412', 'Yasin Shuttering', 7600, 19, 0, NULL, NULL),
(1418, 1, 75, '2023-01-15', '5412', 'Shabbir Shuttering', 7400, 19, 0, NULL, NULL),
(1419, 1, 75, '2023-01-15', '5412', 'Ali Murad Shuttering', 5000, 19, 0, NULL, NULL),
(1420, 1, 75, '2023-01-15', '5412', 'Zahid Shuttering', 1300, 19, 0, NULL, NULL),
(1421, 1, 75, '2023-01-15', '5412', 'Shuttering Labour OT', 1000, 19, 0, NULL, NULL),
(1422, 1, 75, '2023-01-15', '5611', 'Water', 180, 19, 0, NULL, NULL),
(1423, 1, 75, '2023-01-15', '5611', 'Tea Bill', 1380, 19, 0, NULL, NULL),
(1424, 1, 75, '2023-01-15', '5612', 'Mixing Oil 28-1', 720, 19, 0, NULL, NULL),
(1425, 1, 75, '2023-01-15', '1060', 'Payment Entry from 15-1-23 to 31-1-23', -66380, 19, 0, NULL, NULL),
(1426, 25, 27, '2023-03-31', '1510', '1035', 25000, 0, 0, NULL, NULL),
(1427, 25, 27, '2023-03-31', '1510', '1035', 39700, 0, 0, NULL, NULL),
(1428, 25, 27, '2023-03-31', '1550', '', -64700, 0, 0, NULL, NULL),
(1429, 20, 22, '2023-03-31', '2100', '', -64700, 17, 0, 3, 0x3233),
(1430, 20, 22, '2023-03-31', '1550', '', 25000, 17, 0, NULL, NULL),
(1431, 20, 22, '2023-03-31', '1550', '', 39700, 17, 0, NULL, NULL),
(1432, 22, 17, '2022-12-13', '2100', '', 250000, 17, 0, 3, 0x37),
(1433, 22, 17, '2022-12-13', '1065', '', -250000, 17, 0, NULL, NULL),
(1434, 25, 28, '2022-12-25', '1510', '1003', 7000, 0, 0, NULL, NULL),
(1435, 25, 28, '2022-12-25', '1510', '1001', 3150, 0, 0, NULL, NULL),
(1436, 25, 28, '2022-12-25', '1550', '', -10150, 0, 0, NULL, NULL),
(1437, 20, 23, '2022-12-25', '2100', '', -10150, 17, 0, 3, 0x38),
(1438, 20, 23, '2022-12-25', '1550', '', 7000, 17, 0, NULL, NULL),
(1439, 20, 23, '2022-12-25', '1550', '', 3150, 17, 0, NULL, NULL),
(1440, 22, 18, '2022-12-25', '2100', '', 7000, 17, 0, 3, 0x38),
(1441, 22, 18, '2022-12-25', '1065', '', -7000, 17, 0, NULL, NULL),
(1442, 22, 19, '2022-12-25', '2100', '', 7000, 17, 0, 3, 0x3531),
(1443, 22, 19, '2022-12-25', '1065', '', -7000, 17, 0, NULL, NULL),
(1444, 22, 20, '2022-12-27', '2100', '', 8000, 17, 0, 3, 0x3531),
(1445, 22, 20, '2022-12-27', '1065', '', -8000, 17, 0, NULL, NULL),
(1446, 22, 21, '2022-12-28', '2100', '', 7000, 17, 0, 3, 0x3531),
(1447, 22, 21, '2022-12-28', '1065', '', -7000, 17, 0, NULL, NULL),
(1448, 22, 22, '2022-12-29', '2100', '', 7000, 17, 0, 3, 0x3531),
(1449, 22, 22, '2022-12-29', '1065', '', -7000, 17, 0, NULL, NULL),
(1450, 1, 76, '2022-12-06', '5613', 'Petrol for Shuttering Shifting 6-12-22', 1000, 17, 0, NULL, NULL),
(1451, 1, 76, '2022-12-06', '5612', 'Matti Offload 7-12', 1600, 17, 0, NULL, NULL),
(1452, 1, 76, '2022-12-06', '5612', 'Shuttering Oil', 6750, 17, 0, NULL, NULL),
(1453, 1, 76, '2022-12-06', '5412', 'Yasin Shutt 8-12', 2400, 17, 0, NULL, NULL),
(1454, 1, 76, '2022-12-06', '5412', 'Zahid Shuttering', 3500, 17, 0, NULL, NULL),
(1455, 1, 76, '2022-12-06', '5412', 'Shareef Shuttering 9-12', 1600, 17, 0, NULL, NULL),
(1456, 1, 76, '2022-12-06', '5611', 'Tea N Water ', 250, 17, 0, NULL, NULL),
(1457, 1, 76, '2022-12-06', '5412', 'Ali Murad Shutt 12-12', 1000, 17, 0, NULL, NULL),
(1458, 1, 76, '2022-12-06', '5411', 'Block Masonary 13-12', 1500, 17, 0, NULL, NULL),
(1459, 1, 76, '2022-12-06', '5613', 'Petrol for Shuttering Shifting 14-12', 1000, 17, 0, NULL, NULL),
(1460, 1, 76, '2022-12-06', '5411', 'Amir Labour 15-12', 3000, 17, 0, NULL, NULL),
(1461, 1, 76, '2022-12-06', '5411', 'Yaqoob Labour', 1000, 17, 0, NULL, NULL),
(1462, 1, 76, '2022-12-06', '5411', 'Hameed Labour', 1000, 17, 0, NULL, NULL),
(1463, 1, 76, '2022-12-06', '5412', 'Yasin Shutt', 6400, 17, 0, NULL, NULL),
(1464, 1, 76, '2022-12-06', '5412', 'Zahid Shuttering', 3900, 17, 0, NULL, NULL),
(1465, 1, 76, '2022-12-06', '5412', 'Shareef Shuttering', 3200, 17, 0, NULL, NULL),
(1466, 1, 76, '2022-12-06', '5412', 'Ali Murad Shutt', 4000, 17, 0, NULL, NULL),
(1467, 1, 76, '2022-12-06', '5611', 'Tea', 550, 17, 0, NULL, NULL),
(1468, 1, 76, '2022-12-06', '5611', 'Water', 150, 17, 0, NULL, NULL),
(1469, 1, 76, '2022-12-06', '5411', 'Yasin Labour 19-12', 1000, 17, 0, NULL, NULL),
(1470, 1, 76, '2022-12-06', '5411', 'Hameed Labour', 1500, 17, 0, NULL, NULL),
(1471, 1, 76, '2022-12-06', '5411', 'Amir Labour', 1000, 17, 0, NULL, NULL),
(1472, 1, 76, '2022-12-06', '5412', 'Shareef Shuttering', 2000, 17, 0, NULL, NULL),
(1473, 1, 76, '2022-12-06', '5412', 'Yasin Shuttering 20-12', 2000, 17, 0, NULL, NULL),
(1474, 1, 76, '2022-12-06', '5412', 'Ali Murad Shutt', 1000, 17, 0, NULL, NULL),
(1475, 1, 76, '2022-12-06', '5412', 'Zahid Shuttering 21-12', 1000, 17, 0, NULL, NULL),
(1476, 1, 76, '2022-12-06', '5412', 'Shareef Shuttering', 1000, 17, 0, NULL, NULL),
(1477, 1, 76, '2022-12-06', '5411', 'Amir Labour', 2000, 17, 0, NULL, NULL),
(1478, 1, 76, '2022-12-06', '5411', 'Hameed Labour', 2500, 17, 0, NULL, NULL),
(1479, 1, 76, '2022-12-06', '5411', 'Yasin Labour', 2300, 17, 0, NULL, NULL),
(1480, 1, 76, '2022-12-06', '5412', 'Yasin Shutt', 7600, 17, 0, NULL, NULL),
(1481, 1, 76, '2022-12-06', '5412', 'Zahid Shuttering', 8100, 17, 0, NULL, NULL),
(1482, 1, 76, '2022-12-06', '5412', 'Shareef Shuttering', 8200, 17, 0, NULL, NULL),
(1483, 1, 76, '2022-12-06', '5412', 'Ali Murad Shutt', 6000, 17, 0, NULL, NULL),
(1484, 1, 76, '2022-12-06', '5611', 'Tea Bill', 1360, 17, 0, NULL, NULL),
(1485, 1, 76, '2022-12-06', '5611', 'Water', 330, 17, 0, NULL, NULL),
(1486, 1, 76, '2022-12-06', '5611', 'Refreshment', 300, 17, 0, NULL, NULL),
(1487, 1, 76, '2022-12-06', '5412', 'Shareef Shuttering 26-12', 3000, 17, 0, NULL, NULL),
(1488, 1, 76, '2022-12-06', '5412', 'Yasin Shutt', 2000, 17, 0, NULL, NULL),
(1489, 1, 76, '2022-12-06', '5412', 'Ali Murad Shutt', 1000, 17, 0, NULL, NULL),
(1490, 1, 76, '2022-12-06', '5412', 'Zahid Shuttering', 1000, 17, 0, NULL, NULL),
(1491, 1, 76, '2022-12-06', '5412', 'Zahid Shuttering 27-12', 5500, 17, 0, NULL, NULL),
(1492, 1, 76, '2022-12-06', '5411', 'Yaqoob Labour', 1000, 17, 0, NULL, NULL),
(1493, 1, 76, '2022-12-06', '5411', 'Hameed Labour 29-12', 1000, 17, 0, NULL, NULL),
(1494, 1, 76, '2022-12-06', '5412', 'Yasin Shutt', 7600, 17, 0, NULL, NULL),
(1495, 1, 76, '2022-12-06', '5412', 'Shareef Shuttering', 8200, 17, 0, NULL, NULL),
(1496, 1, 76, '2022-12-06', '5412', 'Ali Murad Shutt', 6000, 17, 0, NULL, NULL),
(1497, 1, 76, '2022-12-06', '5611', 'Tea Bill', 1320, 17, 0, NULL, NULL),
(1498, 1, 76, '2022-12-06', '5611', 'Water', 1000, 17, 0, NULL, NULL),
(1499, 1, 76, '2022-12-06', '5412', 'Saddam Shuttering 30-12', 500, 17, 0, NULL, NULL),
(1500, 1, 76, '2022-12-06', '5411', 'Cement offload Labour 31-12', 200, 17, 0, NULL, NULL),
(1501, 1, 76, '2022-12-06', '1065', 'Payment entry from 6-12-22 to 31-12-22', -132310, 17, 0, NULL, NULL),
(1502, 25, 29, '2022-09-26', '1510', '1002', 24750, 0, 0, NULL, NULL),
(1503, 25, 29, '2022-09-26', '1510', '1002', 99000, 0, 0, NULL, NULL),
(1504, 25, 29, '2022-09-26', '1510', '1003', 3300, 0, 0, NULL, NULL),
(1505, 25, 29, '2022-09-26', '1510', '1002', 51000, 0, 0, NULL, NULL),
(1506, 25, 29, '2022-09-26', '1510', '1002', 25500, 0, 0, NULL, NULL),
(1507, 25, 29, '2022-09-26', '1510', '1002', 25500, 0, 0, NULL, NULL),
(1508, 25, 29, '2022-09-26', '1510', '1003', 6600, 0, 0, NULL, NULL),
(1509, 25, 29, '2022-09-26', '1510', '1001', 115486, 0, 0, NULL, NULL),
(1510, 25, 29, '2022-09-26', '1510', '1002', 99000, 0, 0, NULL, NULL),
(1511, 25, 29, '2022-09-26', '1510', '1002', 40400, 0, 0, NULL, NULL),
(1512, 25, 29, '2022-09-26', '1510', '1002', 51500, 0, 0, NULL, NULL),
(1513, 25, 29, '2022-09-26', '1510', '1002', 25750, 0, 0, NULL, NULL),
(1514, 25, 29, '2022-09-26', '1510', '1002', 101000, 0, 0, NULL, NULL),
(1515, 25, 29, '2022-09-26', '1510', '1001', 208449, 0, 0, NULL, NULL),
(1516, 25, 29, '2022-09-26', '1510', '1001', 124614, 0, 0, NULL, NULL),
(1517, 25, 29, '2022-09-26', '1510', '1001', 125080, 0, 0, NULL, NULL),
(1518, 25, 29, '2022-09-26', '1510', '1001', 49680, 0, 0, NULL, NULL),
(1519, 25, 29, '2022-09-26', '1510', '1001', 666333, 0, 0, NULL, NULL),
(1520, 25, 29, '2022-09-26', '1510', '1001', 102770, 0, 0, NULL, NULL),
(1521, 25, 29, '2022-09-26', '1510', '1003', 1386, 0, 0, NULL, NULL),
(1522, 25, 29, '2022-09-26', '1510', '1001', 49088, 0, 0, NULL, NULL),
(1523, 25, 29, '2022-09-26', '1510', '1001', 43860, 0, 0, NULL, NULL),
(1524, 25, 29, '2022-09-26', '1510', '1002', 404000, 0, 0, NULL, NULL),
(1525, 25, 29, '2022-09-26', '1550', '', -2444046, 17, 0, NULL, NULL),
(1526, 20, 24, '2022-09-26', '2100', '', -2453446, 17, 0, 3, 0x37),
(1527, 20, 24, '2022-09-26', '1550', '', 24750, 17, 0, NULL, NULL),
(1528, 20, 24, '2022-09-26', '1550', '', 99000, 17, 0, NULL, NULL),
(1529, 20, 24, '2022-09-26', '1550', '', 3300, 17, 0, NULL, NULL),
(1530, 20, 24, '2022-09-26', '1550', '', 51000, 17, 0, NULL, NULL),
(1531, 20, 24, '2022-09-26', '1550', '', 25500, 17, 0, NULL, NULL),
(1532, 20, 24, '2022-09-26', '1550', '', 25500, 17, 0, NULL, NULL),
(1533, 20, 24, '2022-09-26', '1550', '', 6600, 17, 0, NULL, NULL),
(1534, 20, 24, '2022-09-26', '1550', '', 115486, 17, 0, NULL, NULL),
(1535, 20, 24, '2022-09-26', '1550', '', 99000, 17, 0, NULL, NULL),
(1536, 20, 24, '2022-09-26', '5010', '', 1000, 17, 0, NULL, NULL),
(1537, 20, 24, '2022-09-26', '1550', '', 40400, 17, 0, NULL, NULL),
(1538, 20, 24, '2022-09-26', '1550', '', 51500, 17, 0, NULL, NULL),
(1539, 20, 24, '2022-09-26', '1550', '', 25750, 17, 0, NULL, NULL),
(1540, 20, 24, '2022-09-26', '1550', '', 101000, 17, 0, NULL, NULL),
(1541, 20, 24, '2022-09-26', '1550', '', 208449, 17, 0, NULL, NULL),
(1542, 20, 24, '2022-09-26', '1550', '', 124614, 17, 0, NULL, NULL),
(1543, 20, 24, '2022-09-26', '1550', '', 125080, 17, 0, NULL, NULL),
(1544, 20, 24, '2022-09-26', '1550', '', 49680, 17, 0, NULL, NULL),
(1545, 20, 24, '2022-09-26', '1550', '', 666333, 17, 0, NULL, NULL),
(1546, 20, 24, '2022-09-26', '5010', '', 7000, 17, 0, NULL, NULL),
(1547, 20, 24, '2022-09-26', '1550', '', 102770, 17, 0, NULL, NULL),
(1548, 20, 24, '2022-09-26', '5010', '', 600, 17, 0, NULL, NULL),
(1549, 20, 24, '2022-09-26', '1550', '', 1386, 17, 0, NULL, NULL),
(1550, 20, 24, '2022-09-26', '5010', '', 500, 17, 0, NULL, NULL),
(1551, 20, 24, '2022-09-26', '1550', '', 49088, 17, 0, NULL, NULL),
(1552, 20, 24, '2022-09-26', '1550', '', 43860, 17, 0, NULL, NULL),
(1553, 20, 24, '2022-09-26', '5010', '', 300, 17, 0, NULL, NULL),
(1554, 20, 24, '2022-09-26', '1550', '', 404000, 17, 0, NULL, NULL),
(1555, 25, 30, '2023-01-05', '1510', '1002', 20600, 0, 0, NULL, NULL),
(1556, 25, 30, '2023-01-05', '1510', '1002', 61200, 0, 0, NULL, NULL),
(1557, 25, 30, '2023-01-05', '1510', '1001', 308210, 0, 0, NULL, NULL),
(1558, 25, 30, '2023-01-05', '1510', '1001', 286552, 0, 0, NULL, NULL),
(1559, 25, 30, '2023-01-05', '1510', '1001', 509558, 0, 0, NULL, NULL),
(1560, 25, 30, '2023-01-05', '1510', '1001', 307734, 0, 0, NULL, NULL),
(1561, 25, 30, '2023-01-05', '1510', '1001', 114240, 0, 0, NULL, NULL),
(1562, 25, 30, '2023-01-05', '1510', '1003', 3800, 0, 0, NULL, NULL),
(1563, 25, 30, '2023-01-05', '1510', '1002', 121200, 0, 0, NULL, NULL),
(1564, 25, 30, '2023-01-05', '1510', '1002', 32100, 0, 0, NULL, NULL),
(1565, 25, 30, '2023-01-05', '1510', '1002', 26750, 0, 0, NULL, NULL),
(1566, 25, 30, '2023-01-05', '1510', '1002', 26750, 0, 0, NULL, NULL),
(1567, 25, 30, '2023-01-05', '1510', '1003', 8600, 0, 0, NULL, NULL),
(1568, 25, 30, '2023-01-05', '1510', '1003', 8600, 0, 0, NULL, NULL),
(1569, 25, 30, '2023-01-05', '1510', '1003', 8600, 0, 0, NULL, NULL),
(1570, 25, 30, '2023-01-05', '1510', '1002', 550000, 0, 0, NULL, NULL),
(1571, 25, 30, '2023-01-05', '1510', '1001', 42774.99996, 0, 0, NULL, NULL),
(1572, 25, 30, '2023-01-05', '1510', '1002', 28000, 0, 0, NULL, NULL),
(1573, 25, 30, '2023-01-05', '1550', '', -2465268.99996, 17, 0, NULL, NULL),
(1574, 20, 25, '2023-01-05', '2100', '', -2472668.99996, 17, 0, 3, 0x37),
(1575, 20, 25, '2023-01-05', '1550', '', 20600, 17, 0, NULL, NULL),
(1576, 20, 25, '2023-01-05', '1550', '', 61200, 17, 0, NULL, NULL),
(1577, 20, 25, '2023-01-05', '1550', '', 308210, 17, 0, NULL, NULL),
(1578, 20, 25, '2023-01-05', '1550', '', 286552, 17, 0, NULL, NULL),
(1579, 20, 25, '2023-01-05', '1550', '', 509558, 17, 0, NULL, NULL),
(1580, 20, 25, '2023-01-05', '1550', '', 307734, 17, 0, NULL, NULL),
(1581, 20, 25, '2023-01-05', '1550', '', 114240, 17, 0, NULL, NULL),
(1582, 20, 25, '2023-01-05', '5010', '', 7000, 17, 0, NULL, NULL),
(1583, 20, 25, '2023-01-05', '1550', '', 3800, 17, 0, NULL, NULL),
(1584, 20, 25, '2023-01-05', '1550', '', 121200, 17, 0, NULL, NULL),
(1585, 20, 25, '2023-01-05', '1550', '', 32100, 17, 0, NULL, NULL),
(1586, 20, 25, '2023-01-05', '1550', '', 26750, 17, 0, NULL, NULL),
(1587, 20, 25, '2023-01-05', '1550', '', 26750, 17, 0, NULL, NULL),
(1588, 20, 25, '2023-01-05', '1550', '', 8600, 17, 0, NULL, NULL),
(1589, 20, 25, '2023-01-05', '1550', '', 8600, 17, 0, NULL, NULL),
(1590, 20, 25, '2023-01-05', '1550', '', 8600, 17, 0, NULL, NULL),
(1591, 20, 25, '2023-01-05', '1550', '', 550000, 17, 0, NULL, NULL),
(1592, 20, 25, '2023-01-05', '1550', '', 42774.99996, 17, 0, NULL, NULL),
(1593, 20, 25, '2023-01-05', '5010', '', 400, 17, 0, NULL, NULL),
(1594, 20, 25, '2023-01-05', '1550', '', 28000, 17, 0, NULL, NULL),
(1595, 25, 31, '2022-12-22', '1510', '1002', 26250, 0, 0, NULL, NULL),
(1596, 25, 31, '2022-12-22', '1510', '1001', 268065, 0, 0, NULL, NULL),
(1597, 25, 31, '2022-12-22', '1510', '1001', 36846, 0, 0, NULL, NULL),
(1598, 25, 31, '2022-12-22', '1510', '1003', 3300, 0, 0, NULL, NULL),
(1599, 25, 31, '2022-12-22', '1510', '1002', 26250, 0, 0, NULL, NULL),
(1600, 25, 31, '2022-12-22', '1550', '', -360711, 19, 0, NULL, NULL),
(1601, 20, 26, '2022-12-22', '2100', '', -362211, 19, 0, 3, 0x37),
(1602, 20, 26, '2022-12-22', '1550', '', 26250, 19, 0, NULL, NULL),
(1603, 20, 26, '2022-12-22', '1550', '', 268065, 19, 0, NULL, NULL),
(1604, 20, 26, '2022-12-22', '1550', '', 36846, 19, 0, NULL, NULL),
(1605, 20, 26, '2022-12-22', '1550', '', 3300, 19, 0, NULL, NULL),
(1606, 20, 26, '2022-12-22', '5010', '', 1500, 19, 0, NULL, NULL),
(1607, 20, 26, '2022-12-22', '1550', '', 26250, 19, 0, NULL, NULL),
(1608, 25, 32, '2023-01-05', '1510', '1002', 10300, 0, 0, NULL, NULL),
(1609, 25, 32, '2023-01-05', '1510', '1002', 10500, 0, 0, NULL, NULL),
(1610, 25, 32, '2023-01-05', '1510', '1003', 3400, 0, 0, NULL, NULL),
(1611, 25, 32, '2023-01-05', '1510', '1002', 103000, 0, 0, NULL, NULL),
(1612, 25, 32, '2023-01-05', '1510', '1003', 3200, 0, 0, NULL, NULL),
(1613, 25, 32, '2023-01-05', '1510', '1001', 40320, 0, 0, NULL, NULL),
(1614, 25, 32, '2023-01-05', '1510', '1001', 138600, 0, 0, NULL, NULL),
(1615, 25, 32, '2023-01-05', '1510', '1001', 189750, 0, 0, NULL, NULL),
(1616, 25, 32, '2023-01-05', '1510', '1001', 10725, 0, 0, NULL, NULL),
(1617, 25, 32, '2023-01-05', '1510', '1001', 39325, 0, 0, NULL, NULL),
(1618, 25, 32, '2023-01-05', '1510', '1002', 220000, 0, 0, NULL, NULL),
(1619, 25, 32, '2023-01-05', '1510', '1001', 18560, 0, 0, NULL, NULL),
(1620, 25, 32, '2023-01-05', '1510', '1002', 44000, 0, 0, NULL, NULL),
(1621, 25, 32, '2023-01-05', '1510', '1002', 27500, 0, 0, NULL, NULL),
(1622, 25, 32, '2023-01-05', '1510', '1002', 26750, 0, 0, NULL, NULL),
(1623, 25, 32, '2023-01-05', '1510', '1002', 26750, 0, 0, NULL, NULL),
(1624, 25, 32, '2023-01-05', '1510', '1002', 10700, 0, 0, NULL, NULL),
(1625, 25, 32, '2023-01-05', '1510', '1001', 20790, 0, 0, NULL, NULL),
(1626, 25, 32, '2023-01-05', '1510', '1001', 38740, 0, 0, NULL, NULL),
(1627, 25, 32, '2023-01-05', '1550', '', -982910, 19, 0, NULL, NULL),
(1628, 20, 27, '2023-01-05', '2100', '', -997110, 19, 0, 3, 0x37),
(1629, 20, 27, '2023-01-05', '1550', '', 10300, 19, 0, NULL, NULL),
(1630, 20, 27, '2023-01-05', '1550', '', 10500, 19, 0, NULL, NULL),
(1631, 20, 27, '2023-01-05', '5010', '', 1500, 19, 0, NULL, NULL),
(1632, 20, 27, '2023-01-05', '1550', '', 3400, 19, 0, NULL, NULL),
(1633, 20, 27, '2023-01-05', '1550', '', 103000, 19, 0, NULL, NULL),
(1634, 20, 27, '2023-01-05', '1550', '', 3200, 19, 0, NULL, NULL),
(1635, 20, 27, '2023-01-05', '1550', '', 40320, 19, 0, NULL, NULL),
(1636, 20, 27, '2023-01-05', '1550', '', 138600, 19, 0, NULL, NULL),
(1637, 20, 27, '2023-01-05', '5010', '', 1500, 19, 0, NULL, NULL),
(1638, 20, 27, '2023-01-05', '1550', '', 189750, 19, 0, NULL, NULL),
(1639, 20, 27, '2023-01-05', '5010', '', 7200, 19, 0, NULL, NULL),
(1640, 20, 27, '2023-01-05', '5010', '', 3000, 19, 0, NULL, NULL),
(1641, 20, 27, '2023-01-05', '1550', '', 10725, 19, 0, NULL, NULL),
(1642, 20, 27, '2023-01-05', '1550', '', 39325, 19, 0, NULL, NULL),
(1643, 20, 27, '2023-01-05', '5010', '', 500, 19, 0, NULL, NULL),
(1644, 20, 27, '2023-01-05', '1550', '', 220000, 19, 0, NULL, NULL),
(1645, 20, 27, '2023-01-05', '1550', '', 18560, 19, 0, NULL, NULL),
(1646, 20, 27, '2023-01-05', '1550', '', 44000, 19, 0, NULL, NULL),
(1647, 20, 27, '2023-01-05', '1550', '', 27500, 19, 0, NULL, NULL),
(1648, 20, 27, '2023-01-05', '1550', '', 26750, 19, 0, NULL, NULL),
(1649, 20, 27, '2023-01-05', '1550', '', 26750, 19, 0, NULL, NULL),
(1650, 20, 27, '2023-01-05', '1550', '', 10700, 19, 0, NULL, NULL),
(1651, 20, 27, '2023-01-05', '1550', '', 20790, 19, 0, NULL, NULL),
(1652, 20, 27, '2023-01-05', '1550', '', 38740, 19, 0, NULL, NULL),
(1653, 20, 27, '2023-01-05', '5010', '', 500, 19, 0, NULL, NULL),
(1654, 22, 23, '2023-02-10', '2100', '', 400000, 19, 0, 3, 0x37),
(1655, 22, 23, '2023-02-10', '1060', '', -400000, 19, 0, NULL, NULL),
(1656, 25, 33, '2023-01-12', '1510', '1001', 138767.5, 0, 0, NULL, NULL),
(1657, 25, 33, '2023-01-12', '1510', '1001', 166027.5, 0, 0, NULL, NULL),
(1658, 25, 33, '2023-01-12', '1510', '1001', 495962.5, 0, 0, NULL, NULL),
(1659, 25, 33, '2023-01-12', '1510', '1001', 14170, 0, 0, NULL, NULL),
(1660, 25, 33, '2023-01-12', '1550', '', -814927.5, 19, 0, NULL, NULL),
(1661, 20, 28, '2023-01-12', '2100', '', -814927.5, 19, 0, 3, 0x37),
(1662, 20, 28, '2023-01-12', '1550', '', 138767.5, 19, 0, NULL, NULL),
(1663, 20, 28, '2023-01-12', '1550', '', 166027.5, 19, 0, NULL, NULL),
(1664, 20, 28, '2023-01-12', '1550', '', 495962.5, 19, 0, NULL, NULL),
(1665, 20, 28, '2023-01-12', '1550', '', 14170, 19, 0, NULL, NULL),
(1666, 1, 77, '2023-03-07', '5070', 'Ghazanfar Plumber for Sewerage line', 1000, 19, 0, NULL, NULL),
(1667, 1, 77, '2023-03-07', '1060', 'Ghazanfar Plumber for Sewerage line\n', -1000, 19, 0, NULL, NULL),
(1668, 1, 78, '2023-03-20', '5070', 'Asad Lohar', 5000, 19, 0, NULL, NULL),
(1669, 1, 78, '2023-03-20', '1060', 'Asad Lohar\n', -5000, 19, 0, NULL, NULL),
(1670, 22, 24, '2023-03-21', '2100', '', 250000, 19, 0, 3, 0x37),
(1671, 22, 24, '2023-03-21', '1060', '', -250000, 19, 0, NULL, NULL),
(1672, 1, 79, '2023-02-26', '5611', 'Refreshment', 150, 19, 0, NULL, NULL),
(1673, 1, 79, '2023-02-26', '5411', 'Hameed Labour', 2000, 19, 0, NULL, NULL),
(1674, 1, 79, '2023-02-26', '5411', 'Hakim Jan Labour 27-2', 1000, 19, 0, NULL, NULL),
(1675, 1, 79, '2023-02-26', '5411', 'Ali Jan Labour', 500, 19, 0, NULL, NULL),
(1676, 1, 79, '2023-02-26', '5612', 'Trolly Repair 28-2', 600, 19, 0, NULL, NULL),
(1677, 1, 79, '2023-02-26', '5411', 'Ali Jan Labour 2-3', 2700, 19, 0, NULL, NULL),
(1678, 1, 79, '2023-02-26', '5411', 'Hakim Jan Labour', 2200, 19, 0, NULL, NULL),
(1679, 1, 79, '2023-02-26', '5411', 'Yasin Labour', 3300, 19, 0, NULL, NULL),
(1680, 1, 79, '2023-02-26', '5411', 'Hameed Labour', 4600, 19, 0, NULL, NULL),
(1681, 1, 79, '2023-02-26', '5411', 'Amir Labour', 3300, 19, 0, NULL, NULL),
(1682, 1, 79, '2023-02-26', '5611', 'Tea', 600, 19, 0, NULL, NULL),
(1683, 1, 79, '2023-02-26', '5612', 'Imdad Material for 3 Rohri Small 6-3', 18900, 19, 0, NULL, NULL),
(1684, 1, 79, '2023-02-26', '5411', 'Hameed Labour', 500, 19, 0, NULL, NULL),
(1685, 1, 79, '2023-02-26', '5411', 'Yasin Labour', 1500, 19, 0, NULL, NULL),
(1686, 1, 79, '2023-02-26', '5411', 'Ali Jan Labour', 500, 19, 0, NULL, NULL),
(1687, 1, 79, '2023-02-26', '5411', 'Hakim Jan Labour', 500, 19, 0, NULL, NULL),
(1688, 1, 79, '2023-02-26', '5613', 'Sewerage line Cartage 7-3', 500, 19, 0, NULL, NULL),
(1689, 1, 79, '2023-02-26', '5612', 'Rohri small 8-3', 6300, 19, 0, NULL, NULL),
(1690, 1, 79, '2023-02-26', '5411', 'Ali Jan Labour 9-3', 1100, 19, 0, NULL, NULL),
(1691, 1, 79, '2023-02-26', '5411', 'Hakim Jan Labour', 2700, 19, 0, NULL, NULL),
(1692, 1, 79, '2023-02-26', '5411', 'Yasin Labour', 1800, 19, 0, NULL, NULL),
(1693, 1, 79, '2023-02-26', '5411', 'Hameed Labour', 3900, 19, 0, NULL, NULL),
(1694, 1, 79, '2023-02-26', '5411', 'Amir Labour', 1100, 19, 0, NULL, NULL),
(1695, 1, 79, '2023-02-26', '5612', 'Compactor Rent', 2500, 19, 0, NULL, NULL),
(1696, 1, 79, '2023-02-26', '5611', 'Tea Bill', 660, 19, 0, NULL, NULL),
(1697, 1, 79, '2023-02-26', '5612', 'POP  11-3', 70, 19, 0, NULL, NULL),
(1698, 1, 79, '2023-02-26', '5612', 'Trolly Repair 14-3', 250, 19, 0, NULL, NULL),
(1699, 1, 79, '2023-02-26', '5411', 'Ali Jan Labour 16-3', 800, 19, 0, NULL, NULL),
(1700, 1, 79, '2023-02-26', '5411', 'Hakim Labour', 2400, 19, 0, NULL, NULL),
(1701, 1, 79, '2023-02-26', '5411', 'Amir Labour', 2200, 19, 0, NULL, NULL),
(1702, 1, 79, '2023-02-26', '5411', 'Sarfaraz Mistari 18-3', 1000, 19, 0, NULL, NULL),
(1703, 1, 79, '2023-02-26', '5411', 'Amir Labour 20-3', 500, 19, 0, NULL, NULL),
(1704, 1, 79, '2023-02-26', '5411', 'Yasin Labour', 2000, 19, 0, NULL, NULL),
(1705, 1, 79, '2023-02-26', '5411', 'Hakim Labour', 500, 19, 0, NULL, NULL),
(1706, 1, 79, '2023-02-26', '5411', 'Ashiq Mistari', 1000, 19, 0, NULL, NULL),
(1707, 1, 79, '2023-02-26', '5411', 'Ali Raza Mistari', 2000, 19, 0, NULL, NULL),
(1708, 1, 79, '2023-02-26', '5411', 'Ramzan Labour', 2000, 19, 0, NULL, NULL),
(1709, 1, 79, '2023-02-26', '5411', 'Sarfaraz Mistari', 1000, 19, 0, NULL, NULL),
(1710, 1, 79, '2023-02-26', '5411', 'New Labour', 1000, 19, 0, NULL, NULL),
(1711, 1, 79, '2023-02-26', '5412', 'Shareef Shuttering ', 2000, 19, 0, NULL, NULL),
(1712, 1, 79, '2023-02-26', '5411', 'Hameed Labour 21-3', 1200, 19, 0, NULL, NULL),
(1713, 1, 79, '2023-02-26', '5411', 'Sarfaraz Mistari 22-3', 7000, 19, 0, NULL, NULL),
(1714, 1, 79, '2023-02-26', '5612', 'Lenter', 1200, 19, 0, NULL, NULL),
(1715, 1, 79, '2023-02-26', '5612', '15 Litre Shuttering Oil @ 195', 2900, 19, 0, NULL, NULL),
(1716, 1, 79, '2023-02-26', '5611', 'Tea Bill', 2000, 19, 0, NULL, NULL),
(1717, 1, 79, '2023-02-26', '5411', 'Ali Raza Mistari 23-3', 6500, 19, 0, NULL, NULL),
(1718, 1, 79, '2023-02-26', '5411', 'Ramzan Labour', 3500, 19, 0, NULL, NULL),
(1719, 1, 79, '2023-02-26', '5411', 'Ashiq Mistari', 4100, 19, 0, NULL, NULL),
(1720, 1, 79, '2023-02-26', '5411', 'Munir Labour', 4500, 19, 0, NULL, NULL),
(1721, 1, 79, '2023-02-26', '5411', 'Ali Jan Labour', 3200, 19, 0, NULL, NULL),
(1722, 1, 79, '2023-02-26', '5411', 'Hakim Labour', 4300, 19, 0, NULL, NULL),
(1723, 1, 79, '2023-02-26', '5411', 'Yasin Labour', 1300, 19, 0, NULL, NULL),
(1724, 1, 79, '2023-02-26', '5411', 'Amir Labour', 5000, 19, 0, NULL, NULL),
(1725, 1, 79, '2023-02-26', '5411', 'Waseem Mistari', 5700, 19, 0, NULL, NULL),
(1726, 1, 79, '2023-02-26', '5411', 'Deedar Labour', 3300, 19, 0, NULL, NULL),
(1727, 1, 79, '2023-02-26', '5412', 'Shareef Shuttering', 4800, 19, 0, NULL, NULL),
(1728, 1, 79, '2023-02-26', '5412', 'Zahid Shuttering', 2600, 19, 0, NULL, NULL),
(1729, 1, 79, '2023-02-26', '5412', 'Yasin Shuttering 27-3', 1500, 19, 0, NULL, NULL),
(1730, 1, 79, '2023-02-26', '5412', 'Shareef Shuttering', 2000, 19, 0, NULL, NULL),
(1731, 1, 79, '2023-02-26', '5411', 'Ashiq Mistari 30-3', 1700, 19, 0, NULL, NULL),
(1732, 1, 79, '2023-02-26', '5411', 'Ali Jan Labour', 800, 19, 0, NULL, NULL),
(1733, 1, 79, '2023-02-26', '5411', 'Hakim Labour', 4000, 19, 0, NULL, NULL),
(1734, 1, 79, '2023-02-26', '5411', 'Yasin Labour', 2200, 19, 0, NULL, NULL),
(1735, 1, 79, '2023-02-26', '5411', 'Amir Labour', 1100, 19, 0, NULL, NULL),
(1736, 1, 79, '2023-02-26', '5412', 'Shareef Shuttering ', 8200, 19, 0, NULL, NULL),
(1737, 1, 79, '2023-02-26', '5412', 'Zahid Shuttering', 7800, 19, 0, NULL, NULL),
(1738, 1, 79, '2023-02-26', '5412', 'Yasin Shuttering', 4900, 19, 0, NULL, NULL),
(1739, 1, 79, '2023-02-26', '5411', 'Yasin Labour 16-3-23', 200, 19, 0, NULL, NULL),
(1740, 1, 79, '2023-02-26', '1060', 'Payment entry from 26-2-2023 to 31-3-2023', -179630, 19, 0, NULL, NULL),
(1741, 22, 25, '2023-04-03', '2100', '', 3000, 19, 0, 3, 0x3531),
(1742, 22, 25, '2023-04-03', '1060', '', -3000, 19, 0, NULL, NULL),
(1743, 25, 34, '2022-12-22', '1510', '1004', 17999.99985, 0, 0, NULL, NULL),
(1744, 25, 34, '2022-12-22', '1510', '1006', 25999.9999, 0, 0, NULL, NULL),
(1745, 25, 34, '2022-12-22', '1510', '1005', 28000, 0, 0, NULL, NULL),
(1746, 25, 34, '2022-12-22', '1510', '1005', 19999.99995, 0, 0, NULL, NULL),
(1747, 25, 34, '2022-12-22', '1510', '1001', 8000, 0, 0, NULL, NULL),
(1748, 25, 34, '2022-12-22', '1510', '1011', 5000, 0, 0, NULL, NULL),
(1749, 25, 34, '2022-12-22', '1510', '1005', 19999.99995, 0, 0, NULL, NULL),
(1750, 25, 34, '2022-12-22', '1510', '1004', 27000, 0, 0, NULL, NULL),
(1751, 25, 34, '2022-12-22', '1510', '1006', 24999.99985, 0, 0, NULL, NULL),
(1752, 25, 34, '2022-12-22', '1510', '1005', 19999.99995, 0, 0, NULL, NULL),
(1753, 25, 34, '2022-12-22', '1510', '1001', 56000, 0, 0, NULL, NULL),
(1754, 25, 34, '2022-12-22', '1510', '1006', 28000, 0, 0, NULL, NULL),
(1755, 25, 34, '2022-12-22', '1510', '1011', 5000, 0, 0, NULL, NULL),
(1756, 25, 34, '2022-12-22', '1510', '1004', 27000, 0, 0, NULL, NULL),
(1757, 25, 34, '2022-12-22', '1510', '1004', 18999.9999, 0, 0, NULL, NULL),
(1758, 25, 34, '2022-12-22', '1550', '', -331999.99935, 0, 0, NULL, NULL),
(1759, 20, 29, '2022-12-22', '2100', '', -331999.99935, 19, 0, 3, 0x3132),
(1760, 20, 29, '2022-12-22', '1550', '', 17999.99985, 19, 0, NULL, NULL),
(1761, 20, 29, '2022-12-22', '1550', '', 25999.9999, 19, 0, NULL, NULL),
(1762, 20, 29, '2022-12-22', '1550', '', 28000, 19, 0, NULL, NULL),
(1763, 20, 29, '2022-12-22', '1550', '', 19999.99995, 19, 0, NULL, NULL),
(1764, 20, 29, '2022-12-22', '1550', '', 8000, 19, 0, NULL, NULL),
(1765, 20, 29, '2022-12-22', '1550', '', 5000, 19, 0, NULL, NULL),
(1766, 20, 29, '2022-12-22', '1550', '', 19999.99995, 19, 0, NULL, NULL),
(1767, 20, 29, '2022-12-22', '1550', '', 27000, 19, 0, NULL, NULL),
(1768, 20, 29, '2022-12-22', '1550', '', 24999.99985, 19, 0, NULL, NULL),
(1769, 20, 29, '2022-12-22', '1550', '', 19999.99995, 19, 0, NULL, NULL),
(1770, 20, 29, '2022-12-22', '1550', '', 56000, 19, 0, NULL, NULL),
(1771, 20, 29, '2022-12-22', '1550', '', 28000, 19, 0, NULL, NULL),
(1772, 20, 29, '2022-12-22', '1550', '', 5000, 19, 0, NULL, NULL),
(1773, 20, 29, '2022-12-22', '1550', '', 27000, 19, 0, NULL, NULL),
(1774, 20, 29, '2022-12-22', '1550', '', 18999.9999, 19, 0, NULL, NULL),
(1775, 25, 35, '2023-03-08', '1510', '1011', 21000, 0, 0, NULL, NULL),
(1776, 25, 35, '2023-03-08', '1550', '', -21000, 0, 0, NULL, NULL),
(1777, 20, 30, '2023-03-08', '2100', '', -21000, 19, 0, 3, 0x3133),
(1778, 20, 30, '2023-03-08', '1550', '', 21000, 19, 0, NULL, NULL),
(1779, 22, 26, '2023-04-05', '2100', '', 131000, 19, 0, 3, 0x3132),
(1780, 22, 26, '2023-04-05', '1060', '', -131000, 19, 0, NULL, NULL),
(1781, 22, 27, '2023-04-05', '2100', '', 3000, 19, 0, 3, 0x3531),
(1782, 22, 27, '2023-04-05', '1060', '', -3000, 19, 0, NULL, NULL),
(1783, 25, 36, '2023-03-15', '1510', '1008', 20000, 0, 0, NULL, NULL),
(1784, 25, 36, '2023-03-15', '1510', '1008', 20000, 0, 0, NULL, NULL),
(1785, 25, 36, '2023-03-15', '1510', '1008', 7600, 0, 0, NULL, NULL),
(1786, 25, 36, '2023-03-15', '1510', '1008', 12000, 0, 0, NULL, NULL),
(1787, 25, 36, '2023-03-15', '1510', '1008', 20000, 0, 0, NULL, NULL),
(1788, 25, 36, '2023-03-15', '1510', '1008', 20000, 0, 0, NULL, NULL),
(1789, 25, 36, '2023-03-15', '1510', '1008', 20000, 0, 0, NULL, NULL),
(1790, 25, 36, '2023-03-15', '1510', '1028', 1360, 0, 0, NULL, NULL),
(1791, 25, 36, '2023-03-15', '1510', '1028', 800, 0, 0, NULL, NULL),
(1792, 25, 36, '2023-03-15', '1510', '1028', 1600, 0, 0, NULL, NULL),
(1793, 25, 36, '2023-03-15', '1510', '1028', 600, 0, 0, NULL, NULL),
(1794, 25, 36, '2023-03-15', '1510', '1037', 600, 0, 0, NULL, NULL),
(1795, 25, 36, '2023-03-15', '1510', '1008', 20000, 0, 0, NULL, NULL),
(1796, 25, 36, '2023-03-15', '1510', '1008', 20000, 0, 0, NULL, NULL),
(1797, 25, 36, '2023-03-15', '1510', '1008', 8000, 0, 0, NULL, NULL),
(1798, 25, 36, '2023-03-15', '1550', '', -172560, 0, 0, NULL, NULL),
(1799, 20, 31, '2023-03-15', '2100', '', -172560, 19, 0, 3, 0x3231),
(1800, 20, 31, '2023-03-15', '1550', '', 20000, 19, 0, NULL, NULL),
(1801, 20, 31, '2023-03-15', '1550', '', 20000, 19, 0, NULL, NULL),
(1802, 20, 31, '2023-03-15', '1550', '', 7600, 19, 0, NULL, NULL),
(1803, 20, 31, '2023-03-15', '1550', '', 12000, 19, 0, NULL, NULL),
(1804, 20, 31, '2023-03-15', '1550', '', 20000, 19, 0, NULL, NULL),
(1805, 20, 31, '2023-03-15', '1550', '', 20000, 19, 0, NULL, NULL),
(1806, 20, 31, '2023-03-15', '1550', '', 20000, 19, 0, NULL, NULL),
(1807, 20, 31, '2023-03-15', '1550', '', 1360, 19, 0, NULL, NULL),
(1808, 20, 31, '2023-03-15', '1550', '', 800, 19, 0, NULL, NULL),
(1809, 20, 31, '2023-03-15', '1550', '', 1600, 19, 0, NULL, NULL),
(1810, 20, 31, '2023-03-15', '1550', '', 600, 19, 0, NULL, NULL),
(1811, 20, 31, '2023-03-15', '1550', '', 600, 19, 0, NULL, NULL),
(1812, 20, 31, '2023-03-15', '1550', '', 20000, 19, 0, NULL, NULL),
(1813, 20, 31, '2023-03-15', '1550', '', 20000, 19, 0, NULL, NULL),
(1814, 20, 31, '2023-03-15', '1550', '', 8000, 19, 0, NULL, NULL),
(1815, 25, 37, '2023-04-13', '1510', '1008', 20000, 0, 0, NULL, NULL),
(1816, 25, 37, '2023-04-13', '1510', '1008', 7400, 0, 0, NULL, NULL),
(1817, 25, 37, '2023-04-13', '1510', '1008', 540, 0, 0, NULL, NULL),
(1818, 25, 37, '2023-04-13', '1550', '', -27940, 0, 0, NULL, NULL),
(1819, 20, 32, '2023-04-13', '2100', '', -27940, 19, 0, 3, 0x3231),
(1820, 20, 32, '2023-04-13', '1550', '', 20000, 19, 0, NULL, NULL),
(1821, 20, 32, '2023-04-13', '1550', '', 7400, 19, 0, NULL, NULL),
(1822, 20, 32, '2023-04-13', '1550', '', 540, 19, 0, NULL, NULL),
(1823, 22, 28, '2023-06-30', '2100', '', 172560, 19, 0, 3, 0x3231),
(1824, 22, 28, '2023-06-30', '1060', '', -172560, 19, 0, NULL, NULL),
(1825, 22, 29, '2023-04-11', '2100', '', 10000, 19, 0, 3, 0x3531),
(1826, 22, 29, '2023-04-11', '1060', '', -10000, 19, 0, NULL, NULL),
(1827, 22, 30, '2023-04-14', '2100', '', 150000, 19, 0, 3, 0x3132),
(1828, 22, 30, '2023-04-14', '1060', '', -150000, 19, 0, NULL, NULL),
(1829, 22, 31, '2023-04-19', '2100', '', 500000, 19, 0, 3, 0x37),
(1830, 22, 31, '2023-04-19', '1060', '', -500000, 19, 0, NULL, NULL),
(1831, 22, 32, '2023-04-20', '2100', '', 500000, 19, 0, 3, 0x37),
(1832, 22, 32, '2023-04-20', '1060', '', -500000, 19, 0, NULL, NULL),
(1833, 22, 33, '2023-05-13', '2100', '', 100000, 19, 0, 3, 0x37),
(1834, 22, 33, '2023-05-13', '1060', '', -100000, 19, 0, NULL, NULL),
(1835, 22, 34, '2023-05-25', '2100', '', 10000, 19, 0, 3, 0x3433),
(1836, 22, 34, '2023-05-25', '1060', '', -10000, 19, 0, NULL, NULL),
(1837, 25, 38, '2023-05-22', '1510', '1013', 42529.999952, 0, 0, NULL, NULL),
(1838, 25, 38, '2023-05-22', '1550', '', -42529.999952, 0, 0, NULL, NULL),
(1839, 20, 33, '2023-05-22', '2100', '', -42529.999952, 19, 0, 3, 0x3232),
(1840, 20, 33, '2023-05-22', '1550', '', 42529.999952, 19, 0, NULL, NULL),
(1841, 22, 35, '2023-05-27', '2100', '', 42530, 19, 0, 3, 0x3232),
(1842, 22, 35, '2023-05-27', '1060', '', -42530, 19, 0, NULL, NULL),
(1843, 22, 36, '2023-05-29', '2100', '', 16820, 19, 0, 3, 0x3231),
(1844, 22, 36, '2023-05-29', '1060', '', -16820, 19, 0, NULL, NULL),
(1845, 25, 39, '2023-05-16', '1510', '1038', 37328, 0, 0, NULL, NULL),
(1846, 25, 39, '2023-05-16', '1510', '1039', 49490, 0, 0, NULL, NULL),
(1847, 25, 39, '2023-05-16', '1510', '1041', 26438, 0, 0, NULL, NULL),
(1848, 25, 39, '2023-05-16', '1510', '1042', 19509, 0, 0, NULL, NULL),
(1849, 25, 39, '2023-05-16', '1510', '1038', 37330, 0, 0, NULL, NULL),
(1850, 25, 39, '2023-05-16', '1550', '', -170095, 0, 0, NULL, NULL),
(1851, 20, 34, '2023-05-16', '2100', '', -170095, 19, 0, 3, 0x3535),
(1852, 20, 34, '2023-05-16', '1550', '', 37328, 19, 0, NULL, NULL),
(1853, 20, 34, '2023-05-16', '1550', '', 49490, 19, 0, NULL, NULL),
(1854, 20, 34, '2023-05-16', '1550', '', 26438, 19, 0, NULL, NULL),
(1855, 20, 34, '2023-05-16', '1550', '', 19509, 19, 0, NULL, NULL),
(1856, 20, 34, '2023-05-16', '1550', '', 37330, 19, 0, NULL, NULL),
(1857, 22, 37, '2023-05-16', '2100', '', 170095, 19, 0, 3, 0x3535),
(1858, 22, 37, '2023-05-16', '1060', '', -170095, 19, 0, NULL, NULL),
(1859, 22, 38, '2023-06-08', '2100', '', 205757, 19, 0, 3, 0x37),
(1860, 22, 38, '2023-06-08', '1060', '', -205757, 19, 0, NULL, NULL);
INSERT INTO `erp_replica_gl_trans` (`counter`, `type`, `type_no`, `tran_date`, `account`, `memo_`, `amount`, `dimension_id`, `dimension2_id`, `person_type_id`, `person_id`) VALUES
(1861, 22, 39, '2023-06-21', '2100', '', 2000, 19, 0, 3, 0x3531),
(1862, 22, 39, '2023-06-21', '1060', '', -2000, 19, 0, NULL, NULL),
(1863, 22, 40, '2023-06-24', '2100', '', 11120, 19, 0, 3, 0x3231),
(1864, 22, 40, '2023-06-24', '1060', '', -11120, 19, 0, NULL, NULL),
(1865, 22, 41, '2023-06-26', '2100', '', 20000, 19, 0, 3, 0x3433),
(1866, 22, 41, '2023-06-26', '1060', '', -20000, 19, 0, NULL, NULL),
(1867, 1, 80, '2023-04-03', '5412', 'Shareef Shuttering', 2000, 19, 0, NULL, NULL),
(1868, 1, 80, '2023-04-03', '5412', 'Zahid Shuttering', 1000, 19, 0, NULL, NULL),
(1869, 1, 80, '2023-04-03', '5412', 'Yasin Shuttering', 1000, 19, 0, NULL, NULL),
(1870, 1, 80, '2023-04-03', '5612', 'Shuttering Oil 4-4-23', 4000, 19, 0, NULL, NULL),
(1871, 1, 80, '2023-04-03', '5612', 'Cement Beg offload 5-4', 200, 19, 0, NULL, NULL),
(1872, 1, 80, '2023-04-03', '5411', 'Ali Jan Labour 6-4', 300, 19, 0, NULL, NULL),
(1873, 1, 80, '2023-04-03', '5411', 'Hakim Labour', 1600, 19, 0, NULL, NULL),
(1874, 1, 80, '2023-04-03', '5412', 'Shareef Shuttering', 9900, 19, 0, NULL, NULL),
(1875, 1, 80, '2023-04-03', '5412', 'Zahid Shuttering', 8100, 19, 0, NULL, NULL),
(1876, 1, 80, '2023-04-03', '5412', 'Yasin Shuttering', 10200, 19, 0, NULL, NULL),
(1877, 1, 80, '2023-04-03', '5612', 'Steel keel', 240, 19, 0, NULL, NULL),
(1878, 1, 80, '2023-04-03', '5411', '1st Slab Bahrai 8-4', 25000, 19, 0, NULL, NULL),
(1879, 1, 80, '2023-04-03', '5411', 'Ali Jan Labour', 1000, 19, 0, NULL, NULL),
(1880, 1, 80, '2023-04-03', '5612', '5 Kg Patri ', 1400, 19, 0, NULL, NULL),
(1881, 1, 80, '2023-04-03', '5411', 'Amir Labour 9-4', 500, 19, 0, NULL, NULL),
(1882, 1, 80, '2023-04-03', '5411', 'Amir Labour 10-4', 1700, 19, 0, NULL, NULL),
(1883, 1, 80, '2023-04-03', '5412', 'Shareef Shuttering', 2000, 19, 0, NULL, NULL),
(1884, 1, 80, '2023-04-03', '5412', 'Yasin Shuttering', 2000, 19, 0, NULL, NULL),
(1885, 1, 80, '2023-04-03', '5411', 'Ashiq Mistari 13-4', 1700, 19, 0, NULL, NULL),
(1886, 1, 80, '2023-04-03', '5411', 'Rashid Labour', 1100, 19, 0, NULL, NULL),
(1887, 1, 80, '2023-04-03', '5412', 'Shareef Shuttering 13-4', 8200, 19, 0, NULL, NULL),
(1888, 1, 80, '2023-04-03', '5412', 'Zahid Shuttering', 2600, 19, 0, NULL, NULL),
(1889, 1, 80, '2023-04-03', '5412', 'Yasin Shuttering', 7600, 19, 0, NULL, NULL),
(1890, 1, 80, '2023-04-03', '5411', 'Ali Jan Labour 17-4', 800, 19, 0, NULL, NULL),
(1891, 1, 80, '2023-04-03', '5411', 'Yasin Labour', 1100, 19, 0, NULL, NULL),
(1892, 1, 80, '2023-04-03', '5411', 'Rashid Labour 20-4', 2200, 19, 0, NULL, NULL),
(1893, 1, 80, '2023-04-03', '5612', 'Electric Panel 25-4', 5500, 19, 0, NULL, NULL),
(1894, 1, 80, '2023-04-03', '5612', 'Suzuki Petro 26-4', 1500, 19, 0, NULL, NULL),
(1895, 1, 80, '2023-04-03', '5412', 'Shareef Shuttering', 500, 19, 0, NULL, NULL),
(1896, 1, 80, '2023-04-03', '5412', 'Shareef Shuttering 27-4', 2900, 19, 0, NULL, NULL),
(1897, 1, 80, '2023-04-03', '5411', 'Rashid Labour', 600, 19, 0, NULL, NULL),
(1898, 1, 80, '2023-04-03', '1060', 'Payment entry for the month of Apr 23', -108440, 19, 0, NULL, NULL),
(1899, 1, 81, '2023-05-04', '5411', 'Rashid Labour', 1100, 19, 0, NULL, NULL),
(1900, 1, 81, '2023-05-04', '5412', 'Shareef Shuttering', 3400, 19, 0, NULL, NULL),
(1901, 1, 81, '2023-05-04', '5411', 'Yasin Labour 18-5', 1100, 19, 0, NULL, NULL),
(1902, 1, 81, '2023-05-04', '5411', 'Yasin Labour 21-5', 1000, 19, 0, NULL, NULL),
(1903, 1, 81, '2023-05-04', '5411', 'Yasin Labour 22-5', 1000, 19, 0, NULL, NULL),
(1904, 1, 81, '2023-05-04', '5411', 'Abdul Rahman Labour', 500, 19, 0, NULL, NULL),
(1905, 1, 81, '2023-05-04', '5612', 'Suzuki Petro', 1500, 19, 0, NULL, NULL),
(1906, 1, 81, '2023-05-04', '5611', 'Ice and Water 24-5', 100, 19, 0, NULL, NULL),
(1907, 1, 81, '2023-05-04', '5411', 'Waseem Mistari 25-5', 5700, 19, 0, NULL, NULL),
(1908, 1, 81, '2023-05-04', '5411', 'Deedar Labour', 3300, 19, 0, NULL, NULL),
(1909, 1, 81, '2023-05-04', '5411', 'Ali Jan Labour', 2000, 19, 0, NULL, NULL),
(1910, 1, 81, '2023-05-04', '5411', 'Ali Raza Mistari', 5100, 19, 0, NULL, NULL),
(1911, 1, 81, '2023-05-04', '5411', 'Rashid Labour', 3300, 19, 0, NULL, NULL),
(1912, 1, 81, '2023-05-04', '5411', 'Ramzan Labour', 1100, 19, 0, NULL, NULL),
(1913, 1, 81, '2023-05-04', '5411', 'Yasin Labour', 2400, 19, 0, NULL, NULL),
(1914, 1, 81, '2023-05-04', '5411', 'Sattar Labour', 1100, 19, 0, NULL, NULL),
(1915, 1, 81, '2023-05-04', '5411', 'Abdul Rahman Labour', 4500, 19, 0, NULL, NULL),
(1916, 1, 81, '2023-05-04', '5411', 'Nazeer Labour', 4000, 19, 0, NULL, NULL),
(1917, 1, 81, '2023-05-04', '5412', 'Shareef Shuttering 25-5', 1700, 19, 0, NULL, NULL),
(1918, 1, 81, '2023-05-04', '5412', 'Yasin Shuttering', 1600, 19, 0, NULL, NULL),
(1919, 1, 81, '2023-05-04', '5611', 'Tea Bill ', 1360, 19, 0, NULL, NULL),
(1920, 1, 81, '2023-05-04', '5611', 'Tea Bill 26-5', 200, 19, 0, NULL, NULL),
(1921, 1, 81, '2023-05-04', '5611', 'Ice and Water 27-5', 150, 19, 0, NULL, NULL),
(1922, 1, 81, '2023-05-04', '5411', 'Ali Jan Labour 29-5', 2000, 19, 0, NULL, NULL),
(1923, 1, 81, '2023-05-04', '5411', 'Ali Raza Mistari ', 1500, 19, 0, NULL, NULL),
(1924, 1, 81, '2023-05-04', '5411', 'Nazeer Labour', 1000, 19, 0, NULL, NULL),
(1925, 1, 81, '2023-05-04', '5611', 'Ice  31-5', 60, 19, 0, NULL, NULL),
(1926, 1, 81, '2023-05-04', '1060', 'Payment Entry for the month of May 23', -51770, 19, 0, NULL, NULL),
(1927, 22, 42, '2023-06-19', '2100', '', 21000, 19, 0, 3, 0x3133),
(1928, 22, 42, '2023-06-19', '1060', '', -21000, 19, 0, NULL, NULL),
(1929, 1, 82, '2023-06-01', '5411', 'Raza Mistari and other Labours 1-6', 53100, 19, 0, NULL, NULL),
(1930, 1, 82, '2023-06-01', '5611', 'Refreshment 1 to 5 Jun', 2060, 19, 0, NULL, NULL),
(1931, 1, 82, '2023-06-01', '5612', 'Male Female Plug 5-6', 100, 19, 0, NULL, NULL),
(1932, 1, 82, '2023-06-01', '5411', 'Ramzan Labour + Labor', 3000, 19, 0, NULL, NULL),
(1933, 1, 82, '2023-06-01', '5612', 'Bond 6-6', 400, 19, 0, NULL, NULL),
(1934, 1, 82, '2023-06-01', '5611', 'Ice', 30, 19, 0, NULL, NULL),
(1935, 1, 82, '2023-06-01', '5411', 'Ali Raza Mistari + other labour', 43900, 19, 0, NULL, NULL),
(1936, 1, 82, '2023-06-01', '5611', 'Refreshment 8 to 12 jun', 1980, 19, 0, NULL, NULL),
(1937, 1, 82, '2023-06-01', '5411', 'Ashiq Mistari + Other lab 12 to 18 Jun', 28400, 19, 0, NULL, NULL),
(1938, 1, 82, '2023-06-01', '5412', 'Yasin Shuttering + other 19-6', 5000, 19, 0, NULL, NULL),
(1939, 1, 82, '2023-06-01', '5411', 'Ashiq Mistari + other 22-6', 9900, 19, 0, NULL, NULL),
(1940, 1, 82, '2023-06-01', '5412', 'Shareef Shuttering + oth', 4700, 19, 0, NULL, NULL),
(1941, 1, 82, '2023-06-01', '5611', 'Refreshment ', 1150, 19, 0, NULL, NULL),
(1942, 1, 82, '2023-06-01', '5612', 'Patri +other 24-6', 1150, 19, 0, NULL, NULL),
(1943, 1, 82, '2023-06-01', '5412', 'Mustafa Shutt Helper', 2700, 19, 0, NULL, NULL),
(1944, 1, 82, '2023-06-01', '5411', 'Yasin Labour + ', 2200, 19, 0, NULL, NULL),
(1945, 1, 82, '2023-06-01', '5410', 'Watchmen 26-6', 6000, 19, 0, NULL, NULL),
(1946, 1, 82, '2023-06-01', '5411', 'Sattar Labour + 28-6', 3300, 19, 0, NULL, NULL),
(1947, 1, 82, '2023-06-01', '5412', 'Yasin Shuttering ', 3200, 19, 0, NULL, NULL),
(1948, 1, 82, '2023-06-01', '1060', 'Payment Entry for the month of Jun 23', -172270, 19, 0, NULL, NULL),
(1949, 0, 4, '2023-06-30', '3590', 'Closing Year', 822220, 0, 0, NULL, NULL),
(1950, 0, 4, '2023-06-30', '9990', 'Closing Year', -822220, 0, 0, NULL, NULL),
(1951, 2, 85, '2023-08-10', '1200', 'Cash Rcvd', -120000, 19, 0, 2, 0x34),
(1952, 2, 85, '2023-08-10', '1060', 'Cash Rcvd Mr.Ishtiaq at my office\n', 120000, 19, 0, NULL, NULL),
(1953, 2, 86, '2023-09-21', '1200', 'Cash Rcvd', -120000, 19, 0, 2, 0x34),
(1954, 2, 86, '2023-09-21', '1060', 'Cash Rcvd Mr.Ishtiaq at my office\n', 120000, 19, 0, NULL, NULL),
(1955, 2, 87, '2023-10-11', '1200', 'Amount Adjust against Plumbing Item', -120000, 19, 0, 2, 0x34),
(1956, 2, 87, '2023-10-11', '1060', 'Amount Adjust against Plumbing Item\n', 120000, 19, 0, NULL, NULL),
(1957, 2, 88, '2023-10-19', '1200', 'Trsfr to Minhaj Steel', -100000, 19, 0, 2, 0x34),
(1958, 2, 88, '2023-10-19', '1060', 'Trsfr to Minhaj Steel\n', 100000, 19, 0, NULL, NULL),
(1959, 2, 89, '2023-12-01', '1200', 'Trsfr to Yamin Weldor', -200000, 19, 0, 2, 0x34),
(1960, 2, 89, '2023-12-01', '1060', 'Trsfr to Yamin Weldor\n', 200000, 19, 0, NULL, NULL),
(1961, 2, 90, '2023-12-02', '1200', 'Trsfr to Yamin Weldor', -100000, 19, 0, 2, 0x34),
(1962, 2, 90, '2023-12-02', '1060', 'Trsfr to Yamin Weldor\n', 100000, 19, 0, NULL, NULL),
(1963, 2, 91, '2023-12-06', '1200', 'Trsfr to Adnan Tile agst B-86', -80000, 19, 0, 2, 0x34),
(1964, 2, 91, '2023-12-06', '1060', 'Trsfr to Adnan Tile agst B-86\n', 80000, 19, 0, NULL, NULL),
(1965, 22, 43, '2023-07-13', '2100', '', 12750, 19, 0, 3, 0x3132),
(1966, 22, 43, '2023-07-13', '1060', '', -12750, 19, 0, NULL, NULL),
(1967, 22, 44, '2023-08-13', '2100', '', 68491.5, 19, 0, 3, 0x37),
(1968, 22, 44, '2023-08-13', '1060', '', -68491.5, 19, 0, NULL, NULL),
(1969, 22, 45, '2023-08-22', '2100', '', 38250, 19, 0, 3, 0x3132),
(1970, 22, 45, '2023-08-22', '1060', '', -38250, 19, 0, NULL, NULL),
(1971, 22, 46, '2023-10-18', '2100', '', 5000, 19, 0, 3, 0x3533),
(1972, 22, 46, '2023-10-18', '1060', '', -5000, 19, 0, NULL, NULL),
(1973, 22, 47, '2023-10-24', '2100', '', 10000, 19, 0, 3, 0x3533),
(1974, 22, 47, '2023-10-24', '1060', '', -10000, 19, 0, NULL, NULL),
(1975, 22, 48, '2023-10-30', '2100', '', 7500, 19, 0, 3, 0x3533),
(1976, 22, 48, '2023-10-30', '1060', '', -7500, 19, 0, NULL, NULL),
(1977, 1, 83, '2023-07-13', '5412', 'Mustafa Shutt Helper', 900, 19, 0, NULL, NULL),
(1978, 1, 83, '2023-07-13', '5611', 'Tea Bill', 120, 19, 0, NULL, NULL),
(1979, 1, 83, '2023-07-13', '5611', 'Tea Bill 18-10', 250, 19, 0, NULL, NULL),
(1980, 1, 83, '2023-07-13', '5612', '2&quot;  Wall Socket 30-10', 700, 19, 0, NULL, NULL),
(1981, 1, 83, '2023-07-13', '5612', 'Plumbing Material 2-11', 870, 19, 0, NULL, NULL),
(1982, 1, 83, '2023-07-13', '5612', '1 Bush ', 700, 19, 0, NULL, NULL),
(1983, 1, 83, '2023-07-13', '5413', 'Asmat Ullah Color 9-11', 4800, 19, 0, NULL, NULL),
(1984, 1, 83, '2023-07-13', '5612', 'Slabs and Garder for O.H. Tank &amp; Kitchen Pae', 8200, 19, 0, NULL, NULL),
(1985, 1, 83, '2023-07-13', '5411', 'Tariq Mistari + 15-11', 15200, 19, 0, NULL, NULL),
(1986, 1, 83, '2023-07-13', '5413', 'Asmat Ullah Color 16-11', 9600, 19, 0, NULL, NULL),
(1987, 1, 83, '2023-07-13', '5411', 'Amir + 20-11', 2500, 19, 0, NULL, NULL),
(1988, 1, 83, '2023-07-13', '5612', 'Block + ', 1800, 19, 0, NULL, NULL),
(1989, 1, 83, '2023-07-13', '5411', 'Waseem Mistari + oth 23-11-23', 25700, 19, 0, NULL, NULL),
(1990, 1, 83, '2023-07-13', '5413', '00	Asmat Ullah Color ', 9600, 19, 0, NULL, NULL),
(1991, 1, 83, '2023-07-13', '5611', 'Tea', 1200, 19, 0, NULL, NULL),
(1992, 1, 83, '2023-07-13', '5612', 'Steel keel', 50, 19, 0, NULL, NULL),
(1993, 1, 83, '2023-07-13', '5411', 'Tariq Mistari 26-11', 1000, 19, 0, NULL, NULL),
(1994, 1, 83, '2023-07-13', '5411', 'Amir Labour 27-11', 500, 19, 0, NULL, NULL),
(1995, 1, 83, '2023-07-13', '5411', 'Tariq Mistari + other 30-11', 3700, 19, 0, NULL, NULL),
(1996, 1, 83, '2023-07-13', '1060', 'Payment Entry 13-7-23 to 30-11-23', -87390, 19, 0, NULL, NULL),
(1997, 25, 40, '2023-11-07', '1510', '1036', 14550, 0, 0, NULL, NULL),
(1998, 25, 40, '2023-11-07', '1510', '1045', 200, 0, 0, NULL, NULL),
(1999, 25, 40, '2023-11-07', '1510', '1036', 12400, 0, 0, NULL, NULL),
(2000, 25, 40, '2023-11-07', '1510', '1045', 160, 0, 0, NULL, NULL),
(2001, 25, 40, '2023-11-07', '1510', '1045', 100, 0, 0, NULL, NULL),
(2002, 25, 40, '2023-11-07', '1510', '1036', 12400, 0, 0, NULL, NULL),
(2003, 25, 40, '2023-11-07', '1510', '1036', 6700, 0, 0, NULL, NULL),
(2004, 25, 40, '2023-11-07', '1510', '1045', 350, 0, 0, NULL, NULL),
(2005, 25, 40, '2023-11-07', '1510', '1045', 960, 0, 0, NULL, NULL),
(2006, 25, 40, '2023-11-07', '1510', '1036', 3100, 0, 0, NULL, NULL),
(2007, 25, 40, '2023-11-07', '1510', '1040', 320, 0, 0, NULL, NULL),
(2008, 25, 40, '2023-11-07', '1510', '1045', 40, 0, 0, NULL, NULL),
(2009, 25, 40, '2023-11-07', '1510', '1045', 60, 0, 0, NULL, NULL),
(2010, 25, 40, '2023-11-07', '1510', '1045', 40, 0, 0, NULL, NULL),
(2011, 25, 40, '2023-11-07', '1510', '1036', 14850, 0, 0, NULL, NULL),
(2012, 25, 40, '2023-11-07', '1510', '1045', 650, 0, 0, NULL, NULL),
(2013, 25, 40, '2023-11-07', '1510', '1045', 550, 0, 0, NULL, NULL),
(2014, 25, 40, '2023-11-07', '1510', '1035', 3700, 0, 0, NULL, NULL),
(2015, 25, 40, '2023-11-07', '1510', '1044', 1200, 0, 0, NULL, NULL),
(2016, 25, 40, '2023-11-07', '1510', '1045', 680, 0, 0, NULL, NULL),
(2017, 25, 40, '2023-11-07', '1550', '', -73010, 0, 0, NULL, NULL),
(2018, 20, 35, '2023-11-07', '2100', '', -73010, 19, 0, 3, 0x3536),
(2019, 20, 35, '2023-11-07', '1550', '', 14550, 19, 0, NULL, NULL),
(2020, 20, 35, '2023-11-07', '1550', '', 200, 19, 0, NULL, NULL),
(2021, 20, 35, '2023-11-07', '1550', '', 12400, 19, 0, NULL, NULL),
(2022, 20, 35, '2023-11-07', '1550', '', 160, 19, 0, NULL, NULL),
(2023, 20, 35, '2023-11-07', '1550', '', 100, 19, 0, NULL, NULL),
(2024, 20, 35, '2023-11-07', '1550', '', 12400, 19, 0, NULL, NULL),
(2025, 20, 35, '2023-11-07', '1550', '', 6700, 19, 0, NULL, NULL),
(2026, 20, 35, '2023-11-07', '1550', '', 350, 19, 0, NULL, NULL),
(2027, 20, 35, '2023-11-07', '1550', '', 960, 19, 0, NULL, NULL),
(2028, 20, 35, '2023-11-07', '1550', '', 3100, 19, 0, NULL, NULL),
(2029, 20, 35, '2023-11-07', '1550', '', 320, 19, 0, NULL, NULL),
(2030, 20, 35, '2023-11-07', '1550', '', 40, 19, 0, NULL, NULL),
(2031, 20, 35, '2023-11-07', '1550', '', 60, 19, 0, NULL, NULL),
(2032, 20, 35, '2023-11-07', '1550', '', 40, 19, 0, NULL, NULL),
(2033, 20, 35, '2023-11-07', '1550', '', 14850, 19, 0, NULL, NULL),
(2034, 20, 35, '2023-11-07', '1550', '', 650, 19, 0, NULL, NULL),
(2035, 20, 35, '2023-11-07', '1550', '', 550, 19, 0, NULL, NULL),
(2036, 20, 35, '2023-11-07', '1550', '', 3700, 19, 0, NULL, NULL),
(2037, 20, 35, '2023-11-07', '1550', '', 1200, 19, 0, NULL, NULL),
(2038, 20, 35, '2023-11-07', '1550', '', 680, 19, 0, NULL, NULL),
(2039, 25, 41, '2023-07-01', '1510', '1030', 8770, 0, 0, NULL, NULL),
(2040, 25, 41, '2023-07-01', '1510', '1030', 4080, 0, 0, NULL, NULL),
(2041, 25, 41, '2023-07-01', '1510', '1034', 42810, 0, 0, NULL, NULL),
(2042, 25, 41, '2023-07-01', '1510', '1031', 11740, 0, 0, NULL, NULL),
(2043, 25, 41, '2023-07-01', '1510', '1032', 47941, 0, 0, NULL, NULL),
(2044, 25, 41, '2023-07-01', '1510', '1030', 1360, 0, 0, NULL, NULL),
(2045, 25, 41, '2023-07-01', '1510', '1032', 13235, 0, 0, NULL, NULL),
(2046, 25, 41, '2023-07-01', '1550', '', -129936, 0, 0, NULL, NULL),
(2047, 20, 36, '2023-07-01', '2100', '', -129936, 19, 0, 3, 0x3135),
(2048, 20, 36, '2023-07-01', '1550', '', 8770, 19, 0, NULL, NULL),
(2049, 20, 36, '2023-07-01', '1550', '', 4080, 19, 0, NULL, NULL),
(2050, 20, 36, '2023-07-01', '1550', '', 42810, 19, 0, NULL, NULL),
(2051, 20, 36, '2023-07-01', '1550', '', 11740, 19, 0, NULL, NULL),
(2052, 20, 36, '2023-07-01', '1550', '', 47941, 19, 0, NULL, NULL),
(2053, 20, 36, '2023-07-01', '1550', '', 1360, 19, 0, NULL, NULL),
(2054, 20, 36, '2023-07-01', '1550', '', 13235, 19, 0, NULL, NULL),
(2055, 22, 49, '2023-08-09', '2100', '', 90000, 19, 0, 3, 0x3135),
(2056, 22, 49, '2023-08-09', '1060', '', -90000, 19, 0, NULL, NULL),
(2057, 1, 84, '2023-10-11', '5050', 'Ishtiaq paid Plumbing Item Bill From Golimar ', 120000, 19, 0, NULL, NULL),
(2058, 1, 84, '2023-10-11', '1060', 'Ishtiaq paid Plumbing Item Bill From Golimar \n', -120000, 19, 0, NULL, NULL),
(2059, 25, 42, '2023-11-22', '1510', '1007', 950, 0, 0, NULL, NULL),
(2060, 25, 42, '2023-11-22', '1510', '1007', 3850, 0, 0, NULL, NULL),
(2061, 25, 42, '2023-11-22', '1510', '1007', 4200, 0, 0, NULL, NULL),
(2062, 25, 42, '2023-11-22', '1550', '', -9000, 0, 0, NULL, NULL),
(2063, 20, 37, '2023-11-22', '2100', '', -9000, 19, 0, 3, 0x3537),
(2064, 20, 37, '2023-11-22', '1550', '', 950, 19, 0, NULL, NULL),
(2065, 20, 37, '2023-11-22', '1550', '', 3850, 19, 0, NULL, NULL),
(2066, 20, 37, '2023-11-22', '1550', '', 4200, 19, 0, NULL, NULL),
(2067, 22, 50, '2023-11-22', '2100', '', 9000, 19, 0, 3, 0x3537),
(2068, 22, 50, '2023-11-22', '1060', '', -9000, 19, 0, NULL, NULL),
(2069, 25, 43, '2023-11-22', '1510', '1046', 55080, 0, 0, NULL, NULL),
(2070, 25, 43, '2023-11-22', '1510', '1046', 24235.2, 0, 0, NULL, NULL),
(2071, 25, 43, '2023-11-22', '1510', '1021', 4700, 0, 0, NULL, NULL),
(2072, 25, 43, '2023-11-22', '1550', '', -84015.2, 0, 0, NULL, NULL),
(2073, 20, 38, '2023-11-22', '2100', '', -84015.2, 19, 0, 3, 0x3538),
(2074, 20, 38, '2023-11-22', '1550', '', 55080, 19, 0, NULL, NULL),
(2075, 20, 38, '2023-11-22', '1550', '', 24235.2, 19, 0, NULL, NULL),
(2076, 20, 38, '2023-11-22', '1550', '', 4700, 19, 0, NULL, NULL),
(2077, 22, 51, '2023-11-22', '2100', '', 84015.2, 19, 0, 3, 0x3538),
(2078, 22, 51, '2023-11-22', '5060', '', -15.2, 19, 0, NULL, NULL),
(2079, 22, 51, '2023-11-22', '1060', '', -84000, 19, 0, NULL, NULL),
(2080, 25, 44, '2023-11-10', '1510', '1049', 75000, 0, 0, NULL, NULL),
(2081, 25, 44, '2023-11-10', '1550', '', -75000, 0, 0, NULL, NULL),
(2082, 20, 39, '2023-11-10', '2100', '', -77000, 19, 0, 3, 0x3336),
(2083, 20, 39, '2023-11-10', '1550', '', 75000, 19, 0, NULL, NULL),
(2084, 20, 39, '2023-11-10', '5010', '', 2000, 19, 0, NULL, NULL),
(2085, 22, 52, '2023-11-10', '2100', '', 77000, 19, 0, 3, 0x3336),
(2086, 22, 52, '2023-11-10', '1060', '', -77000, 19, 0, NULL, NULL),
(2087, 1, 85, '2023-12-04', '5411', 'Ramzan Labour 4-12', 1000, 19, 0, NULL, NULL),
(2088, 1, 85, '2023-12-04', '5411', 'Waseem Mistari 5-12', 2000, 19, 0, NULL, NULL),
(2089, 1, 85, '2023-12-04', '5411', 'Waseem Mistari + 7-12', 20200, 19, 0, NULL, NULL),
(2090, 1, 85, '2023-12-04', '1060', 'Labour Payment 4 to 7 dec 23', -23200, 19, 0, NULL, NULL),
(2091, 1, 86, '2023-12-07', '5611', 'Tea Bill', 1000, 19, 0, NULL, NULL),
(2092, 1, 86, '2023-12-07', '1060', '', -1000, 19, 0, NULL, NULL),
(2093, 25, 45, '2023-09-13', '1510', '1030', 20950, 0, 0, NULL, NULL),
(2094, 25, 45, '2023-09-13', '1550', '', -20950, 0, 0, NULL, NULL),
(2095, 20, 40, '2023-09-13', '2100', '', -20950, 19, 0, 3, 0x3135),
(2096, 20, 40, '2023-09-13', '1550', '', 20950, 19, 0, NULL, NULL),
(2097, 20, 41, '2023-07-30', '2100', '', -164000, 17, 0, 3, 0x3132),
(2098, 20, 41, '2023-07-30', '1550', '', 27000, 17, 0, NULL, NULL),
(2099, 20, 41, '2023-07-30', '1550', '', 28000, 17, 0, NULL, NULL),
(2100, 20, 41, '2023-07-30', '1550', '', 27000, 17, 0, NULL, NULL),
(2101, 20, 41, '2023-07-30', '1550', '', 27000, 17, 0, NULL, NULL),
(2102, 20, 41, '2023-07-30', '1550', '', 28000, 17, 0, NULL, NULL),
(2103, 20, 41, '2023-07-30', '1550', '', 27000, 17, 0, NULL, NULL),
(2104, 20, 42, '2023-08-03', '2100', '', -138000, 17, 0, 3, 0x3132),
(2105, 20, 42, '2023-08-03', '1550', '', 27000, 17, 0, NULL, NULL),
(2106, 20, 42, '2023-08-03', '1550', '', 28000, 17, 0, NULL, NULL),
(2107, 20, 42, '2023-08-03', '1550', '', 28000, 17, 0, NULL, NULL),
(2108, 20, 42, '2023-08-03', '1550', '', 28000, 17, 0, NULL, NULL),
(2109, 20, 42, '2023-08-03', '1550', '', 27000, 17, 0, NULL, NULL),
(2110, 25, 46, '2023-07-22', '1510', '1030', 2180, 0, 0, NULL, NULL),
(2111, 25, 46, '2023-07-22', '1510', '1034', 53070, 0, 0, NULL, NULL),
(2112, 25, 46, '2023-07-22', '1510', '1034', 11005, 0, 0, NULL, NULL),
(2113, 25, 46, '2023-07-22', '1510', '1034', 31785, 0, 0, NULL, NULL),
(2114, 25, 46, '2023-07-22', '1510', '1034', 33040, 0, 0, NULL, NULL),
(2115, 25, 46, '2023-07-22', '1510', '1034', 46790, 0, 0, NULL, NULL),
(2116, 25, 46, '2023-07-22', '1510', '1034', 22542, 0, 0, NULL, NULL),
(2117, 25, 46, '2023-07-22', '1510', '1034', 15885, 0, 0, NULL, NULL),
(2118, 25, 46, '2023-07-22', '1510', '1034', 14190, 0, 0, NULL, NULL),
(2119, 25, 46, '2023-07-22', '1510', '1034', 12168, 0, 0, NULL, NULL),
(2120, 25, 46, '2023-07-22', '1510', '1034', 49072, 0, 0, NULL, NULL),
(2121, 25, 46, '2023-07-22', '1510', '1034', 17306, 0, 0, NULL, NULL),
(2122, 25, 46, '2023-07-22', '1510', '1034', 57850, 0, 0, NULL, NULL),
(2123, 25, 46, '2023-07-22', '1510', '1034', 21310, 0, 0, NULL, NULL),
(2124, 25, 46, '2023-07-22', '1510', '1034', 42886, 0, 0, NULL, NULL),
(2125, 25, 46, '2023-07-22', '1510', '1034', 37390, 0, 0, NULL, NULL),
(2126, 25, 46, '2023-07-22', '1510', '1030', 6850, 0, 0, NULL, NULL),
(2127, 25, 46, '2023-07-22', '1510', '1034', 37346, 0, 0, NULL, NULL),
(2128, 25, 46, '2023-07-22', '1510', '1030', 18802, 0, 0, NULL, NULL),
(2129, 25, 46, '2023-07-22', '1510', '1034', 31600, 0, 0, NULL, NULL),
(2130, 25, 46, '2023-07-22', '1510', '1030', 4010, 0, 0, NULL, NULL),
(2131, 25, 46, '2023-07-22', '1510', '1034', 9455, 0, 0, NULL, NULL),
(2132, 25, 46, '2023-07-22', '1510', '1034', 25840, 0, 0, NULL, NULL),
(2133, 25, 46, '2023-07-22', '1510', '1030', 22480, 0, 0, NULL, NULL),
(2134, 25, 46, '2023-07-22', '1510', '1034', 11420, 0, 0, NULL, NULL),
(2135, 25, 46, '2023-07-22', '1510', '1034', 39529, 0, 0, NULL, NULL),
(2136, 25, 46, '2023-07-22', '1510', '1034', 14727, 0, 0, NULL, NULL),
(2137, 25, 46, '2023-07-22', '1510', '1032', 3120, 0, 0, NULL, NULL),
(2138, 25, 46, '2023-07-22', '1510', '1034', 9230, 0, 0, NULL, NULL),
(2139, 25, 46, '2023-07-22', '1510', '1030', 610, 0, 0, NULL, NULL),
(2140, 25, 46, '2023-07-22', '1550', '', -703488, 0, 0, NULL, NULL),
(2141, 20, 43, '2023-07-22', '2100', '', -703488, 17, 0, 3, 0x3135),
(2142, 20, 43, '2023-07-22', '1550', '', 2180, 17, 0, NULL, NULL),
(2143, 20, 43, '2023-07-22', '1550', '', 53070, 17, 0, NULL, NULL),
(2144, 20, 43, '2023-07-22', '1550', '', 11005, 17, 0, NULL, NULL),
(2145, 20, 43, '2023-07-22', '1550', '', 31785, 17, 0, NULL, NULL),
(2146, 20, 43, '2023-07-22', '1550', '', 33040, 17, 0, NULL, NULL),
(2147, 20, 43, '2023-07-22', '1550', '', 46790, 17, 0, NULL, NULL),
(2148, 20, 43, '2023-07-22', '1550', '', 22542, 17, 0, NULL, NULL),
(2149, 20, 43, '2023-07-22', '1550', '', 15885, 17, 0, NULL, NULL),
(2150, 20, 43, '2023-07-22', '1550', '', 14190, 17, 0, NULL, NULL),
(2151, 20, 43, '2023-07-22', '1550', '', 12168, 17, 0, NULL, NULL),
(2152, 20, 43, '2023-07-22', '1550', '', 49072, 17, 0, NULL, NULL),
(2153, 20, 43, '2023-07-22', '1550', '', 17306, 17, 0, NULL, NULL),
(2154, 20, 43, '2023-07-22', '1550', '', 57850, 17, 0, NULL, NULL),
(2155, 20, 43, '2023-07-22', '1550', '', 21310, 17, 0, NULL, NULL),
(2156, 20, 43, '2023-07-22', '1550', '', 42886, 17, 0, NULL, NULL),
(2157, 20, 43, '2023-07-22', '1550', '', 37390, 17, 0, NULL, NULL),
(2158, 20, 43, '2023-07-22', '1550', '', 6850, 17, 0, NULL, NULL),
(2159, 20, 43, '2023-07-22', '1550', '', 37346, 17, 0, NULL, NULL),
(2160, 20, 43, '2023-07-22', '1550', '', 18802, 17, 0, NULL, NULL),
(2161, 20, 43, '2023-07-22', '1550', '', 31600, 17, 0, NULL, NULL),
(2162, 20, 43, '2023-07-22', '1550', '', 4010, 17, 0, NULL, NULL),
(2163, 20, 43, '2023-07-22', '1550', '', 9455, 17, 0, NULL, NULL),
(2164, 20, 43, '2023-07-22', '1550', '', 25840, 17, 0, NULL, NULL),
(2165, 20, 43, '2023-07-22', '1550', '', 22480, 17, 0, NULL, NULL),
(2166, 20, 43, '2023-07-22', '1550', '', 11420, 17, 0, NULL, NULL),
(2167, 20, 43, '2023-07-22', '1550', '', 39529, 17, 0, NULL, NULL),
(2168, 20, 43, '2023-07-22', '1550', '', 14727, 17, 0, NULL, NULL),
(2169, 20, 43, '2023-07-22', '1550', '', 3120, 17, 0, NULL, NULL),
(2170, 20, 43, '2023-07-22', '1550', '', 9230, 17, 0, NULL, NULL),
(2171, 20, 43, '2023-07-22', '1550', '', 610, 17, 0, NULL, NULL),
(2172, 0, 5, '2024-06-30', '3590', 'Closing Year', 233574.8, 0, 0, NULL, NULL),
(2173, 0, 5, '2024-06-30', '9990', 'Closing Year', -233574.8, 0, 0, NULL, NULL),
(2174, 1, 87, '2023-06-23', '5410', 'Paid to Watchmen', 0, 19, 0, NULL, NULL),
(2175, 1, 87, '2023-06-23', '1060', 'Paid to Watchmen', 0, 19, 0, NULL, NULL),
(2176, 1, 88, '2023-06-23', '2100', 'Paid to Watchmen', 0, 19, 0, 0, ''),
(2177, 1, 88, '2023-06-23', '1060', 'Paid to Watchmen', 0, 19, 0, NULL, NULL),
(2178, 25, 47, '2023-06-30', '1510', '1001', 0, 0, 0, NULL, NULL),
(2179, 25, 47, '2023-06-30', '1550', '', 0, 0, 0, NULL, NULL),
(2180, 10, 1, '2024-03-11', '4010', '', 0, 20, 0, NULL, NULL),
(2181, 10, 1, '2024-03-11', '4010', '', 0, 20, 0, NULL, NULL),
(2182, 10, 1, '2024-03-11', '4510', '', 0, 20, 0, NULL, NULL),
(2183, 10, 1, '2024-03-11', '1200', '', 0, 20, 0, 2, 0x35),
(2184, 12, 1, '2024-03-11', '', '', 0, 20, 0, NULL, NULL),
(2185, 12, 1, '2024-03-11', '1200', '', 0, 20, 0, 2, 0x35),
(2186, 12, 1, '2024-03-11', '4500', '', 0, 20, 0, NULL, NULL),
(2187, 0, 6, '2024-06-30', '3590', 'Closing Year', 595, 0, 0, NULL, NULL),
(2188, 0, 6, '2024-06-30', '9990', 'Closing Year', -595, 0, 0, NULL, NULL),
(2189, 2, 92, '2023-12-19', '1066', 'Payment Rcvd agst Cons work of Plot A1-10', 0, 19, 0, NULL, NULL),
(2190, 2, 92, '2023-12-19', '1060', 'Payment Rcvd agst Cons work of Plot A1-10', 0, 19, 0, NULL, NULL),
(2191, 2, 93, '2024-01-10', '1066', 'Payment Rcvd agst Cons work of Plot A1-10', 0, 19, 0, NULL, NULL),
(2192, 2, 93, '2024-01-10', '1060', 'Payment Rcvd agst Cons work of Plot A1-10', 0, 19, 0, NULL, NULL),
(2193, 1, 89, '2024-02-15', '1066', 'Habib Metro Chq # 106948591 Dt.13-2-24', 0, 19, 0, NULL, NULL),
(2194, 1, 89, '2024-02-15', '1060', 'Habib Metro Chq # 106948591 Dt.13-2-24\n', 0, 19, 0, NULL, NULL),
(2195, 2, 94, '2024-03-17', '1066', 'Payment Rcvd agst Cons work of Plot A1-10', 0, 19, 0, NULL, NULL),
(2196, 2, 94, '2024-03-17', '1060', 'Cash Payment Rcvd agst Cons work of Plot A1-10', 0, 19, 0, NULL, NULL),
(2197, 2, 95, '2024-02-15', '1066', 'Payment Rcvd agst Cons work of Plot A1-10', 0, 19, 0, NULL, NULL),
(2198, 2, 95, '2024-02-15', '1060', 'Habib Metro Chq # 106948591 Dt.13-2-24\n', 0, 19, 0, NULL, NULL),
(2199, 2, 96, '2023-12-19', '1200', 'Payment Rcvd agst Cons work of Plot A1-10', -20000, 19, 0, 0, ''),
(2200, 2, 96, '2023-12-19', '1060', 'Cash Received', 20000, 19, 0, NULL, NULL),
(2201, 1, 90, '2024-01-10', '1200', 'Payment Rcvd agst Cons work of Plot A1-10', 0, 19, 0, 0, ''),
(2202, 1, 90, '2024-01-10', '1060', 'Cash Payment', 0, 19, 0, NULL, NULL),
(2203, 2, 97, '2024-02-15', '1200', 'Payment Rcvd agst Cons work of Plot A1-10', -100000, 19, 0, 0, ''),
(2204, 2, 97, '2024-02-15', '1060', 'Habib Metro Chq # 106948591 Dt.13-2-24\n', 100000, 19, 0, NULL, NULL),
(2205, 2, 98, '2024-03-17', '1200', 'Payment Rcvd agst Cons work of Plot A1-10', -100000, 19, 0, 0, ''),
(2206, 2, 98, '2024-03-17', '1060', 'Cash payment', 100000, 19, 0, NULL, NULL),
(2207, 2, 99, '2024-01-10', '1200', 'Payment Rcvd agst Cons work of Plot A1-10', -50000, 19, 0, 0, ''),
(2208, 2, 99, '2024-01-10', '1060', 'Cash Payment', 50000, 19, 0, NULL, NULL),
(2209, 1, 91, '2023-12-10', '5411', 'Paid to Amir  Labour', 1000, 19, 0, NULL, NULL),
(2210, 1, 91, '2023-12-10', '1060', 'Paid to Amir  Labour', -1000, 19, 0, NULL, NULL),
(2211, 1, 92, '2023-12-11', '5411', 'Ramzan Labour', 1000, 19, 0, NULL, NULL),
(2212, 1, 92, '2023-12-11', '1060', 'Ramzan Labour\n', -1000, 19, 0, NULL, NULL),
(2213, 1, 93, '2023-12-11', '5612', 'Parnala', 600, 19, 0, NULL, NULL),
(2214, 1, 93, '2023-12-11', '1060', 'Parnala\n', -600, 19, 0, NULL, NULL),
(2215, 1, 94, '2023-12-14', '5611', 'Tea Bill', 0, 19, 0, NULL, NULL),
(2216, 1, 94, '2023-12-14', '1061', 'Tea Bill\n', 0, 19, 0, NULL, NULL),
(2217, 1, 95, '2023-12-14', '5611', 'Tea Bill', 1000, 19, 0, NULL, NULL),
(2218, 1, 95, '2023-12-14', '1060', 'Tea Bill\n', -1000, 19, 0, NULL, NULL),
(2219, 1, 96, '2023-12-14', '5612', 'Crate Tile', 6050, 19, 0, NULL, NULL),
(2220, 1, 96, '2023-12-14', '1060', 'Crate Tile\n', -6050, 19, 0, NULL, NULL),
(2221, 1, 97, '2023-12-14', '5411', 'Waseem Mistari x 4', 26400, 19, 0, NULL, NULL),
(2222, 1, 97, '2023-12-14', '1060', '', -26400, 19, 0, NULL, NULL),
(2223, 1, 98, '2023-12-18', '5613', 'Petrol for Suzuki ?. Material Transportation', 1000, 19, 0, NULL, NULL),
(2224, 1, 98, '2023-12-18', '1060', 'Petrol for Suzuki ?. Material Transportation\n', -1000, 19, 0, NULL, NULL),
(2225, 1, 99, '2023-12-20', '5612', 'Spacer Duster', 300, 19, 0, NULL, NULL),
(2226, 1, 99, '2023-12-20', '1060', '', -300, 19, 0, NULL, NULL),
(2227, 1, 100, '2023-12-21', '5411', 'Waseem Mistari + Deedar', 18600, 19, 0, NULL, NULL),
(2228, 1, 100, '2023-12-21', '1060', '', -18600, 19, 0, NULL, NULL),
(2229, 1, 101, '2023-12-21', '2100', 'Paid cash to Madina Paint', 73010, 19, 0, 3, 0x3536),
(2230, 1, 101, '2023-12-21', '1060', 'Paid cash to Madina Paint\n', -73010, 19, 0, NULL, NULL),
(2231, 1, 102, '2023-12-27', '2100', 'Cash paid to Zafar Electrician', 2000, 19, 0, 3, 0x3433),
(2232, 1, 102, '2023-12-27', '1060', 'Cash paid to Zafar Electrician', -2000, 19, 0, NULL, NULL),
(2233, 1, 103, '2023-12-27', '5612', 'Elbow', 150, 19, 0, NULL, NULL),
(2234, 1, 103, '2023-12-27', '1060', 'Elbow\n', -150, 19, 0, NULL, NULL),
(2235, 1, 104, '2023-12-28', '5411', 'Waseem + Deedar Labour', 15500, 19, 0, NULL, NULL),
(2236, 1, 104, '2023-12-28', '1060', '', -15500, 19, 0, NULL, NULL),
(2237, 1, 105, '2023-12-28', '5413', 'Asmat &amp; Khalil color labour', 3100, 19, 0, NULL, NULL),
(2238, 1, 105, '2023-12-28', '1060', 'Asmat &amp; Khalil color labour', -3100, 19, 0, NULL, NULL),
(2239, 1, 106, '2023-12-28', '5612', 'Color Material', 350, 19, 0, NULL, NULL),
(2240, 1, 106, '2023-12-28', '1060', 'Color Material\n', -350, 19, 0, NULL, NULL),
(2241, 1, 107, '2023-12-28', '5612', 'Electric Sheet+Bracker', 35383, 19, 0, NULL, NULL),
(2242, 1, 107, '2023-12-28', '1060', 'Paid cash for Electric Sheet+Bracker\n', -35383, 19, 0, NULL, NULL),
(2243, 1, 108, '2024-01-04', '5411', 'Ramzan Labour', 1100, 19, 0, NULL, NULL),
(2244, 1, 108, '2024-01-04', '1060', '', -1100, 19, 0, NULL, NULL),
(2245, 1, 109, '2024-01-04', '5413', 'Asmat Ullah Color', 3200, 19, 0, NULL, NULL),
(2246, 1, 109, '2024-01-04', '1060', '', -3200, 19, 0, NULL, NULL),
(2247, 1, 110, '2024-01-10', '2100', '', 0, 19, 0, 3, 0x3538),
(2248, 1, 110, '2024-01-10', '1060', 'Zaviar Chq total 100000-10425 A1-10 Asghar Kitchen top 39575 B-86+\n', 0, 19, 0, NULL, NULL),
(2249, 25, 48, '2024-01-10', '1510', '1060', 10425, 0, 0, NULL, NULL),
(2250, 25, 48, '2024-01-10', '1550', '', -10425, 0, 0, NULL, NULL),
(2251, 20, 44, '2024-03-19', '2100', '', -10425, 19, 0, 3, 0x3137),
(2252, 20, 44, '2024-03-19', '1550', '', 10425, 19, 0, NULL, NULL),
(2253, 22, 53, '2024-01-10', '2100', '', 10425, 19, 0, 3, 0x3137),
(2254, 22, 53, '2024-01-10', '1060', '', -10425, 19, 0, NULL, NULL),
(2255, 1, 111, '2024-02-08', '2100', 'Paid Cash to Minhaj steel', 0, 19, 0, 3, 0x37),
(2256, 1, 111, '2024-02-08', '1060', 'Paid Cash to Minhaj steel\n', 0, 19, 0, NULL, NULL),
(2257, 1, 112, '2024-02-10', '2100', 'Paid to Zafar Adj in P.H. Rent', 8000, 19, 0, 3, 0x3433),
(2258, 1, 112, '2024-02-10', '1060', 'Paid to Zafar Adj in P.H. Rent\n', -8000, 19, 0, NULL, NULL),
(2259, 25, 49, '2023-11-11', '1510', '1002', 11000, 0, 0, NULL, NULL),
(2260, 25, 49, '2023-11-11', '1510', '1002', 5750, 0, 0, NULL, NULL),
(2261, 25, 49, '2023-11-11', '1510', '1002', 3600, 0, 0, NULL, NULL),
(2262, 25, 49, '2023-11-11', '1510', '1025', 6750, 0, 0, NULL, NULL),
(2263, 25, 49, '2023-11-11', '1510', '1002', 16650, 0, 0, NULL, NULL),
(2264, 25, 49, '2023-11-11', '1510', '1002', 27750, 0, 0, NULL, NULL),
(2265, 25, 49, '2023-11-11', '1510', '1002', 28750, 0, 0, NULL, NULL),
(2266, 25, 49, '2023-11-11', '1510', '1002', 17250, 0, 0, NULL, NULL),
(2267, 25, 49, '2023-11-11', '1510', '1002', 17250, 0, 0, NULL, NULL),
(2268, 25, 49, '2023-11-11', '1510', '1002', 1135, 0, 0, NULL, NULL),
(2269, 25, 49, '2023-11-11', '1510', '1002', 2000, 0, 0, NULL, NULL),
(2270, 25, 49, '2023-11-11', '1510', '1025', 400, 0, 0, NULL, NULL),
(2271, 25, 49, '2023-11-11', '1510', '1002', 1100, 0, 0, NULL, NULL),
(2272, 25, 49, '2023-11-11', '1550', '', -139385, 19, 0, NULL, NULL),
(2273, 20, 45, '2023-11-11', '2100', '', -139385, 19, 0, 3, 0x37),
(2274, 20, 45, '2023-11-11', '1550', '', 11000, 19, 0, NULL, NULL),
(2275, 20, 45, '2023-11-11', '1550', '', 5750, 19, 0, NULL, NULL),
(2276, 20, 45, '2023-11-11', '1550', '', 3600, 19, 0, NULL, NULL),
(2277, 20, 45, '2023-11-11', '1550', '', 6750, 19, 0, NULL, NULL),
(2278, 20, 45, '2023-11-11', '1550', '', 16650, 19, 0, NULL, NULL),
(2279, 20, 45, '2023-11-11', '1550', '', 27750, 19, 0, NULL, NULL),
(2280, 20, 45, '2023-11-11', '1550', '', 28750, 19, 0, NULL, NULL),
(2281, 20, 45, '2023-11-11', '1550', '', 17250, 19, 0, NULL, NULL),
(2282, 20, 45, '2023-11-11', '1550', '', 17250, 19, 0, NULL, NULL),
(2283, 20, 45, '2023-11-11', '1550', '', 1135, 19, 0, NULL, NULL),
(2284, 20, 45, '2023-11-11', '1550', '', 2000, 19, 0, NULL, NULL),
(2285, 20, 45, '2023-11-11', '1550', '', 400, 19, 0, NULL, NULL),
(2286, 20, 45, '2023-11-11', '1550', '', 1100, 19, 0, NULL, NULL),
(2287, 22, 54, '2023-11-11', '2100', '', 100000, 19, 0, 3, 0x37),
(2288, 22, 54, '2023-11-11', '1060', '', -100000, 19, 0, NULL, NULL),
(2289, 12, 2, '2024-03-19', '1060', '', 0, 0, 0, NULL, NULL),
(2290, 12, 2, '2024-03-19', '1200', '', 0, 0, 0, 2, 0x35),
(2291, 25, 50, '2023-12-11', '1510', '1030', 15510, 0, 0, NULL, NULL),
(2292, 25, 50, '2023-12-11', '1550', '', -15510, 0, 0, NULL, NULL),
(2293, 20, 46, '2023-12-11', '2100', '', -15510, 19, 0, 3, 0x3135),
(2294, 20, 46, '2023-12-11', '1550', '', 15510, 19, 0, NULL, NULL),
(2295, 1, 113, '2024-02-28', '2100', 'Online Trsfr to Master khan  C/o Ashraf B-86 Total Trsfr Rs.250000-105192 for B-86', 76396, 19, 0, 3, 0x3135),
(2296, 1, 113, '2024-02-28', '1060', 'Online Trsfr to Master khan  C/o Ashraf B-86 Total Trsfr Rs.250000-105192 for B-86\n', -76396, 19, 0, NULL, NULL),
(2297, 25, 51, '2023-12-28', '1510', '1036', 14850, 0, 0, NULL, NULL),
(2298, 25, 51, '2023-12-28', '1510', '1044', 2400, 0, 0, NULL, NULL),
(2299, 25, 51, '2023-12-28', '1510', '1045', 280, 0, 0, NULL, NULL),
(2300, 25, 51, '2023-12-28', '1550', '', -17530, 0, 0, NULL, NULL),
(2301, 20, 47, '2024-01-15', '2100', '', -17530, 19, 0, 3, 0x3536),
(2302, 20, 47, '2024-01-15', '1550', '', 14850, 19, 0, NULL, NULL),
(2303, 20, 47, '2024-01-15', '1550', '', 2400, 19, 0, NULL, NULL),
(2304, 20, 47, '2024-01-15', '1550', '', 280, 19, 0, NULL, NULL),
(2305, 22, 55, '2024-03-12', '2100', '', 14000, 19, 0, 3, 0x3536),
(2306, 22, 55, '2024-03-12', '1060', '', -14000, 19, 0, NULL, NULL),
(2307, 1, 114, '2024-03-18', '2100', 'Paid cash to Madina Paint', 3530, 19, 0, 3, 0x3536),
(2308, 1, 114, '2024-03-18', '1060', 'Paid cash to Madina Paint\n', -3530, 19, 0, NULL, NULL),
(2309, 0, 7, '2024-06-30', '3590', 'Closing Year', 114138, 0, 0, NULL, NULL),
(2310, 0, 7, '2024-06-30', '9990', 'Closing Year', -114138, 0, 0, NULL, NULL),
(2311, 20, 48, '2022-12-24', '2100', '', -1500, 19, 0, 3, 0x37),
(2312, 20, 48, '2022-12-24', '5010', '', 1500, 19, 0, NULL, NULL),
(2313, 0, 8, '2023-06-30', '3590', 'Closing Year', 1500, 0, 0, NULL, NULL),
(2314, 0, 8, '2023-06-30', '9990', 'Closing Year', -1500, 0, 0, NULL, NULL),
(2315, 25, 53, '2023-11-03', '1510', '1004', 19999.99995, 0, 0, NULL, NULL),
(2316, 25, 53, '2023-11-03', '1510', '1005', 28000, 0, 0, NULL, NULL),
(2317, 25, 53, '2023-11-03', '1550', '', -47999.99995, 0, 0, NULL, NULL),
(2318, 20, 49, '2023-11-03', '2100', '', -47999.99995, 19, 0, 3, 0x3132),
(2319, 20, 49, '2023-11-03', '1550', '', 19999.99995, 19, 0, NULL, NULL),
(2320, 20, 49, '2023-11-03', '1550', '', 28000, 19, 0, NULL, NULL),
(2321, 25, 54, '2023-12-26', '1510', '1023', 17528, 0, 0, NULL, NULL),
(2322, 25, 54, '2023-12-26', '1550', '', -17528, 0, 0, NULL, NULL),
(2323, 20, 50, '2024-03-25', '2100', '', -17528, 19, 0, 3, 0x3538),
(2324, 20, 50, '2024-03-25', '1550', '', 17528, 19, 0, NULL, NULL),
(2325, 22, 56, '2024-02-08', '2100', '', 39385, 19, 0, 3, 0x37),
(2326, 22, 56, '2024-02-08', '1060', '', -39385, 19, 0, NULL, NULL),
(2327, 25, 55, '2024-02-18', '1510', '1048', 18500, 0, 0, NULL, NULL),
(2328, 25, 55, '2024-02-18', '1550', '', -18500, 0, 0, NULL, NULL),
(2329, 20, 51, '2024-02-18', '2100', '', -18500, 19, 0, 3, 0x3336),
(2330, 20, 51, '2024-02-18', '1550', '', 18500, 19, 0, NULL, NULL),
(2331, 22, 57, '2023-01-14', '2100', '', 150000, 19, 0, 3, 0x37),
(2332, 22, 57, '2023-01-14', '1060', '', -150000, 19, 0, NULL, NULL),
(2333, 25, 56, '2023-01-14', '1510', '1011', 13500, 0, 0, NULL, NULL),
(2334, 25, 56, '2023-01-14', '1550', '', -13500, 0, 0, NULL, NULL),
(2335, 20, 52, '2023-01-14', '2100', '', -13500, 19, 0, 3, 0x3539),
(2336, 20, 52, '2023-01-14', '1550', '', 13500, 19, 0, NULL, NULL),
(2337, 22, 58, '2023-01-14', '2100', '', 13500, 19, 0, 3, 0x3539),
(2338, 22, 58, '2023-01-14', '1060', '', -13500, 19, 0, NULL, NULL),
(2339, 22, 59, '2024-03-31', '2100', '', 8003, 19, 0, 3, 0x3531),
(2340, 22, 59, '2024-03-31', '1060', '', -8003, 19, 0, NULL, NULL),
(2341, 22, 60, '2024-01-10', '2100', '', 15523, 19, 0, 3, 0x3538),
(2342, 22, 60, '2024-01-10', '1060', '', -15523, 19, 0, NULL, NULL),
(2343, 22, 61, '2024-03-31', '2100', '', 2005, 19, 0, 3, 0x3538),
(2344, 22, 61, '2024-03-31', '1060', '', -2005, 19, 0, NULL, NULL),
(2345, 22, 62, '2024-04-02', '2100', '', 47999.99995, 19, 0, 3, 0x3132),
(2346, 22, 62, '2024-04-02', '1060', '', -47999.99995, 19, 0, NULL, NULL),
(2347, 22, 63, '2024-04-04', '2100', '', 18500, 19, 0, 3, 0x3336),
(2348, 22, 63, '2024-04-04', '1060', '', -18500, 19, 0, NULL, NULL),
(2349, 22, 64, '2024-04-16', '2100', '', 0, 19, 0, 3, 0x37),
(2350, 22, 64, '2024-04-16', '1060', '', 0, 19, 0, NULL, NULL),
(2351, 1, 115, '2024-04-16', '2100', 'test ', 0, 19, 0, 3, 0x37),
(2352, 1, 115, '2024-04-16', '1060', 'test', 0, 19, 0, NULL, NULL),
(2353, 2, 100, '2024-04-19', '1200', '', 0, 0, 0, 2, 0x34),
(2354, 2, 100, '2024-04-19', '1062', '', 0, 0, 0, NULL, NULL),
(2355, 0, 9, '2024-04-19', '1200', 'Exchange Variance', -350000, 0, 0, 2, 0x33),
(2356, 0, 9, '2024-04-19', '4450', 'Exchange Variance', 350000, 0, 0, NULL, NULL),
(2357, 0, 10, '2024-04-19', '1200', 'Exchange Variance', 104040, 0, 0, 2, 0x34),
(2358, 0, 10, '2024-04-19', '4450', 'Exchange Variance', -104040, 0, 0, NULL, NULL),
(2359, 2, 101, '2024-04-17', '1200', 'Payment Rcvd agst Cons work of Plot A1-10', -100000, 19, 0, 2, 0x34),
(2360, 2, 101, '2024-04-17', '1066', 'Paid Cash', 100000, 19, 0, NULL, NULL),
(2361, 2, 102, '2023-12-14', '1200', 'Trsfr to Umair BAH A/c', -200000, 24, 0, 2, 0x36),
(2362, 2, 102, '2023-12-14', '1067', 'Payment Received agst construction work of D-196 Trsfr to Umair BAH A/c', 200000, 24, 0, NULL, NULL),
(2363, 1, 116, '2023-12-14', '5765', 'Chaini Repair', 170, 24, 0, NULL, NULL),
(2364, 1, 116, '2023-12-14', '1067', '', -170, 24, 0, NULL, NULL),
(2365, 1, 117, '2023-12-14', '5613', 'for Suzuki Fuel', 1500, 24, 0, NULL, NULL),
(2366, 1, 117, '2023-12-14', '5612', 'Paid Traffice Chalan', 200, 24, 0, NULL, NULL),
(2367, 1, 117, '2023-12-14', '5411', 'Gul Labour', 1100, 24, 0, NULL, NULL),
(2368, 1, 117, '2023-12-14', '5411', 'Ramzan labour', 1100, 24, 0, NULL, NULL),
(2369, 1, 117, '2023-12-14', '1067', '', -3900, 24, 0, NULL, NULL),
(2370, 25, 57, '2024-02-25', '1510', '1002', 5500, 0, 0, NULL, NULL),
(2371, 25, 57, '2024-02-25', '1510', '1002', 5850, 0, 0, NULL, NULL),
(2372, 25, 57, '2024-02-25', '1510', '1001', 27030, 0, 0, NULL, NULL),
(2373, 25, 57, '2024-02-25', '1510', '1001', 74730, 0, 0, NULL, NULL),
(2374, 25, 57, '2024-02-25', '1510', '1002', 16500, 0, 0, NULL, NULL),
(2375, 25, 57, '2024-02-25', '1510', '1002', 58500, 0, 0, NULL, NULL),
(2376, 25, 57, '2024-02-25', '1510', '1001', 117660, 0, 0, NULL, NULL),
(2377, 25, 57, '2024-02-25', '1510', '1001', 224985, 0, 0, NULL, NULL),
(2378, 25, 57, '2024-02-25', '1510', '1002', 58500, 0, 0, NULL, NULL),
(2379, 25, 57, '2024-02-25', '1510', '1002', 28750, 0, 0, NULL, NULL),
(2380, 25, 57, '2024-02-25', '1510', '1001', 79765, 0, 0, NULL, NULL),
(2381, 25, 57, '2024-02-25', '1510', '1001', 37895, 0, 0, NULL, NULL),
(2382, 25, 57, '2024-02-25', '1510', '1001', 24000, 0, 0, NULL, NULL),
(2383, 25, 57, '2024-02-25', '1510', '1002', 58500, 0, 0, NULL, NULL),
(2384, 25, 57, '2024-02-25', '1510', '1002', 1900, 0, 0, NULL, NULL),
(2385, 25, 57, '2024-02-25', '1510', '1002', 58500, 0, 0, NULL, NULL),
(2386, 25, 57, '2024-02-25', '1510', '1002', 58500, 0, 0, NULL, NULL),
(2387, 25, 57, '2024-02-25', '1510', '1002', 40950, 0, 0, NULL, NULL),
(2388, 25, 57, '2024-02-25', '1510', '1002', 5900, 0, 0, NULL, NULL),
(2389, 25, 57, '2024-02-25', '1510', '1002', 4000, 0, 0, NULL, NULL),
(2390, 25, 57, '2024-02-25', '1550', '', -987915, 19, 0, NULL, NULL),
(2391, 20, 53, '2024-02-25', '2100', '', -996415, 19, 0, 3, 0x37),
(2392, 20, 53, '2024-02-25', '1550', '', 5500, 19, 0, NULL, NULL),
(2393, 20, 53, '2024-02-25', '1550', '', 5850, 19, 0, NULL, NULL),
(2394, 20, 53, '2024-02-25', '1550', '', 27030, 19, 0, NULL, NULL),
(2395, 20, 53, '2024-02-25', '1550', '', 74730, 19, 0, NULL, NULL),
(2396, 20, 53, '2024-02-25', '5010', '', 2000, 19, 0, NULL, NULL),
(2397, 20, 53, '2024-02-25', '1550', '', 16500, 19, 0, NULL, NULL),
(2398, 20, 53, '2024-02-25', '5010', '', 2500, 19, 0, NULL, NULL),
(2399, 20, 53, '2024-02-25', '1550', '', 58500, 19, 0, NULL, NULL),
(2400, 20, 53, '2024-02-25', '1550', '', 117660, 19, 0, NULL, NULL),
(2401, 20, 53, '2024-02-25', '1550', '', 224985, 19, 0, NULL, NULL),
(2402, 20, 53, '2024-02-25', '1550', '', 58500, 19, 0, NULL, NULL),
(2403, 20, 53, '2024-02-25', '1550', '', 28750, 19, 0, NULL, NULL),
(2404, 20, 53, '2024-02-25', '5010', '', 2500, 19, 0, NULL, NULL),
(2405, 20, 53, '2024-02-25', '1550', '', 79765, 19, 0, NULL, NULL),
(2406, 20, 53, '2024-02-25', '1550', '', 37895, 19, 0, NULL, NULL),
(2407, 20, 53, '2024-02-25', '1550', '', 24000, 19, 0, NULL, NULL),
(2408, 20, 53, '2024-02-25', '1550', '', 58500, 19, 0, NULL, NULL),
(2409, 20, 53, '2024-02-25', '1550', '', 1900, 19, 0, NULL, NULL),
(2410, 20, 53, '2024-02-25', '1550', '', 58500, 19, 0, NULL, NULL),
(2411, 20, 53, '2024-02-25', '1550', '', 58500, 19, 0, NULL, NULL),
(2412, 20, 53, '2024-02-25', '1550', '', 40950, 19, 0, NULL, NULL),
(2413, 20, 53, '2024-02-25', '1550', '', 5900, 19, 0, NULL, NULL),
(2414, 20, 53, '2024-02-25', '1550', '', 4000, 19, 0, NULL, NULL),
(2415, 20, 53, '2024-02-25', '5010', '', 1500, 19, 0, NULL, NULL),
(2416, 2, 103, '2024-01-01', '1200', 'UBL Chq # 43458434 to Muhammad Arsalan', -250000, 24, 0, 2, 0x36),
(2417, 2, 103, '2024-01-01', '1200', 'UBL Chq # 43458435 to Allauddin Fayazuddin', -250000, 24, 0, 2, 0x36),
(2418, 2, 103, '2024-01-01', '1067', 'UBL Chq # 43458434 to Muhammad Arsalan Aluminum\nUBL Chq # 43458435 to Allauddin Fayazuddin Minhaj Steel\n', 500000, 24, 0, NULL, NULL),
(2419, 2, 104, '2024-01-11', '1200', 'BAH Chq # 11728152 to Naveed Khan ', -100000, 24, 0, 2, 0x36),
(2420, 2, 104, '2024-01-11', '1200', 'BAH Chq # 11728153 for Cash', -100000, 24, 0, 2, 0x36),
(2421, 2, 104, '2024-01-11', '1200', 'BAH Chq # 11728154 for Cash', -100000, 24, 0, 2, 0x36),
(2422, 2, 104, '2024-01-11', '1200', 'BAH Chq # 11728155 to Alauddin Fayazuddin', -200000, 24, 0, 2, 0x36),
(2423, 2, 104, '2024-01-11', '1067', 'BAH Chq # 11728152 to Naveed Khan Material\nBAH Chq # 11728153 for Cash\nBAH Chq # 11728154 for Cash\nBAH Chq # 11728155 to Alauddin Fayazuddin Minhaj\n\n\n', 500000, 24, 0, NULL, NULL),
(2424, 2, 105, '2024-02-04', '1200', 'UBL trsfr to AMS Enterprises', -150000, 24, 0, 2, 0x36),
(2425, 2, 105, '2024-02-04', '1200', 'UBL trsfr to AMS Enterprises', -150000, 24, 0, 2, 0x36),
(2426, 2, 105, '2024-02-04', '1067', 'UBL trsfr to AMS Enterprises\nUBL trsfr to AMS Enterprises\n\n', 300000, 24, 0, NULL, NULL),
(2427, 2, 106, '2024-02-18', '1200', 'UBL Chq # 43458436 to Adnan Tile', -200000, 24, 0, 2, 0x36),
(2428, 2, 106, '2024-02-18', '1200', 'UBL Chq # 43458437 to Adnan Tile', -200000, 24, 0, 2, 0x36),
(2429, 2, 106, '2024-02-18', '1067', 'UBL Chq # 43458436 to Adnan Tile\nUBL Chq # 43458437 to Adnan Tile\n', 400000, 24, 0, NULL, NULL),
(2430, 2, 107, '2024-03-04', '1200', 'UBL Online Trsfr to Tarham BAH A/c', -100000, 24, 0, 2, 0x36),
(2431, 2, 107, '2024-03-04', '1067', 'UBL Online Trsfr to Tarham BAH A/c\n', 100000, 24, 0, NULL, NULL),
(2432, 2, 108, '2024-03-15', '1200', 'UBL Online Trsfr to Adnan Tile then adnan trsfr to Ahsan Sanitary', -100000, 24, 0, 2, 0x36),
(2433, 2, 108, '2024-03-15', '1067', 'UBL Online Trsfr to Adnan Tile then adnan trsfr to Ahsan Sanitary\n', 100000, 24, 0, NULL, NULL),
(2434, 2, 109, '2024-03-21', '1060', 'UBL Online Trsfr to Tarham BAH A/c', -100000, 24, 0, NULL, NULL),
(2435, 2, 109, '2024-03-21', '1067', 'UBL Online Trsfr to Tarham BAH A/c\n', 100000, 24, 0, NULL, NULL),
(2436, 25, 58, '2024-03-11', '1510', '1002', 40950, 0, 0, NULL, NULL),
(2437, 25, 58, '2024-03-11', '1510', '1002', 17550, 0, 0, NULL, NULL),
(2438, 25, 58, '2024-03-11', '1550', '', -58500, 19, 0, NULL, NULL),
(2439, 20, 54, '2024-03-11', '2100', '', -61500, 24, 0, 3, 0x37),
(2440, 20, 54, '2024-03-11', '1550', '', 40950, 24, 0, NULL, NULL),
(2441, 20, 54, '2024-03-11', '5010', '', 1500, 24, 0, NULL, NULL),
(2442, 20, 54, '2024-03-11', '5010', '', 1500, 24, 0, NULL, NULL),
(2443, 20, 54, '2024-03-11', '1550', '', 17550, 24, 0, NULL, NULL),
(2444, 25, 59, '2024-01-09', '1510', '1005', 9999.9999, 0, 0, NULL, NULL),
(2445, 25, 59, '2024-01-09', '1510', '1006', 12000, 0, 0, NULL, NULL),
(2446, 25, 59, '2024-01-09', '1510', '1005', 9999.9999, 0, 0, NULL, NULL),
(2447, 25, 59, '2024-01-09', '1510', '1005', 9999.9999, 0, 0, NULL, NULL),
(2448, 25, 59, '2024-01-09', '1510', '1005', 9999.9999, 0, 0, NULL, NULL),
(2449, 25, 59, '2024-01-09', '1510', '1006', 12000, 0, 0, NULL, NULL),
(2450, 25, 59, '2024-01-09', '1550', '', -63999.9996, 0, 0, NULL, NULL),
(2451, 20, 55, '2024-01-09', '2100', '', -63999.9996, 24, 0, 3, 0x3132),
(2452, 20, 55, '2024-01-09', '1550', '', 9999.9999, 24, 0, NULL, NULL),
(2453, 20, 55, '2024-01-09', '1550', '', 12000, 24, 0, NULL, NULL),
(2454, 20, 55, '2024-01-09', '1550', '', 9999.9999, 24, 0, NULL, NULL),
(2455, 20, 55, '2024-01-09', '1550', '', 9999.9999, 24, 0, NULL, NULL),
(2456, 20, 55, '2024-01-09', '1550', '', 9999.9999, 24, 0, NULL, NULL),
(2457, 20, 55, '2024-01-09', '1550', '', 12000, 24, 0, NULL, NULL),
(2458, 25, 60, '2024-02-19', '1510', '1004', 9999.999, 0, 0, NULL, NULL),
(2459, 25, 60, '2024-02-19', '1510', '1005', 9999.9999, 0, 0, NULL, NULL),
(2460, 25, 60, '2024-02-19', '1510', '1004', 9999.9999, 0, 0, NULL, NULL),
(2461, 25, 60, '2024-02-19', '1510', '1004', 9999.9999, 0, 0, NULL, NULL),
(2462, 25, 60, '2024-02-19', '1510', '1005', 9999.9999, 0, 0, NULL, NULL),
(2463, 25, 60, '2024-02-19', '1510', '1005', 9999.9999, 0, 0, NULL, NULL),
(2464, 25, 60, '2024-02-19', '1510', '1005', 9999.9999, 0, 0, NULL, NULL),
(2465, 25, 60, '2024-02-19', '1510', '1006', 10000, 0, 0, NULL, NULL),
(2466, 25, 60, '2024-02-19', '1510', '1004', 9999.9999, 0, 0, NULL, NULL),
(2467, 25, 60, '2024-02-19', '1510', '1005', 9999.9999, 0, 0, NULL, NULL),
(2468, 25, 60, '2024-02-19', '1510', '1004', 9999.9999, 0, 0, NULL, NULL),
(2469, 25, 60, '2024-02-19', '1510', '1005', 9999.9999, 0, 0, NULL, NULL),
(2470, 25, 60, '2024-02-19', '1510', '1004', 9999.9999, 0, 0, NULL, NULL),
(2471, 25, 60, '2024-02-19', '1510', '1004', 9999.9999, 0, 0, NULL, NULL),
(2472, 25, 60, '2024-02-19', '1550', '', -139999.9978, 0, 0, NULL, NULL),
(2473, 20, 56, '2024-02-19', '2100', '', -139999.9978, 24, 0, 3, 0x3132),
(2474, 20, 56, '2024-02-19', '1550', '', 9999.999, 24, 0, NULL, NULL),
(2475, 20, 56, '2024-02-19', '1550', '', 9999.9999, 24, 0, NULL, NULL),
(2476, 20, 56, '2024-02-19', '1550', '', 9999.9999, 24, 0, NULL, NULL),
(2477, 20, 56, '2024-02-19', '1550', '', 9999.9999, 24, 0, NULL, NULL),
(2478, 20, 56, '2024-02-19', '1550', '', 9999.9999, 24, 0, NULL, NULL),
(2479, 20, 56, '2024-02-19', '1550', '', 9999.9999, 24, 0, NULL, NULL),
(2480, 20, 56, '2024-02-19', '1550', '', 9999.9999, 24, 0, NULL, NULL),
(2481, 20, 56, '2024-02-19', '1550', '', 10000, 24, 0, NULL, NULL),
(2482, 20, 56, '2024-02-19', '1550', '', 9999.9999, 24, 0, NULL, NULL),
(2483, 20, 56, '2024-02-19', '1550', '', 9999.9999, 24, 0, NULL, NULL),
(2484, 20, 56, '2024-02-19', '1550', '', 9999.9999, 24, 0, NULL, NULL),
(2485, 20, 56, '2024-02-19', '1550', '', 9999.9999, 24, 0, NULL, NULL),
(2486, 20, 56, '2024-02-19', '1550', '', 9999.9999, 24, 0, NULL, NULL),
(2487, 20, 56, '2024-02-19', '1550', '', 9999.9999, 24, 0, NULL, NULL),
(2488, 25, 61, '2024-01-27', '1510', '1006', 7000, 0, 0, NULL, NULL),
(2489, 25, 61, '2024-01-27', '1550', '', -7000, 0, 0, NULL, NULL),
(2490, 20, 57, '2024-01-27', '2100', '', -7000, 24, 0, 3, 0x3630),
(2491, 20, 57, '2024-01-27', '1550', '', 7000, 24, 0, NULL, NULL),
(2492, 25, 62, '2024-03-17', '1510', '1005', 3000, 0, 0, NULL, NULL),
(2493, 25, 62, '2024-03-17', '1550', '', -3000, 0, 0, NULL, NULL),
(2494, 20, 58, '2024-03-17', '2100', '', -3000, 24, 0, 3, 0x3630),
(2495, 20, 58, '2024-03-17', '1550', '', 3000, 24, 0, NULL, NULL),
(2496, 25, 63, '2024-02-22', '1510', '1013', 13520, 0, 0, NULL, NULL),
(2497, 25, 63, '2024-02-22', '1550', '', -13520, 0, 0, NULL, NULL),
(2498, 20, 59, '2024-02-22', '2100', '', -14320, 24, 0, 3, 0x3232),
(2499, 20, 59, '2024-02-22', '1550', '', 13520, 24, 0, NULL, NULL),
(2500, 20, 59, '2024-02-22', '5010', '', 800, 24, 0, NULL, NULL),
(2501, 25, 64, '2024-02-19', '1510', '1023', 232819.2, 0, 0, NULL, NULL),
(2502, 25, 64, '2024-02-19', '1510', '1046', 54590.4, 0, 0, NULL, NULL),
(2503, 25, 64, '2024-02-19', '1510', '1046', 27072, 0, 0, NULL, NULL),
(2504, 25, 64, '2024-02-19', '1510', '1046', 12844.8, 0, 0, NULL, NULL),
(2505, 25, 64, '2024-02-19', '1510', '1046', 48729.6, 0, 0, NULL, NULL),
(2506, 25, 64, '2024-02-19', '1510', '1046', 17280, 0, 0, NULL, NULL),
(2507, 25, 64, '2024-02-19', '1510', '1025', 27000, 0, 0, NULL, NULL),
(2508, 25, 64, '2024-02-19', '1510', '1070', 760, 0, 0, NULL, NULL),
(2509, 25, 64, '2024-02-19', '1510', '1025', 1160, 0, 0, NULL, NULL),
(2510, 25, 64, '2024-02-19', '1550', '', -422256, 0, 0, NULL, NULL),
(2511, 20, 60, '2024-02-19', '2100', '', -433254, 24, 0, 3, 0x3538),
(2512, 20, 60, '2024-02-19', '1550', '', 232819.2, 24, 0, NULL, NULL),
(2513, 20, 60, '2024-02-19', '1550', '', 54590.4, 24, 0, NULL, NULL),
(2514, 20, 60, '2024-02-19', '1550', '', 27072, 24, 0, NULL, NULL),
(2515, 20, 60, '2024-02-19', '1550', '', 12844.8, 24, 0, NULL, NULL),
(2516, 20, 60, '2024-02-19', '1550', '', 48729.6, 24, 0, NULL, NULL),
(2517, 20, 60, '2024-02-19', '1550', '', 17280, 24, 0, NULL, NULL),
(2518, 20, 60, '2024-02-19', '1550', '', 27000, 24, 0, NULL, NULL),
(2519, 20, 60, '2024-02-19', '1550', '', 760, 24, 0, NULL, NULL),
(2520, 20, 60, '2024-02-19', '1550', '', 1160, 24, 0, NULL, NULL),
(2521, 20, 60, '2024-02-19', '5010', '', 10998, 24, 0, NULL, NULL),
(2522, 25, 65, '2024-02-26', '1510', '1046', 1000, 0, 0, NULL, NULL),
(2523, 25, 65, '2024-02-26', '1510', '1046', 1100, 0, 0, NULL, NULL),
(2524, 25, 65, '2024-02-26', '1550', '', -2100, 0, 0, NULL, NULL),
(2525, 20, 61, '2024-02-26', '2100', '', -2100, 24, 0, 3, 0x3538),
(2526, 20, 61, '2024-02-26', '1550', '', 1000, 24, 0, NULL, NULL),
(2527, 20, 61, '2024-02-26', '1550', '', 1100, 24, 0, NULL, NULL),
(2528, 25, 66, '2024-04-23', '1510', '1023', 18273.6, 0, 0, NULL, NULL),
(2529, 25, 66, '2024-04-23', '1510', '1025', 2080, 0, 0, NULL, NULL),
(2530, 25, 66, '2024-04-23', '1550', '', -20353.6, 0, 0, NULL, NULL),
(2531, 20, 62, '2024-02-05', '2100', '', -20353.6, 24, 0, 3, 0x3538);
INSERT INTO `erp_replica_gl_trans` (`counter`, `type`, `type_no`, `tran_date`, `account`, `memo_`, `amount`, `dimension_id`, `dimension2_id`, `person_type_id`, `person_id`) VALUES
(2532, 20, 62, '2024-02-05', '1550', '', 18273.6, 24, 0, NULL, NULL),
(2533, 20, 62, '2024-02-05', '1550', '', 2080, 24, 0, NULL, NULL),
(2534, 25, 67, '2024-03-03', '1510', '1046', 6903, 0, 0, NULL, NULL),
(2535, 25, 67, '2024-03-03', '1550', '', -6903, 0, 0, NULL, NULL),
(2536, 20, 63, '2024-03-03', '2100', '', -6903, 24, 0, 3, 0x3538),
(2537, 20, 63, '2024-03-03', '1550', '', 6903, 24, 0, NULL, NULL),
(2538, 25, 68, '2024-03-08', '1510', '1071', 14592, 0, 0, NULL, NULL),
(2539, 25, 68, '2024-03-08', '1550', '', -14592, 0, 0, NULL, NULL),
(2540, 20, 64, '2024-03-08', '2100', '', -14592, 24, 0, 3, 0x3538),
(2541, 20, 64, '2024-03-08', '1550', '', 14592, 24, 0, NULL, NULL),
(2542, 25, 69, '2024-03-20', '1510', '1046', 47536, 0, 0, NULL, NULL),
(2543, 25, 69, '2024-03-20', '1550', '', -47536, 0, 0, NULL, NULL),
(2544, 20, 65, '2024-03-20', '2100', '', -47536, 24, 0, 3, 0x3538),
(2545, 20, 65, '2024-03-20', '1550', '', 47536, 24, 0, NULL, NULL),
(2546, 25, 70, '2024-03-15', '1510', '1047', 13125, 0, 0, NULL, NULL),
(2547, 25, 70, '2024-03-15', '1550', '', -13125, 0, 0, NULL, NULL),
(2548, 20, 66, '2024-03-15', '2100', '', -13125, 24, 0, 3, 0x3631),
(2549, 20, 66, '2024-03-15', '1550', '', 13125, 24, 0, NULL, NULL),
(2550, 25, 71, '2024-01-30', '1510', '1073', 18000, 0, 0, NULL, NULL),
(2551, 25, 71, '2024-01-30', '1510', '1061', 500, 0, 0, NULL, NULL),
(2552, 25, 71, '2024-01-30', '1510', '1063', 400, 0, 0, NULL, NULL),
(2553, 25, 71, '2024-01-30', '1510', '1073', 7500, 0, 0, NULL, NULL),
(2554, 25, 71, '2024-01-30', '1550', '', -26400, 0, 0, NULL, NULL),
(2555, 20, 67, '2024-01-30', '2100', '', -27600, 24, 0, 3, 0x3632),
(2556, 20, 67, '2024-01-30', '1550', '', 18000, 24, 0, NULL, NULL),
(2557, 20, 67, '2024-01-30', '1550', '', 500, 24, 0, NULL, NULL),
(2558, 20, 67, '2024-01-30', '1550', '', 400, 24, 0, NULL, NULL),
(2559, 20, 67, '2024-01-30', '1550', '', 7500, 24, 0, NULL, NULL),
(2560, 20, 67, '2024-01-30', '5010', '', 1200, 24, 0, NULL, NULL),
(2561, 25, 72, '2024-03-20', '1510', '1080', 30000, 0, 0, NULL, NULL),
(2562, 25, 72, '2024-03-20', '1510', '1081', 30800, 0, 0, NULL, NULL),
(2563, 25, 72, '2024-03-20', '1510', '1081', 25480, 0, 0, NULL, NULL),
(2564, 25, 72, '2024-03-20', '1510', '1081', 25000, 0, 0, NULL, NULL),
(2565, 25, 72, '2024-03-20', '1550', '', -111280, 0, 0, NULL, NULL),
(2566, 20, 68, '2024-04-23', '2100', '', -113780, 24, 0, 3, 0x3633),
(2567, 20, 68, '2024-04-23', '1550', '', 30000, 24, 0, NULL, NULL),
(2568, 20, 68, '2024-04-23', '1550', '', 30800, 24, 0, NULL, NULL),
(2569, 20, 68, '2024-04-23', '1550', '', 25480, 24, 0, NULL, NULL),
(2570, 20, 68, '2024-04-23', '5010', '', 2500, 24, 0, NULL, NULL),
(2571, 20, 68, '2024-04-23', '1550', '', 25000, 24, 0, NULL, NULL),
(2572, 1, 118, '2023-12-16', '5612', 'POP', 80, 24, 0, NULL, NULL),
(2573, 1, 118, '2023-12-16', '5612', '1 Suzuki Raiti', 3000, 24, 0, NULL, NULL),
(2574, 1, 118, '2023-12-16', '5612', 'Steel Keel', 100, 24, 0, NULL, NULL),
(2575, 1, 118, '2023-12-16', '5612', 'End cap+Solution', 80, 24, 0, NULL, NULL),
(2576, 1, 118, '2023-12-16', '5612', 'Cement offload Labour', 100, 24, 0, NULL, NULL),
(2577, 1, 118, '2023-12-16', '5612', 'Traffic Chalan', 2020, 24, 0, NULL, NULL),
(2578, 1, 118, '2023-12-16', '5612', 'Blade', 200, 24, 0, NULL, NULL),
(2579, 1, 118, '2023-12-16', '5612', 'Traffic Chalan', 600, 24, 0, NULL, NULL),
(2580, 1, 118, '2023-12-16', '5612', 'Shuttering Oil', 4100, 24, 0, NULL, NULL),
(2581, 1, 118, '2023-12-16', '5612', 'Marker', 90, 24, 0, NULL, NULL),
(2582, 1, 118, '2023-12-16', '5612', 'Steel Keel', 400, 24, 0, NULL, NULL),
(2583, 1, 118, '2023-12-16', '5612', 'Electric Conduit', 520, 24, 0, NULL, NULL),
(2584, 1, 118, '2023-12-16', '5612', 'Diesel', 200, 24, 0, NULL, NULL),
(2585, 1, 118, '2023-12-16', '5612', 'Medicine ', 300, 24, 0, NULL, NULL),
(2586, 1, 118, '2023-12-16', '5612', 'Chalan', 100, 24, 0, NULL, NULL),
(2587, 1, 118, '2023-12-16', '5612', 'Marker', 100, 24, 0, NULL, NULL),
(2588, 1, 118, '2023-12-16', '5612', 'Cement offload Labour', 100, 24, 0, NULL, NULL),
(2589, 1, 118, '2023-12-16', '5612', 'Keel 2Kg', 700, 24, 0, NULL, NULL),
(2590, 1, 118, '2023-12-16', '5612', 'Labour Refreshment', 350, 24, 0, NULL, NULL),
(2591, 1, 118, '2023-12-16', '5612', 'Electric Conduit', 2000, 24, 0, NULL, NULL),
(2592, 1, 118, '2023-12-16', '5612', '4 kg Patri', 1080, 24, 0, NULL, NULL),
(2593, 1, 118, '2023-12-16', '5612', 'Labour Lunch', 1300, 24, 0, NULL, NULL),
(2594, 1, 118, '2023-12-16', '5612', 'Paranch Patteh Rent', 400, 24, 0, NULL, NULL),
(2595, 1, 118, '2023-12-16', '5612', 'Iron Blade', 120, 24, 0, NULL, NULL),
(2596, 1, 118, '2023-12-16', '5612', 'POP', 80, 24, 0, NULL, NULL),
(2597, 1, 118, '2023-12-16', '5612', 'Lenter 6ft', 1700, 24, 0, NULL, NULL),
(2598, 1, 118, '2023-12-16', '5612', 'Plumbing Material trsfr from UBD A/c to D-196', 19800, 24, 0, NULL, NULL),
(2599, 1, 118, '2023-12-16', '5612', 'Blade ', 600, 24, 0, NULL, NULL),
(2600, 1, 118, '2023-12-16', '5612', 'POP', 160, 24, 0, NULL, NULL),
(2601, 1, 118, '2023-12-16', '5612', 'Y Tee ', 1050, 24, 0, NULL, NULL),
(2602, 1, 118, '2023-12-16', '5612', 'Solution', 1450, 24, 0, NULL, NULL),
(2603, 1, 118, '2023-12-16', '5612', 'Spacer Clip', 750, 24, 0, NULL, NULL),
(2604, 1, 118, '2023-12-16', '5612', 'Iron Blade', 100, 24, 0, NULL, NULL),
(2605, 1, 118, '2023-12-16', '5612', 'Blade', 650, 24, 0, NULL, NULL),
(2606, 1, 118, '2023-12-16', '5612', '2 Nali PPR 32mm', 2200, 24, 0, NULL, NULL),
(2607, 1, 118, '2023-12-16', '5612', 'Tile Spacer', 750, 24, 0, NULL, NULL),
(2608, 1, 118, '2023-12-16', '5612', 'Chalan', 520, 24, 0, NULL, NULL),
(2609, 1, 118, '2023-12-16', '5612', 'Spacer', 750, 24, 0, NULL, NULL),
(2610, 1, 118, '2023-12-16', '5612', 'Plumbing Material', 820, 24, 0, NULL, NULL),
(2611, 1, 118, '2023-12-16', '5612', 'Spacer', 750, 24, 0, NULL, NULL),
(2612, 1, 118, '2023-12-16', '5612', 'Chamber lid', 700, 24, 0, NULL, NULL),
(2613, 1, 118, '2023-12-16', '5612', 'Grouting Color', 200, 24, 0, NULL, NULL),
(2614, 1, 118, '2023-12-16', '5612', 'Socket+Solution', 150, 24, 0, NULL, NULL),
(2615, 1, 118, '2023-12-16', '5612', 'Color Material', 630, 24, 0, NULL, NULL),
(2616, 1, 118, '2023-12-16', '5612', 'Color Material', 300, 24, 0, NULL, NULL),
(2617, 1, 118, '2023-12-16', '5612', 'Tools &amp; Machinery Trsfr to W.House Trasnportation Charges', 1200, 24, 0, NULL, NULL),
(2618, 1, 118, '2023-12-16', '5612', '2&quot; Jali', 100, 24, 0, NULL, NULL),
(2619, 1, 118, '2023-12-16', '5612', 'Cement', 200, 24, 0, NULL, NULL),
(2620, 1, 118, '2023-12-16', '5612', 'Wire Clip', 50, 24, 0, NULL, NULL),
(2621, 1, 118, '2023-12-16', '5612', 'Ladder Rent', 300, 24, 0, NULL, NULL),
(2622, 1, 118, '2023-12-16', '5612', '5 Piece 6&quot; Latch+1 Door Stopper give it to Rajab', 900, 24, 0, NULL, NULL),
(2623, 1, 118, '2023-12-16', '5612', 'Electric Material', 740, 24, 0, NULL, NULL),
(2624, 1, 118, '2023-12-16', '5612', 'Cement', 150, 24, 0, NULL, NULL),
(2625, 1, 118, '2023-12-16', '1067', 'all Misc payment from 16-12-23 to 31-3-24', -55790, 24, 0, NULL, NULL),
(2626, 1, 119, '2023-12-16', '5611', 'Labour Lunch+Tea', 15910, 24, 0, NULL, NULL),
(2627, 1, 119, '2023-12-16', '1067', 'Refreshment Payments from 16-12-23 to 11-03-2024', -15910, 24, 0, NULL, NULL),
(2628, 1, 120, '2023-12-25', '5412', 'Shuttering Labour payment from 25-12-23 to 14-2-24', 90100, 24, 0, NULL, NULL),
(2629, 1, 120, '2023-12-25', '1067', 'Shuttering Labour payment from 25-12-23 to 14-2-24', -90100, 24, 0, NULL, NULL),
(2630, 1, 121, '2023-12-27', '5613', 'Transportation Payment from 27-12-23 to 11-3-24', 6800, 24, 0, NULL, NULL),
(2631, 1, 121, '2023-12-27', '1067', 'Transportation Payment from 27-12-23 to 11-3-24', -6800, 24, 0, NULL, NULL),
(2632, 1, 122, '2023-12-20', '5765', 'Tools repair from 20-12-23 to 5-3-24', 21260, 24, 0, NULL, NULL),
(2633, 1, 122, '2023-12-20', '1067', 'Tools repair from 20-12-23 to 5-3-24', -21260, 24, 0, NULL, NULL),
(2634, 1, 123, '2024-03-30', '5413', 'Paid to Color Labour from 14-12-23 to 30-3-24', 55700, 24, 0, NULL, NULL),
(2635, 1, 123, '2024-03-30', '1067', 'Paid to Color Labour from 14-12-23 to 30-3-24', -55700, 24, 0, NULL, NULL),
(2636, 22, 65, '2024-04-23', '2100', '', 0, 0, 0, 3, 0x3137),
(2637, 22, 65, '2024-04-23', '1066', '', 0, 0, 0, NULL, NULL),
(2638, 22, 66, '2024-04-23', '2100', '', 0, 0, 0, 3, 0x3437),
(2639, 22, 66, '2024-04-23', '1067', '', 0, 0, 0, NULL, NULL),
(2640, 1, 124, '2024-04-02', '5411', 'Amir Labour', 500, 24, 0, NULL, NULL),
(2641, 1, 124, '2024-04-02', '5411', 'Ali Raza Mistari', 2000, 24, 0, NULL, NULL),
(2642, 1, 124, '2024-04-02', '5411', 'Gul Labour', 1000, 24, 0, NULL, NULL),
(2643, 1, 124, '2024-04-02', '5411', 'Amir Labour', 500, 24, 0, NULL, NULL),
(2644, 1, 124, '2024-04-02', '5411', 'Ramzan Labour', 500, 24, 0, NULL, NULL),
(2645, 1, 124, '2024-04-02', '5411', 'Ali Raza Mistari', 9400, 24, 0, NULL, NULL),
(2646, 1, 124, '2024-04-02', '5411', 'Gul Labour', 5600, 24, 0, NULL, NULL),
(2647, 1, 124, '2024-04-02', '5411', 'Amir Labour', 5600, 24, 0, NULL, NULL),
(2648, 1, 124, '2024-04-02', '5411', 'Ramzan Labour', 300, 24, 0, NULL, NULL),
(2649, 1, 124, '2024-04-02', '5411', 'Amir Labour', 500, 24, 0, NULL, NULL),
(2650, 1, 124, '2024-04-02', '5411', 'ali x3', 4000, 24, 0, NULL, NULL),
(2651, 1, 124, '2024-04-02', '5411', 'Ali Raza Mistari x 4', 26700, 24, 0, NULL, NULL),
(2652, 1, 124, '2024-04-02', '5411', 'Ali Raza Mistari x4', 21700, 24, 0, NULL, NULL),
(2653, 1, 124, '2024-04-02', '5411', 'Ramzan Labour x3', 3500, 24, 0, NULL, NULL),
(2654, 1, 124, '2024-04-02', '5411', 'Amir Labour', 500, 24, 0, NULL, NULL),
(2655, 1, 124, '2024-04-02', '5411', 'Atif Labour x3', 15800, 24, 0, NULL, NULL),
(2656, 1, 124, '2024-04-02', '5411', 'Waseem Mistari x4', 49500, 24, 0, NULL, NULL),
(2657, 1, 124, '2024-04-02', '5411', 'Amir Labour 5', 22000, 24, 0, NULL, NULL),
(2658, 1, 124, '2024-04-02', '5411', 'Zahid Labour 3', 4000, 24, 0, NULL, NULL),
(2659, 1, 124, '2024-04-02', '5411', 'Atif Labour', 500, 24, 0, NULL, NULL),
(2660, 1, 124, '2024-04-02', '5411', 'Ali Raza 5', 23700, 24, 0, NULL, NULL),
(2661, 1, 124, '2024-04-02', '5411', 'Amir Labour 4', 4000, 24, 0, NULL, NULL),
(2662, 1, 124, '2024-04-02', '5411', 'Waseem Mistari 5', 46300, 24, 0, NULL, NULL),
(2663, 1, 124, '2024-04-02', '5411', 'Amir Labour', 500, 24, 0, NULL, NULL),
(2664, 1, 124, '2024-04-02', '5411', 'Ali Raza Mistari 3', 3500, 24, 0, NULL, NULL),
(2665, 1, 124, '2024-04-02', '5411', 'Amir Labour', 500, 24, 0, NULL, NULL),
(2666, 1, 124, '2024-04-02', '5411', 'Ali Raza Mistari 9', 42300, 24, 0, NULL, NULL),
(2667, 1, 124, '2024-04-02', '5411', 'Atif Labour  3', 3500, 24, 0, NULL, NULL),
(2668, 1, 124, '2024-04-02', '5411', 'Atif Labour 6', 9200, 24, 0, NULL, NULL),
(2669, 1, 124, '2024-04-02', '5411', 'Amir Labour 2', 5000, 24, 0, NULL, NULL),
(2670, 1, 124, '2024-04-02', '5411', 'Paid to Tarham 10', 93800, 24, 0, NULL, NULL),
(2671, 1, 124, '2024-04-02', '5411', 'Amir Labour 2', 1000, 24, 0, NULL, NULL),
(2672, 1, 124, '2024-04-02', '5411', 'Tariq Mistari 5', 5000, 24, 0, NULL, NULL),
(2673, 1, 124, '2024-04-02', '5411', 'New Labour 8', 60100, 24, 0, NULL, NULL),
(2674, 1, 124, '2024-04-02', '5411', 'Atif Labour', 500, 24, 0, NULL, NULL),
(2675, 1, 124, '2024-04-02', '5411', 'Tariq Mistari 4', 7000, 24, 0, NULL, NULL),
(2676, 1, 124, '2024-04-02', '5411', 'Zahid Labour', 500, 24, 0, NULL, NULL),
(2677, 1, 124, '2024-04-02', '5411', 'Zahid Labour', 500, 24, 0, NULL, NULL),
(2678, 1, 124, '2024-04-02', '5411', 'Tariq Mistari 7', 60300, 24, 0, NULL, NULL),
(2679, 1, 124, '2024-04-02', '5411', 'Zahid Labour 2', 1600, 24, 0, NULL, NULL),
(2680, 1, 124, '2024-04-02', '5411', 'Tariq Mistari 4', 8500, 24, 0, NULL, NULL),
(2681, 1, 124, '2024-04-02', '5411', 'Amir Labour', 500, 24, 0, NULL, NULL),
(2682, 1, 124, '2024-04-02', '5411', 'Tariq Mistari 7', 48700, 24, 0, NULL, NULL),
(2683, 1, 124, '2024-04-02', '5411', 'Amir Labour', 5000, 24, 0, NULL, NULL),
(2684, 1, 124, '2024-04-02', '5411', 'Paid to Tarham', 45000, 24, 0, NULL, NULL),
(2685, 1, 124, '2024-04-02', '5411', 'Tariq Mistari', 2000, 24, 0, NULL, NULL),
(2686, 1, 124, '2024-04-02', '5411', 'Ali Raza Mistari 2', 3500, 24, 0, NULL, NULL),
(2687, 1, 124, '2024-04-02', '5411', 'Amir Labour 6', 35100, 24, 0, NULL, NULL),
(2688, 1, 124, '2024-04-02', '5411', 'Amir Labour', 500, 24, 0, NULL, NULL),
(2689, 1, 124, '2024-04-02', '5411', 'Amir Labour', 5100, 24, 0, NULL, NULL),
(2690, 1, 124, '2024-04-02', '5411', 'Amir Labour 5', 16400, 24, 0, NULL, NULL),
(2691, 1, 124, '2024-04-02', '5411', 'Amir Labour', 6600, 24, 0, NULL, NULL),
(2692, 1, 124, '2024-04-02', '5411', 'Ali Raza Mistari', 12000, 24, 0, NULL, NULL),
(2693, 1, 124, '2024-04-02', '1067', 'Labour Payments from 16-12-23 to 2-4-24 diff 1500', -731800, 24, 0, NULL, NULL),
(2694, 25, 73, '2024-01-01', '1510', '1075', 2000, 0, 0, NULL, NULL),
(2695, 25, 73, '2024-01-01', '1550', '', -2000, 0, 0, NULL, NULL),
(2696, 20, 69, '2024-01-01', '2100', '', -2000, 24, 0, 3, 0x3634),
(2697, 20, 69, '2024-01-01', '1550', '', 2000, 24, 0, NULL, NULL),
(2698, 22, 67, '2024-01-01', '2100', '', 2000, 24, 0, 3, 0x3634),
(2699, 22, 67, '2024-01-01', '1067', '', -2000, 24, 0, NULL, NULL),
(2700, 22, 68, '2023-12-19', '2100', '', 4000, 24, 0, 3, 0x3531),
(2701, 22, 68, '2023-12-19', '1067', '', -4000, 24, 0, NULL, NULL),
(2702, 22, 69, '2024-01-08', '2100', '', 2000, 24, 0, 3, 0x3531),
(2703, 22, 69, '2024-01-08', '1067', '', -2000, 24, 0, NULL, NULL),
(2704, 22, 70, '2024-01-23', '2100', '', 3000, 24, 0, 3, 0x3531),
(2705, 22, 70, '2024-01-23', '1067', '', -3000, 24, 0, NULL, NULL),
(2706, 22, 71, '2024-01-24', '2100', '', 4000, 24, 0, 3, 0x3531),
(2707, 22, 71, '2024-01-24', '1067', '', -4000, 24, 0, NULL, NULL),
(2708, 22, 72, '2024-01-26', '2100', '', 2000, 24, 0, 3, 0x3531),
(2709, 22, 72, '2024-01-26', '1067', '', -2000, 24, 0, NULL, NULL),
(2710, 22, 73, '2024-01-27', '2100', '', 2000, 24, 0, 3, 0x3531),
(2711, 22, 73, '2024-01-27', '1067', '', -2000, 24, 0, NULL, NULL),
(2712, 22, 74, '2024-02-06', '2100', '', 2000, 24, 0, 3, 0x3531),
(2713, 22, 74, '2024-02-06', '1067', '', -2000, 24, 0, NULL, NULL),
(2714, 25, 74, '2024-03-04', '1510', '1008', 114700, 0, 0, NULL, NULL),
(2715, 25, 74, '2024-03-04', '1550', '', -114700, 0, 0, NULL, NULL),
(2716, 20, 70, '2024-03-04', '2100', '', -114700, 24, 0, 3, 0x3635),
(2717, 20, 70, '2024-03-04', '1550', '', 114700, 24, 0, NULL, NULL),
(2718, 22, 75, '2023-12-23', '2100', '', 4400, 24, 0, 3, 0x3635),
(2719, 22, 75, '2023-12-23', '1067', '', -4400, 24, 0, NULL, NULL),
(2720, 22, 76, '2024-01-01', '2100', '', 5000, 24, 0, 3, 0x3635),
(2721, 22, 76, '2024-01-01', '1067', '', -5000, 24, 0, NULL, NULL),
(2722, 22, 77, '2024-01-11', '2100', '', 21250, 24, 0, 3, 0x3635),
(2723, 22, 77, '2024-01-11', '1067', '', -21250, 24, 0, NULL, NULL),
(2724, 22, 78, '2024-01-14', '2100', '', 23200, 24, 0, 3, 0x3635),
(2725, 22, 78, '2024-01-14', '1067', '', -23200, 24, 0, NULL, NULL),
(2726, 22, 79, '2024-01-17', '2100', '', 9600, 24, 0, 3, 0x3635),
(2727, 22, 79, '2024-01-17', '1067', '', -9600, 24, 0, NULL, NULL),
(2728, 22, 80, '2024-01-18', '2100', '', 20350, 24, 0, 3, 0x3635),
(2729, 22, 80, '2024-01-18', '1067', '', -20350, 24, 0, NULL, NULL),
(2730, 22, 81, '2024-01-23', '2100', '', 4000, 24, 0, 3, 0x3635),
(2731, 22, 81, '2024-01-23', '1067', '', -4000, 24, 0, NULL, NULL),
(2732, 22, 82, '2024-01-23', '2100', '', 3600, 24, 0, 3, 0x3635),
(2733, 22, 82, '2024-01-23', '1067', '', -3600, 24, 0, NULL, NULL),
(2734, 22, 83, '2024-01-24', '2100', '', 22200, 24, 0, 3, 0x3635),
(2735, 22, 83, '2024-01-24', '1067', '', -22200, 24, 0, NULL, NULL),
(2736, 22, 84, '2024-03-04', '2100', '', 1100, 24, 0, 3, 0x3635),
(2737, 22, 84, '2024-03-04', '1067', '', -1100, 24, 0, NULL, NULL),
(2738, 22, 85, '2024-01-03', '2100', '', 250000, 24, 0, 3, 0x37),
(2739, 22, 85, '2024-01-03', '1067', '', -250000, 24, 0, NULL, NULL),
(2740, 22, 86, '2024-01-11', '2100', '', 200000, 24, 0, 3, 0x37),
(2741, 22, 86, '2024-01-11', '1067', '', -200000, 24, 0, NULL, NULL),
(2742, 22, 87, '2024-04-26', '2100', '', 100000, 0, 0, 3, 0x3132),
(2743, 22, 87, '2024-04-26', '1067', '', -100000, 0, 0, NULL, NULL),
(2744, 22, 88, '2024-01-25', '2100', '', 250000, 24, 0, 3, 0x37),
(2745, 22, 88, '2024-01-25', '1067', '', -250000, 24, 0, NULL, NULL),
(2746, 22, 89, '2024-01-27', '2100', '', 7000, 24, 0, 3, 0x3630),
(2747, 22, 89, '2024-01-27', '1067', '', -7000, 24, 0, NULL, NULL),
(2748, 22, 90, '2024-02-26', '2100', '', 200000, 24, 0, 3, 0x3538),
(2749, 22, 90, '2024-02-26', '1067', '', -200000, 24, 0, NULL, NULL),
(2750, 22, 91, '2024-02-26', '2100', '', 200000, 24, 0, 3, 0x3538),
(2751, 22, 91, '2024-02-26', '1067', '', -200000, 24, 0, NULL, NULL),
(2752, 22, 92, '2024-03-17', '2100', '', 3000, 24, 0, 3, 0x3630),
(2753, 22, 92, '2024-03-17', '1067', '', -3000, 24, 0, NULL, NULL),
(2754, 22, 93, '2024-04-03', '2100', '', 100000, 24, 0, 3, 0x37),
(2755, 22, 93, '2024-04-03', '1067', '', -100000, 24, 0, NULL, NULL),
(2756, 22, 94, '2024-04-19', '2100', '', 100000, 24, 0, 3, 0x37),
(2757, 22, 94, '2024-04-19', '1067', '', -100000, 24, 0, NULL, NULL),
(2758, 22, 95, '2024-03-11', '2100', '', 50000.6, 24, 0, 3, 0x3538),
(2759, 22, 95, '2024-03-11', '1067', '', -50000.6, 24, 0, NULL, NULL),
(2760, 22, 96, '2024-04-18', '2100', '', 55000, 24, 0, 3, 0x3538),
(2761, 22, 96, '2024-04-18', '1067', '', -55000, 24, 0, NULL, NULL),
(2762, 22, 97, '2024-04-19', '2100', '', 19738, 24, 0, 3, 0x3538),
(2763, 22, 97, '2024-04-19', '1067', '', -19738, 24, 0, NULL, NULL),
(2764, 22, 98, '2024-02-29', '2100', '', 14320, 24, 0, 3, 0x3232),
(2765, 22, 98, '2024-02-29', '1067', '', -14320, 24, 0, NULL, NULL),
(2766, 22, 99, '2024-02-28', '2100', '', 150000, 24, 0, 3, 0x37),
(2767, 22, 99, '2024-02-28', '1067', '', -150000, 24, 0, NULL, NULL),
(2768, 25, 75, '2024-02-28', '1510', '1005', 9999.9999, 0, 0, NULL, NULL),
(2769, 25, 75, '2024-02-28', '1510', '1004', 9999.9999, 0, 0, NULL, NULL),
(2770, 25, 75, '2024-02-28', '1550', '', -19999.9998, 0, 0, NULL, NULL),
(2771, 20, 71, '2024-04-26', '2100', '', -19999.9998, 24, 0, 3, 0x3132),
(2772, 20, 71, '2024-04-26', '1550', '', 9999.9999, 24, 0, NULL, NULL),
(2773, 20, 71, '2024-04-26', '1550', '', 9999.9999, 24, 0, NULL, NULL),
(2774, 22, 100, '2024-03-05', '2100', '', 90000, 24, 0, 3, 0x3132),
(2775, 22, 100, '2024-03-05', '1067', '', -90000, 24, 0, NULL, NULL),
(2776, 22, 101, '2024-04-02', '2100', '', 33999.9972, 24, 0, 3, 0x3132),
(2777, 22, 101, '2024-04-02', '1067', '', -33999.9972, 24, 0, NULL, NULL),
(2778, 25, 76, '2024-03-23', '1510', '1060', 39250, 0, 0, NULL, NULL),
(2779, 25, 76, '2024-03-23', '1510', '1060', 12125, 0, 0, NULL, NULL),
(2780, 25, 76, '2024-03-23', '1510', '1073', 46410, 0, 0, NULL, NULL),
(2781, 25, 76, '2024-03-23', '1510', '1073', 10260, 0, 0, NULL, NULL),
(2782, 25, 76, '2024-03-23', '1550', '', -108045, 0, 0, NULL, NULL),
(2783, 20, 72, '2024-04-26', '2100', '', -111000, 24, 0, 3, 0x3137),
(2784, 20, 72, '2024-04-26', '1550', '', 39250, 24, 0, NULL, NULL),
(2785, 20, 72, '2024-04-26', '1550', '', 12125, 24, 0, NULL, NULL),
(2786, 20, 72, '2024-04-26', '5010', '', 1200, 24, 0, NULL, NULL),
(2787, 20, 72, '2024-04-26', '1550', '', 46410, 24, 0, NULL, NULL),
(2788, 20, 72, '2024-04-26', '1550', '', 10260, 24, 0, NULL, NULL),
(2789, 20, 72, '2024-04-26', '5010', '', 1755, 24, 0, NULL, NULL),
(2790, 10, 2, '2024-04-29', '4010', '', -90000, 24, 0, NULL, NULL),
(2791, 10, 2, '2024-04-29', '1200', '', 90000, 24, 0, 2, 0x3133),
(2792, 12, 3, '2024-04-29', '1062', '', 90000, 24, 0, NULL, NULL),
(2793, 12, 3, '2024-04-29', '1200', '', -90100, 24, 0, 2, 0x3133),
(2794, 12, 3, '2024-04-29', '4500', '', 100, 24, 0, NULL, NULL),
(2795, 12, 4, '2024-04-29', '1067', '', 90000, 24, 0, NULL, NULL),
(2796, 12, 4, '2024-04-29', '1200', '', -90000, 24, 0, 2, 0x3133),
(2797, 25, 77, '2024-04-30', '1510', '1002', 11700, 0, 0, NULL, NULL),
(2798, 25, 77, '2024-04-30', '1550', '', -11700, 0, 0, NULL, NULL),
(2799, 20, 73, '2024-04-30', '2100', '', -11700, 24, 0, 3, 0x37),
(2800, 20, 73, '2024-04-30', '1550', '', 11700, 24, 0, NULL, NULL),
(2801, 22, 102, '2024-04-30', '2100', '', 11700, 0, 0, 3, 0x37),
(2802, 22, 102, '2024-04-30', '1067', '', -11700, 0, 0, NULL, NULL),
(2803, 25, 78, '2024-04-30', '1510', '1008', 11470000, 0, 0, NULL, NULL),
(2804, 25, 78, '2024-04-30', '1550', '', -11470000, 0, 0, NULL, NULL),
(2805, 20, 74, '2024-04-30', '2100', '', -11470000, 24, 0, 3, 0x3635),
(2806, 20, 74, '2024-04-30', '1550', '', 11470000, 24, 0, NULL, NULL),
(2807, 22, 103, '2024-04-30', '2100', '', 11470000, 24, 0, 3, 0x3635),
(2808, 22, 103, '2024-04-30', '1067', '', -11470000, 24, 0, NULL, NULL),
(2809, 25, 79, '2024-04-30', '1510', '1014', 2000, 0, 0, NULL, NULL),
(2810, 25, 79, '2024-04-30', '1550', '', -2000, 0, 0, NULL, NULL),
(2811, 20, 75, '2024-04-30', '2100', '', -2050, 24, 0, 3, 0x3635),
(2812, 20, 75, '2024-04-30', '5613', '', 50, 0, 0, NULL, NULL),
(2813, 20, 75, '2024-04-30', '1550', '', 2000, 24, 0, NULL, NULL),
(2814, 1, 125, '2024-04-30', '2101', '', 2000, 24, 0, NULL, NULL),
(2815, 1, 125, '2024-04-30', '1062', '', -2000, 24, 0, NULL, NULL),
(2816, 22, 104, '2024-04-30', '2100', '', 0, 0, 0, 3, 0x3634),
(2817, 22, 104, '2024-04-30', '1067', '', 0, 0, 0, NULL, NULL),
(2818, 22, 105, '2024-04-30', '2100', '', 9000, 26, 0, 3, 0x3634),
(2819, 22, 105, '2024-04-30', '1067', '', -9000, 26, 0, NULL, NULL),
(2820, 1, 126, '2024-04-30', '2100', '', 900, 26, 0, 3, 0x3631),
(2821, 1, 126, '2024-04-30', '1062', '', -900, 26, 0, NULL, NULL),
(2822, 25, 81, '2024-05-01', '1510', '1003', 4800, 0, 0, NULL, NULL),
(2823, 25, 81, '2024-05-01', '1550', '', -4800, 0, 0, NULL, NULL),
(2824, 20, 76, '2024-05-01', '2100', '', -4800, 26, 0, 3, 0x37),
(2825, 20, 76, '2024-05-01', '1550', '', 4800, 26, 0, NULL, NULL),
(2826, 25, 82, '2024-05-01', '1510', '1003', 400, 0, 0, NULL, NULL),
(2827, 25, 82, '2024-05-01', '1510', '1001', 250, 0, 0, NULL, NULL),
(2828, 25, 82, '2024-05-01', '1550', '', -650, 0, 0, NULL, NULL),
(2829, 20, 77, '2024-05-01', '2100', '', -650, 26, 0, 3, 0x37),
(2830, 20, 77, '2024-05-01', '1550', '', 250, 26, 0, NULL, NULL),
(2831, 20, 77, '2024-05-01', '1550', '', 400, 26, 0, NULL, NULL),
(2832, 22, 106, '2024-05-01', '2100', '', 650, 24, 0, 3, 0x37),
(2833, 22, 106, '2024-05-01', '1066', '', -650, 24, 0, NULL, NULL),
(2834, 25, 83, '2024-05-01', '1510', '1001', 250, 0, 0, NULL, NULL),
(2835, 25, 83, '2024-05-01', '1510', '1003', 800, 0, 0, NULL, NULL),
(2836, 25, 83, '2024-05-01', '1550', '', -1050, 0, 0, NULL, NULL),
(2837, 20, 78, '2024-05-01', '2100', '', -1050, 17, 0, 3, 0x37),
(2838, 20, 78, '2024-05-01', '1550', '', 250, 17, 0, NULL, NULL),
(2839, 20, 78, '2024-05-01', '1550', '', 800, 17, 0, NULL, NULL),
(2840, 22, 107, '2024-05-01', '2100', '', 1050, 26, 0, 3, 0x37),
(2841, 22, 107, '2024-05-01', '1067', '', -1050, 26, 0, NULL, NULL),
(2842, 22, 108, '2024-05-01', '2100', '', 4800, 24, 0, 3, 0x37),
(2843, 22, 108, '2024-05-01', '1063', '', -4800, 24, 0, NULL, NULL),
(2844, 25, 84, '2024-05-01', '1510', '1001', 500, 0, 0, NULL, NULL),
(2845, 25, 84, '2024-05-01', '1550', '', -500, 0, 0, NULL, NULL),
(2846, 20, 79, '2024-05-01', '2100', '', -500, 17, 0, 3, 0x3634),
(2847, 20, 79, '2024-05-01', '1550', '', 500, 17, 0, NULL, NULL),
(2848, 22, 109, '2024-05-01', '2100', '', 500, 19, 0, 3, 0x3634),
(2849, 22, 109, '2024-05-01', '1067', '', -500, 19, 0, NULL, NULL),
(2850, 25, 85, '2024-05-02', '1510', '1014', 350, 0, 0, NULL, NULL),
(2851, 25, 85, '2024-05-02', '1550', '', -350, 0, 0, NULL, NULL),
(2852, 20, 80, '2024-05-02', '2100', '', -350, 24, 0, 3, 0x37),
(2853, 20, 80, '2024-05-02', '1550', '', 350, 24, 0, NULL, NULL),
(2854, 25, 86, '2024-05-03', '1510', '1001', 2040, 0, 0, NULL, NULL),
(2855, 25, 86, '2024-05-03', '1550', '', -2040, 0, 0, NULL, NULL),
(2856, 20, 81, '2024-05-03', '2100', '', -2040, 26, 0, 3, 0x3130),
(2857, 20, 81, '2024-05-03', '1550', '', 2040, 26, 0, NULL, NULL),
(2858, 22, 110, '2024-05-03', '2100', '', 2040, 26, 0, 3, 0x3130),
(2859, 22, 110, '2024-05-03', '1065', '', -2040, 26, 0, NULL, NULL),
(2860, 25, 87, '2024-05-03', '1510', '1001', 4080, 0, 0, NULL, NULL),
(2861, 25, 87, '2024-05-03', '1550', '', -4080, 0, 0, NULL, NULL),
(2862, 25, 88, '2024-05-03', '1510', '1001', 4080, 0, 0, NULL, NULL),
(2863, 25, 88, '2024-05-03', '1550', '', -4080, 0, 0, NULL, NULL),
(2864, 25, 89, '2024-05-03', '1510', '1007', 50500, 0, 0, NULL, NULL),
(2865, 25, 89, '2024-05-03', '1550', '', -50500, 0, 0, NULL, NULL),
(2866, 20, 82, '2024-05-03', '2100', '', -50500, 26, 0, 3, 0x3139),
(2867, 20, 82, '2024-05-03', '1550', '', 50500, 26, 0, NULL, NULL),
(2868, 22, 111, '2024-05-03', '2100', '', 50500, 26, 0, 3, 0x3139),
(2869, 22, 111, '2024-05-03', '1061', '', -50500, 26, 0, NULL, NULL),
(2870, 25, 90, '2024-05-03', '1510', '1001', 250, 0, 0, NULL, NULL),
(2871, 25, 90, '2024-05-03', '1550', '', -250, 0, 0, NULL, NULL),
(2872, 20, 83, '2024-05-03', '2100', '', -250, 24, 0, 3, 0x37),
(2873, 20, 83, '2024-05-03', '1550', '', 250, 24, 0, NULL, NULL),
(2874, 25, 91, '2024-05-03', '1510', '1005', 99, 0, 0, NULL, NULL),
(2875, 25, 91, '2024-05-03', '1550', '', -99, 0, 0, NULL, NULL),
(2876, 20, 84, '2024-05-03', '2100', '', -99, 17, 0, 3, 0x3635),
(2877, 20, 84, '2024-05-03', '1550', '', 99, 17, 0, NULL, NULL),
(2878, 25, 92, '2024-05-03', '1510', '1001', 66, 0, 0, NULL, NULL),
(2879, 25, 92, '2024-05-03', '1550', '', -66, 0, 0, NULL, NULL),
(2880, 20, 85, '2024-05-03', '2100', '', -66, 24, 0, 3, 0x3635),
(2881, 20, 85, '2024-05-03', '1550', '', 66, 24, 0, NULL, NULL),
(2882, 25, 93, '2024-05-03', '1510', '1001', 77, 0, 0, NULL, NULL),
(2883, 25, 93, '2024-05-03', '1550', '', -77, 0, 0, NULL, NULL),
(2884, 20, 86, '2024-05-03', '2100', '', -77, 19, 0, 3, 0x3630),
(2885, 20, 86, '2024-05-03', '1550', '', 77, 19, 0, NULL, NULL),
(2886, 25, 94, '2024-05-05', '1510', '1004', 202, 0, 0, NULL, NULL),
(2887, 25, 94, '2024-05-05', '1550', '', -202, 0, 0, NULL, NULL),
(2888, 20, 87, '2024-05-05', '2100', '', -202, 19, 0, 3, 0x3630),
(2889, 20, 87, '2024-05-05', '1550', '', 202, 19, 0, NULL, NULL),
(2890, 12, 5, '2024-05-05', '1067', '', 15000, 24, 0, NULL, NULL),
(2891, 12, 5, '2024-05-05', '1200', '', -15000, 24, 0, 2, 0x3139),
(2892, 2, 110, '2024-05-05', '1200', '', -100000, 24, 0, 2, 0x36),
(2893, 2, 110, '2024-05-05', '1061', '', 100000, 24, 0, NULL, NULL),
(2894, 22, 112, '2024-05-05', '2100', '', 10000, 24, 0, 3, 0x3433),
(2895, 22, 112, '2024-05-05', '1061', '', -10000, 24, 0, NULL, NULL),
(2896, 1, 127, '2024-05-06', '1510', '', 111, 17, 0, NULL, NULL),
(2897, 1, 127, '2024-05-06', '1205', '', 21, 17, 0, NULL, NULL),
(2898, 1, 127, '2024-05-06', '1063', '', -132, 17, 0, NULL, NULL),
(2899, 1, 128, '2024-05-06', '1060', '', 232, 17, 0, NULL, NULL),
(2900, 1, 128, '2024-05-06', '1066', '', -232, 17, 0, NULL, NULL),
(2901, 1, 129, '2024-05-06', '1060', '', 100, 24, 0, NULL, NULL),
(2902, 1, 129, '2024-05-06', '1062', '', -100, 24, 0, NULL, NULL),
(2903, 1, 130, '2024-05-06', '2100', '', 2, 24, 0, 3, 0x3635),
(2904, 1, 130, '2024-05-06', '1062', '', -2, 24, 0, NULL, NULL),
(2905, 25, 95, '2024-05-06', '1510', '1001', 20400, 0, 0, NULL, NULL),
(2906, 25, 95, '2024-05-06', '1550', '', -20400, 0, 0, NULL, NULL),
(2907, 20, 88, '2024-05-06', '2100', '', -28560, 26, 0, 3, 0x3130),
(2908, 20, 88, '2024-05-06', '1550', '', 20400, 26, 0, NULL, NULL),
(2909, 20, 88, '2024-05-06', '1550', '', 4080, 26, 0, NULL, NULL),
(2910, 20, 88, '2024-05-06', '1550', '', 4080, 26, 0, NULL, NULL),
(2911, 22, 113, '2024-05-06', '2100', '', 40000, 0, 0, 3, 0x3130),
(2912, 22, 113, '2024-05-06', '1061', '', -40000, 0, 0, NULL, NULL),
(2913, 1, 131, '2024-05-06', '2100', 'test', 90000, 26, 0, 3, 0x3130),
(2914, 1, 131, '2024-05-06', '1062', '', -90000, 26, 0, NULL, NULL),
(2915, 22, 114, '2024-05-07', '2100', '', 1500, 19, 0, 3, 0x37),
(2916, 22, 114, '2024-05-07', '1066', '', -1500, 19, 0, NULL, NULL),
(2917, 1, 132, '2024-05-07', '1060', '', 43434, 17, 0, NULL, NULL),
(2918, 1, 132, '2024-05-07', '1062', '', -43434, 17, 0, NULL, NULL),
(2919, 2, 111, '2024-05-07', '1200', '', -3500000, 26, 0, 2, 0x3133),
(2920, 2, 111, '2024-05-07', '1061', 'test', 3500000, 26, 0, NULL, NULL),
(2921, 22, 115, '2024-05-07', '2100', '', 3761, 19, 0, 3, 0x3635),
(2922, 22, 115, '2024-05-07', '1066', '', -3761, 19, 0, NULL, NULL),
(2923, 22, 116, '2024-05-07', '2100', '', 300000, 19, 0, 3, 0x37),
(2924, 22, 116, '2024-05-07', '1066', '', -300000, 19, 0, NULL, NULL);

-- --------------------------------------------------------

--
-- Table structure for table `erp_replica_grn_batch`
--

CREATE TABLE `erp_replica_grn_batch` (
  `id` int(11) NOT NULL,
  `supplier_id` int(11) NOT NULL DEFAULT '0',
  `purch_order_no` int(11) DEFAULT NULL,
  `reference` varchar(60) COLLATE utf8_unicode_ci NOT NULL DEFAULT '',
  `delivery_date` date NOT NULL DEFAULT '0000-00-00',
  `loc_code` varchar(5) COLLATE utf8_unicode_ci DEFAULT NULL,
  `rate` double DEFAULT '1'
) ENGINE=InnoDB DEFAULT CHARSET=utf8 COLLATE=utf8_unicode_ci;

--
-- Dumping data for table `erp_replica_grn_batch`
--

INSERT INTO `erp_replica_grn_batch` (`id`, `supplier_id`, `purch_order_no`, `reference`, `delivery_date`, `loc_code`, `rate`) VALUES
(1, 10, 1, '001/2023	', '2022-06-11', '00001', 1),
(2, 30, 2, '002/2023	', '2022-09-22', '00001', 1),
(3, 30, 3, '003/2023	', '2022-09-29', '00001', 1),
(4, 54, 5, '004/2023	', '2022-11-07', '00001', 1),
(5, 21, 7, '005/2023	', '2022-09-20', '00001', 1),
(6, 21, 8, '006/2023	', '2022-11-13', '00001', 1),
(7, 21, 9, '007/2023	', '2022-11-15', '00001', 1),
(8, 21, 10, '008/2023	', '2022-11-17', '00001', 1),
(9, 21, 11, '009/2023	', '2023-01-08', '00001', 1),
(10, 21, 12, '010/2023	', '2023-03-17', '00001', 1),
(11, 21, 13, '011/2023	', '2023-04-12', '00001', 1),
(12, 21, 14, '012/2023	', '2023-06-17', '00001', 1),
(13, 15, 15, '013/2023	', '2023-06-07', '00001', 1),
(14, 12, 23, '014/2023	', '2023-05-11', '00001', 1),
(15, 12, 4, '015/2023	', '2022-09-25', '00001', 1),
(16, 12, 6, '016/2023	', '2022-10-16', '00001', 1),
(17, 12, 18, '017/2023	', '2022-11-11', '00001', 1),
(18, 12, 19, '018/2023	', '2022-12-13', '00001', 1),
(19, 12, 20, '019/2023	', '2023-01-08', '00001', 1),
(20, 12, 21, '020/2023	', '2023-02-09', '00001', 1),
(21, 12, 22, '021/2023	', '2023-03-03', '00001', 1),
(22, 22, 16, '022/2023	', '2023-01-25', '00001', 1),
(23, 22, 17, '023/2023	', '2023-03-30', '00001', 1),
(24, 22, 24, '024/2023	', '2023-07-12', '00001', 1),
(25, 12, 25, '025/2023	', '2023-07-30', '00001', 1),
(26, 12, 26, '026/2023	', '2023-08-03', '00001', 1),
(27, 23, 27, '027/2023	', '2023-03-31', '00001', 1),
(28, 8, 28, '028/2023	', '2022-12-25', '00001', 1),
(29, 7, 29, '029/2023	', '2022-09-26', '00001', 1),
(30, 7, 30, '030/2023	', '2023-01-05', '00001', 1),
(31, 7, 31, '031/2023	', '2022-12-22', '00001', 1),
(32, 7, 32, '032/2023	', '2023-01-05', '00001', 1),
(33, 7, 33, '033/2023	', '2023-01-12', '00002', 1),
(34, 12, 34, '034/2023	', '2022-12-22', '00002', 1),
(35, 13, 35, '035/2023	', '2023-03-08', '00002', 1),
(36, 21, 36, '036/2023	', '2023-03-15', '00002', 1),
(37, 21, 37, '037/2023	', '2023-04-13', '00002', 1),
(38, 22, 38, '038/2023	', '2023-05-22', '00002', 1),
(39, 55, 39, '039/2023	', '2023-05-16', '00002', 1),
(40, 56, 40, '040/2023	', '2023-11-07', '00002', 1),
(41, 15, 41, '041/2023	', '2023-07-01', '00002', 1),
(42, 57, 42, '042/2023	', '2023-11-22', '00002', 1),
(43, 58, 43, '043/2023	', '2023-11-22', '00002', 1),
(44, 36, 44, '044/2023	', '2023-11-10', '00002', 1),
(45, 15, 45, '045/2023	', '2023-09-13', '00001', 1),
(46, 15, 46, '046/2023	', '2023-07-22', '00001', 1),
(47, 11, 48, '047/2023	', '2023-06-30', '00003', 1),
(48, 17, 48, '001/2024	', '2024-01-10', '00002', 1),
(49, 7, 49, '002/2024	', '2023-11-11', '00002', 1),
(50, 15, 50, '003/2024	', '2023-12-11', '00002', 1),
(51, 56, 51, '004/2024	', '2023-12-28', '00002', 1),
(52, 7, 52, '005/2024	', '2022-12-24', '00001', 1),
(53, 12, 53, '006/2024	', '2023-11-03', '00002', 1),
(54, 58, 54, '007/2024	', '2023-12-26', '00002', 1),
(55, 36, 55, '008/2024	', '2024-02-18', '00002', 1),
(56, 59, 56, '009/2024	', '2023-01-14', '00003', 1),
(57, 7, 57, '010/2024	', '2024-02-25', '00006', 1),
(58, 7, 58, '011/2024	', '2024-03-11', '00006', 1),
(59, 12, 59, '012/2024	', '2024-01-09', '00006', 1),
(60, 12, 60, '013/2024	', '2024-02-19', '00006', 1),
(61, 60, 61, '014/2024	', '2024-01-27', '00006', 1),
(62, 60, 62, '015/2024	', '2024-03-17', '00006', 1),
(63, 22, 63, '016/2024	', '2024-02-22', '00006', 1),
(64, 58, 65, '017/2024	', '2024-02-19', '00006', 1),
(65, 58, 66, '018/2024	', '2024-02-26', '00006', 1),
(66, 58, 64, '019/2024	', '2024-04-23', '00006', 1),
(67, 58, 67, '020/2024	', '2024-03-03', '00001', 1),
(68, 58, 68, '021/2024	', '2024-03-08', '00006', 1),
(69, 58, 69, '022/2024	', '2024-03-20', '00001', 1),
(70, 61, 70, '023/2024	', '2024-03-15', '00006', 1),
(71, 62, 71, '024/2024	', '2024-01-30', '00006', 1),
(72, 63, 72, '025/2024	', '2024-03-20', '00003', 1),
(73, 64, 74, '026/2024	', '2024-01-01', '00001', 1),
(74, 65, 82, '027/2024	', '2024-03-04', '00001', 1),
(75, 12, 83, '028/2024	', '2024-02-28', '00006', 1),
(76, 17, 84, '029/2024	', '2024-03-23', '00001', 1),
(77, 7, 87, '030/2024	', '2024-04-30', '00006', 1),
(78, 65, 88, '031/2024	', '2024-04-30', '00006', 1),
(79, 65, 89, '032/2024	', '2024-04-30', '00006', 1),
(80, 64, 91, '033/2024	', '2024-04-30', '00001', 1),
(81, 7, 92, '034/2024	', '2024-05-01', '00005', 1),
(82, 7, 93, '0134/2024	', '2024-05-01', '00005', 1),
(83, 7, 94, '135/2024	', '2024-05-01', '00001', 1),
(84, 64, 95, '136/2024	', '2024-05-01', '00002', 1),
(85, 7, 96, '137/2024	', '2024-05-02', '00001', 1),
(86, 10, 97, '138/2024	', '2024-05-03', '00005', 1),
(87, 10, 98, '139/2024	', '2024-05-03', '00005', 1),
(88, 10, 100, '140/2024	', '2024-05-03', '00005', 1),
(89, 19, 101, '141/2024	', '2024-05-03', '00005', 1),
(90, 7, 102, '142/2024	', '2024-05-03', '00001', 1),
(91, 65, 103, '143/2024	', '2024-05-03', '00002', 1),
(92, 65, 104, '144/2024	', '2024-05-03', '00005', 1),
(93, 60, 105, '145/2024	', '2024-05-03', '00005', 1),
(94, 60, 107, '146/2024	', '2024-05-05', '00001', 1),
(95, 10, 109, '147/2024	', '2024-05-06', '00005', 1);

-- --------------------------------------------------------

--
-- Table structure for table `erp_replica_grn_items`
--

CREATE TABLE `erp_replica_grn_items` (
  `id` int(11) NOT NULL,
  `grn_batch_id` int(11) DEFAULT NULL,
  `po_detail_item` int(11) NOT NULL DEFAULT '0',
  `item_code` varchar(20) COLLATE utf8_unicode_ci NOT NULL DEFAULT '',
  `description` tinytext COLLATE utf8_unicode_ci,
  `qty_recd` double NOT NULL DEFAULT '0',
  `quantity_inv` double NOT NULL DEFAULT '0'
) ENGINE=InnoDB DEFAULT CHARSET=utf8 COLLATE=utf8_unicode_ci;

--
-- Dumping data for table `erp_replica_grn_items`
--

INSERT INTO `erp_replica_grn_items` (`id`, `grn_batch_id`, `po_detail_item`, `item_code`, `description`, `qty_recd`, `quantity_inv`) VALUES
(1, 1, 1, '1001', 'Steel', 10230, 10230),
(2, 2, 2, '1026', 'Chemcal Ultra Accelerator', 170, 170),
(3, 2, 3, '1024', 'Chemcal Ultra Powder', 150, 150),
(4, 2, 4, '1027', 'Delivery Charges', 1, 1),
(5, 3, 5, '1026', 'Chemcal Ultra Accelerator', 170, 170),
(6, 3, 6, '1024', 'Chemcal Ultra Powder', 150, 150),
(7, 3, 7, '1027', 'Delivery Charges', 1, 1),
(8, 4, 13, '1011', 'Bhalu Mitti', 8100, 8100),
(9, 5, 20, '1008', 'Block', 500, 500),
(10, 6, 21, '1008', 'Block', 600, 600),
(11, 7, 22, '1008', 'Block', 500, 500),
(12, 7, 25, '1008', 'Block', 500, 500),
(13, 7, 26, '1008', 'Block', 500, 500),
(14, 7, 27, '1008', 'Block', 500, 500),
(15, 7, 28, '1008', 'Block', 500, 500),
(16, 7, 29, '1008', 'Block', 250, 250),
(17, 7, 30, '1008', 'Block', 500, 500),
(18, 8, 31, '1008', 'Block', 500, 500),
(19, 8, 32, '1008', 'Block', 600, 600),
(20, 8, 33, '1008', 'Block', 500, 500),
(21, 8, 34, '1008', 'Block', 500, 500),
(22, 8, 35, '1008', 'Block', 500, 500),
(23, 8, 36, '1008', 'Block', 500, 500),
(24, 8, 37, '1008', 'Block', 500, 500),
(25, 8, 38, '1008', 'Block', 500, 500),
(26, 8, 39, '1008', 'Block', 500, 500),
(27, 9, 40, '1008', 'Block', 500, 500),
(28, 9, 41, '1008', 'Block', 600, 600),
(29, 9, 42, '1008', 'Block', 500, 500),
(30, 9, 43, '1008', 'Block', 1500, 1500),
(31, 9, 44, '1008', 'Block', 500, 500),
(32, 9, 45, '1008', 'Block', 500, 500),
(33, 9, 46, '1008', 'Block', 500, 500),
(34, 9, 47, '1029', 'Slab', 9, 9),
(35, 9, 48, '1028', 'Lenter', 24, 24),
(36, 9, 49, '1028', 'Lenter', 36, 36),
(37, 9, 50, '1008', 'Block', 500, 500),
(38, 9, 51, '1008', 'Block', 1000, 1000),
(39, 9, 52, '1008', 'Block', 1000, 1000),
(40, 9, 53, '1008', 'Block', 300, 300),
(41, 10, 54, '1008', 'Block', 500, 500),
(42, 10, 55, '1008', 'Block', 500, 500),
(43, 10, 56, '1008', 'Block', 350, 350),
(44, 10, 57, '1008', 'Block', 200, 200),
(45, 10, 58, '1008', 'Block', 1000, 1000),
(46, 10, 59, '1008', 'Block', 300, 300),
(47, 11, 60, '1008', 'Block', 500, 500),
(48, 11, 61, '1008', 'Block', 500, 500),
(49, 11, 62, '1008', 'Block', 500, 500),
(50, 11, 63, '1008', 'Block', 500, 500),
(51, 11, 64, '1028', 'Lenter', 36, 36),
(52, 11, 65, '1028', 'Lenter', 24, 24),
(53, 11, 66, '1008', 'Block', 500, 500),
(54, 11, 67, '1008', 'Block', 250, 250),
(55, 11, 68, '1008', 'Block', 250, 250),
(56, 11, 69, '1008', 'Block', 500, 500),
(57, 12, 70, '1008', 'Block', 500, 500),
(58, 12, 71, '1008', 'Block', 500, 500),
(59, 12, 72, '1008', 'Block', 500, 500),
(60, 13, 73, '1030', 'Hard ware Item', 1, 1),
(61, 13, 74, '1030', 'Hard ware Item', 1, 1),
(62, 13, 75, '1030', 'Hard ware Item', 1, 1),
(63, 13, 76, '1031', 'Shuttering Work Material', 1, 1),
(64, 13, 77, '1032', 'Electirc Fitting Multiple Item', 1, 1),
(65, 13, 78, '1033', 'Labour Tools', 1, 1),
(66, 13, 79, '1034', 'Plumbing Item', 1, 1),
(67, 13, 80, '1031', 'Shuttering Work Material', 1, 1),
(68, 13, 81, '1032', 'Electirc Fitting Multiple Item', 1, 1),
(69, 13, 82, '1034', 'Plumbing Item', 1, 1),
(70, 13, 83, '1031', 'Shuttering Work Material', 1, 1),
(71, 13, 84, '1034', 'Plumbing Item', 1, 1),
(72, 13, 85, '1030', 'Hard ware Item', 1, 1),
(73, 13, 86, '1032', 'Electirc Fitting Multiple Item', 1, 1),
(74, 13, 87, '1032', 'Electirc Fitting Multiple Item', 1, 1),
(75, 13, 88, '1032', 'Electirc Fitting Multiple Item', 1, 1),
(76, 13, 89, '1031', 'Shuttering Work Material', 1, 1),
(77, 13, 90, '1032', 'Electirc Fitting Multiple Item', 1, 1),
(78, 13, 91, '1030', 'Hard ware Item', 1, 1),
(79, 14, 115, '1004', 'Raiti', 500, 500),
(80, 14, 116, '1005', 'Mix', 1000, 1000),
(81, 14, 117, '1006', 'Crush', 1000, 1000),
(82, 14, 118, '1005', 'Mix', 1000, 1000),
(83, 14, 119, '1004', 'Raiti', 500, 500),
(84, 15, 8, '1010', 'Rori', 350, 350),
(85, 15, 9, '1005', 'Mix', 350, 350),
(86, 15, 10, '1005', 'Mix', 500, 500),
(87, 15, 11, '1006', 'Crush', 500, 500),
(88, 15, 12, '1004', 'Raiti', 350, 350),
(89, 16, 14, '1006', 'Crush', 350, 350),
(90, 16, 15, '1005', 'Mix', 500, 500),
(91, 16, 16, '1001', 'Steel', 1000, 1000),
(92, 16, 17, '1006', 'Crush', 350, 350),
(93, 16, 18, '1010', 'Rori', 350, 350),
(94, 16, 19, '1001', 'Steel', 500, 500),
(95, 17, 95, '1005', 'Mix', 350, 350),
(96, 17, 96, '1005', 'Mix', 350, 350),
(97, 17, 97, '1004', 'Raiti', 350, 350),
(98, 17, 98, '1004', 'Raiti', 350, 350),
(99, 18, 99, '1005', 'Mix', 500, 500),
(100, 18, 100, '1006', 'Crush', 500, 500),
(101, 18, 101, '1006', 'Crush', 500, 500),
(102, 18, 102, '1005', 'Mix', 1000, 1000),
(103, 18, 103, '1005', 'Mix', 350, 350),
(104, 18, 104, '1005', 'Mix', 150, 150),
(105, 19, 105, '1004', 'Raiti', 500, 500),
(106, 19, 106, '1006', 'Crush', 500, 500),
(107, 19, 107, '1004', 'Raiti', 500, 500),
(108, 19, 108, '1004', 'Raiti', 350, 350),
(109, 19, 109, '1005', 'Mix', 500, 500),
(110, 20, 110, '1004', 'Raiti', 350, 350),
(111, 21, 111, '1006', 'Crush', 500, 500),
(112, 21, 112, '1006', 'Crush', 500, 500),
(113, 21, 113, '1004', 'Raiti', 500, 500),
(114, 21, 114, '1005', 'Mix', 500, 500),
(115, 22, 92, '1013', 'Chokhat', 292, 292),
(116, 23, 93, '1013', 'Chokhat', 305, 305),
(117, 23, 94, '1027', 'Delivery Charges', 1, 1),
(118, 24, 120, '1013', 'Chokhat', 302, 302),
(119, 24, 121, '1027', 'Delivery Charges', 1, 1),
(120, 25, 122, '1004', 'Raiti', 500, 500),
(121, 25, 123, '1005', 'Mix', 500, 500),
(122, 25, 124, '1004', 'Raiti', 500, 500),
(123, 25, 125, '1004', 'Raiti', 500, 500),
(124, 25, 126, '1005', 'Mix', 500, 500),
(125, 25, 127, '1004', 'Raiti', 500, 500),
(126, 26, 128, '1004', 'Raiti', 500, 500),
(127, 26, 129, '1005', 'Mix', 500, 500),
(128, 26, 130, '1005', 'Mix', 500, 500),
(129, 26, 131, '1005', 'Mix', 500, 500),
(130, 26, 132, '1004', 'Raiti', 500, 500),
(131, 27, 133, '1035', 'Color Material', 10, 10),
(132, 27, 134, '1035', 'Color Material', 10, 10),
(133, 28, 135, '1003', 'Binding Wire', 20, 20),
(134, 28, 136, '1001', 'Steel', 9, 9),
(135, 29, 137, '1002', 'Cement', 25, 25),
(136, 29, 138, '1002', 'Cement', 100, 100),
(137, 29, 139, '1003', 'Binding Wire', 10, 10),
(138, 29, 140, '1002', 'Cement', 50, 50),
(139, 29, 141, '1002', 'Cement', 25, 25),
(140, 29, 142, '1002', 'Cement', 25, 25),
(141, 29, 143, '1003', 'Binding Wire', 20, 20),
(142, 29, 144, '1001', 'Steel', 511, 511),
(143, 29, 145, '1002', 'Cement', 100, 100),
(144, 29, 146, '1027', 'Delivery Charges', 1, 1),
(145, 29, 147, '1002', 'Cement', 40, 40),
(146, 29, 148, '1002', 'Cement', 50, 50),
(147, 29, 149, '1002', 'Cement', 25, 25),
(148, 29, 150, '1002', 'Cement', 100, 100),
(149, 29, 151, '1001', 'Steel', 1007, 1007),
(150, 29, 152, '1001', 'Steel', 602, 602),
(151, 29, 153, '1001', 'Steel', 590, 590),
(152, 29, 154, '1001', 'Steel', 240, 240),
(153, 29, 155, '1001', 'Steel', 3219, 3219),
(154, 29, 156, '1027', 'Delivery Charges', 1, 1),
(155, 29, 157, '1001', 'Steel', 478, 478),
(156, 29, 158, '1027', 'Delivery Charges', 1, 1),
(157, 29, 159, '1003', 'Binding Wire', 4, 4),
(158, 29, 160, '1027', 'Delivery Charges', 1, 1),
(159, 29, 161, '1001', 'Steel', 236, 236),
(160, 29, 162, '1001', 'Steel', 204, 204),
(161, 29, 163, '1027', 'Delivery Charges', 1, 1),
(162, 29, 164, '1002', 'Cement', 400, 400),
(163, 30, 165, '1002', 'Cement', 20, 20),
(164, 30, 166, '1002', 'Cement', 60, 60),
(165, 30, 167, '1001', 'Steel', 1258, 1258),
(166, 30, 168, '1001', 'Steel', 1204, 1204),
(167, 30, 169, '1001', 'Steel', 2141, 2141),
(168, 30, 170, '1001', 'Steel', 1293, 1293),
(169, 30, 171, '1001', 'Steel', 480, 480),
(170, 30, 172, '1027', 'Delivery Charges', 1, 1),
(171, 30, 173, '1003', 'Binding Wire', 10, 10),
(172, 30, 174, '1002', 'Cement', 120, 120),
(173, 30, 175, '1002', 'Cement', 30, 30),
(174, 30, 176, '1002', 'Cement', 25, 25),
(175, 30, 177, '1002', 'Cement', 25, 25),
(176, 30, 178, '1003', 'Binding Wire', 20, 20),
(177, 30, 179, '1003', 'Binding Wire', 20, 20),
(178, 30, 180, '1003', 'Binding Wire', 20, 20),
(179, 30, 181, '1002', 'Cement', 500, 500),
(180, 30, 182, '1001', 'Steel', 148, 148),
(181, 30, 183, '1027', 'Delivery Charges', 1, 1),
(182, 30, 184, '1002', 'Cement', 25, 25),
(183, 31, 185, '1002', 'Cement', 25, 25),
(184, 31, 186, '1001', 'Steel', 1295, 1295),
(185, 31, 187, '1001', 'Steel', 178, 178),
(186, 31, 188, '1003', 'Binding Wire', 10, 10),
(187, 31, 189, '1027', 'Delivery Charges', 1, 1),
(188, 31, 190, '1002', 'Cement', 25, 25),
(189, 32, 191, '1002', 'Cement', 10, 10),
(190, 32, 192, '1002', 'Cement', 10, 10),
(191, 32, 193, '1027', 'Delivery Charges', 1, 1),
(192, 32, 194, '1003', 'Binding Wire', 10, 10),
(193, 32, 195, '1002', 'Cement', 100, 100),
(194, 32, 196, '1003', 'Binding Wire', 8, 8),
(195, 32, 197, '1001', 'Steel', 144, 144),
(196, 32, 198, '1001', 'Steel', 495, 495),
(197, 32, 199, '1027', 'Delivery Charges', 1, 1),
(198, 32, 200, '1001', 'Steel', 690, 690),
(199, 32, 201, '1027', 'Delivery Charges', 18, 18),
(200, 32, 202, '1027', 'Delivery Charges', 1, 1),
(201, 32, 203, '1001', 'Steel', 39, 39),
(202, 32, 204, '1001', 'Steel', 143, 143),
(203, 32, 205, '1027', 'Delivery Charges', 1, 1),
(204, 32, 206, '1002', 'Cement', 200, 200),
(205, 32, 207, '1001', 'Steel', 64, 64),
(206, 32, 208, '1002', 'Cement', 40, 40),
(207, 32, 209, '1002', 'Cement', 25, 25),
(208, 32, 210, '1002', 'Cement', 25, 25),
(209, 32, 211, '1002', 'Cement', 25, 25),
(210, 32, 212, '1002', 'Cement', 10, 10),
(211, 32, 213, '1001', 'Steel', 77, 77),
(212, 32, 214, '1001', 'Steel', 149, 149),
(213, 32, 215, '1027', 'Delivery Charges', 1, 1),
(214, 33, 216, '1001', 'Steel', 590.5, 590.5),
(215, 33, 217, '1001', 'Steel', 706.5, 706.5),
(216, 33, 218, '1001', 'Steel', 1803.5, 1803.5),
(217, 33, 219, '1001', 'Steel', 54.5, 54.5),
(218, 34, 220, '1004', 'Raiti', 350, 350),
(219, 34, 221, '1006', 'Crush', 350, 350),
(220, 34, 222, '1005', 'Mix', 500, 500),
(221, 34, 223, '1005', 'Mix', 350, 350),
(222, 34, 224, '1001', 'Steel', 80, 80),
(223, 34, 225, '1011', 'Bhalu Mitti', 500, 500),
(224, 34, 226, '1005', 'Mix', 350, 350),
(225, 34, 227, '1004', 'Raiti', 500, 500),
(226, 34, 228, '1006', 'Crush', 350, 350),
(227, 34, 229, '1005', 'Mix', 350, 350),
(228, 34, 230, '1001', 'Steel', 1000, 1000),
(229, 34, 231, '1006', 'Crush', 350, 350),
(230, 34, 232, '1011', 'Bhalu Mitti', 500, 500),
(231, 34, 233, '1004', 'Raiti', 500, 500),
(232, 34, 234, '1004', 'Raiti', 350, 350),
(233, 35, 235, '1011', 'Bhalu Mitti', 2000, 2000),
(234, 36, 236, '1008', 'Block', 500, 500),
(235, 36, 237, '1008', 'Block', 500, 500),
(236, 36, 238, '1008', 'Block', 200, 200),
(237, 36, 239, '1008', 'Block', 300, 300),
(238, 36, 240, '1008', 'Block', 500, 500),
(239, 36, 241, '1008', 'Block', 500, 500),
(240, 36, 242, '1008', 'Block', 500, 500),
(241, 36, 243, '1028', 'Lenter', 8, 8),
(242, 36, 244, '1028', 'Lenter', 5, 5),
(243, 36, 245, '1028', 'Lenter', 16, 16),
(244, 36, 246, '1028', 'Lenter', 6, 6),
(245, 36, 247, '1037', 'Ventilator', 4, 4),
(246, 36, 248, '1008', 'Block', 500, 500),
(247, 36, 249, '1008', 'Block', 500, 500),
(248, 36, 250, '1008', 'Block', 200, 200),
(249, 37, 251, '1008', 'Block', 500, 500),
(250, 37, 252, '1008', 'Block', 185, 185),
(251, 37, 253, '1008', 'Block', 15, 15),
(252, 38, 254, '1013', 'Chokhat', 188, 188),
(253, 39, 255, '1038', 'Cable Coil 3/29 1.5 mm', 8, 8),
(254, 39, 256, '1039', 'Cable Coil 7/29 2.5 mm', 5, 5),
(255, 39, 257, '1041', 'Cable Coil 7/36 4 mm', 2, 2),
(256, 39, 258, '1042', 'Cable Coil 7/44 6 mm', 1, 1),
(257, 39, 259, '1038', 'Cable Coil 3/29 1.5 mm', 8, 8),
(258, 40, 260, '1036', 'Color in Drums', 3, 3),
(259, 40, 261, '1045', 'Color Tools', 1, 1),
(260, 40, 262, '1036', 'Color in Drums', 4, 4),
(261, 40, 263, '1045', 'Color Tools', 2, 2),
(262, 40, 264, '1045', 'Color Tools', 1, 1),
(263, 40, 265, '1036', 'Color in Drums', 4, 4),
(264, 40, 266, '1036', 'Color in Drums', 1, 1),
(265, 40, 267, '1045', 'Color Tools', 1, 1),
(266, 40, 268, '1045', 'Color Tools', 12, 12),
(267, 40, 269, '1036', 'Color in Drums', 1, 1),
(268, 40, 270, '1040', 'Color Mixing Oil', 1, 1),
(269, 40, 271, '1045', 'Color Tools', 2, 2),
(270, 40, 272, '1045', 'Color Tools', 2, 2),
(271, 40, 273, '1045', 'Color Tools', 1, 1),
(272, 40, 274, '1036', 'Color in Drums', 1, 1),
(273, 40, 275, '1045', 'Color Tools', 1, 1),
(274, 40, 276, '1045', 'Color Tools', 1, 1),
(275, 40, 277, '1035', 'Color in Gallon', 1, 1),
(276, 40, 278, '1044', 'Color in Quarter', 1, 1),
(277, 40, 279, '1045', 'Color Tools', 1, 1),
(278, 41, 280, '1030', 'Hard ware Item', 1, 1),
(279, 41, 281, '1030', 'Hard ware Item', 1, 1),
(280, 41, 282, '1034', 'Plumbing Item', 1, 1),
(281, 41, 283, '1031', 'Shuttering Work Material', 1, 1),
(282, 41, 284, '1032', 'Electirc Fitting Multiple Item', 1, 1),
(283, 41, 285, '1030', 'Hard ware Item', 1, 1),
(284, 41, 286, '1032', 'Electirc Fitting Multiple Item', 1, 1),
(285, 42, 287, '1007', 'Stones for Elevation', 5, 5),
(286, 42, 288, '1007', 'Stones for Elevation', 35, 35),
(287, 42, 289, '1007', 'Stones for Elevation', 20, 20),
(288, 43, 290, '1046', 'Bathroom Tile', 36, 36),
(289, 43, 291, '1046', 'Bathroom Tile', 15.84, 15.84),
(290, 43, 292, '1021', 'WC', 2, 2),
(291, 44, 293, '1049', 'Iron Gate', 1, 1),
(292, 44, 294, '1027', 'Delivery Charges', 1, 1),
(293, 45, 295, '1030', 'Hard ware Item', 1, 1),
(294, 46, 296, '1030', 'Hard ware Item', 1, 1),
(295, 46, 297, '1034', 'Plumbing Item', 1, 1),
(296, 46, 298, '1034', 'Plumbing Item', 1, 1),
(297, 46, 299, '1034', 'Plumbing Item', 1, 1),
(298, 46, 300, '1034', 'Plumbing Item', 1, 1),
(299, 46, 301, '1034', 'Plumbing Item', 1, 1),
(300, 46, 302, '1034', 'Plumbing Item', 1, 1),
(301, 46, 303, '1034', 'Plumbing Item', 1, 1),
(302, 46, 304, '1034', 'Plumbing Item', 1, 1),
(303, 46, 305, '1034', 'Plumbing Item', 1, 1),
(304, 46, 306, '1034', 'Plumbing Item', 1, 1),
(305, 46, 307, '1034', 'Plumbing Item', 1, 1),
(306, 46, 308, '1034', 'Plumbing Item', 1, 1),
(307, 46, 309, '1034', 'Plumbing Item', 1, 1),
(308, 46, 310, '1034', 'Plumbing Item', 1, 1),
(309, 46, 311, '1034', 'Plumbing Item', 1, 1),
(310, 46, 312, '1030', 'Hard ware Item', 1, 1),
(311, 46, 313, '1034', 'Plumbing Item', 1, 1),
(312, 46, 314, '1030', 'Hard ware Item', 1, 1),
(313, 46, 315, '1034', 'Plumbing Item', 1, 1),
(314, 46, 316, '1030', 'Hard ware Item', 1, 1),
(315, 46, 317, '1034', 'Plumbing Item', 1, 1),
(316, 46, 318, '1034', 'Plumbing Item', 1, 1),
(317, 46, 319, '1030', 'Hard ware Item', 1, 1),
(318, 46, 320, '1034', 'Plumbing Item', 1, 1),
(319, 46, 321, '1034', 'Plumbing Item', 1, 1),
(320, 46, 322, '1034', 'Plumbing Item', 1, 1),
(321, 46, 323, '1032', 'Electirc Fitting Multiple Item', 1, 1),
(322, 46, 324, '1034', 'Plumbing Item', 1, 1),
(323, 46, 325, '1030', 'Hard ware Item', 1, 1),
(324, 47, 328, '1001', 'Steel', 0, 0),
(325, 48, 328, '1060', 'Kitchen Top', 1, 1),
(326, 49, 329, '1002', 'Cement', 10, 10),
(327, 49, 330, '1002', 'Cement', 5, 5),
(328, 49, 331, '1002', 'Cement', 2, 2),
(329, 49, 332, '1025', 'Bond', 15, 15),
(330, 49, 333, '1002', 'Cement', 15, 15),
(331, 49, 334, '1002', 'Cement', 25, 25),
(332, 49, 335, '1002', 'Cement', 25, 25),
(333, 49, 336, '1002', 'Cement', 15, 15),
(334, 49, 337, '1002', 'Cement', 15, 15),
(335, 49, 338, '1002', 'Cement', 1, 1),
(336, 49, 339, '1002', 'Cement', 1, 1),
(337, 49, 340, '1025', 'Bond', 1, 1),
(338, 49, 341, '1002', 'Cement', 1, 1),
(339, 50, 342, '1030', 'Hard ware Item', 1, 1),
(340, 51, 343, '1036', 'Color in Drums', 1, 1),
(341, 51, 344, '1044', 'Color in Quarter', 2, 2),
(342, 51, 345, '1045', 'Color Tools', 1, 1),
(343, 52, 346, '1027', 'Delivery Charges', 1, 1),
(344, 53, 347, '1004', 'Raiti', 350, 350),
(345, 53, 348, '1005', 'Mix', 500, 500),
(346, 54, 349, '1023', 'Floor Tiles', 1, 1),
(347, 55, 350, '1048', 'Iron Grill', 1, 1),
(348, 56, 351, '1011', 'Bhalu Mitti', 3, 3),
(349, 57, 352, '1002', 'Cement', 5, 5),
(350, 57, 353, '1002', 'Cement', 5, 5),
(351, 57, 354, '1001', 'Steel', 102, 102),
(352, 57, 355, '1001', 'Steel', 282, 282),
(353, 57, 356, '1027', 'Delivery Charges', 1, 1),
(354, 57, 357, '1002', 'Cement', 15, 15),
(355, 57, 358, '1027', 'Delivery Charges', 1, 1),
(356, 57, 359, '1002', 'Cement', 50, 50),
(357, 57, 360, '1001', 'Steel', 444, 444),
(358, 57, 361, '1001', 'Steel', 849, 849),
(359, 57, 362, '1002', 'Cement', 50, 50),
(360, 57, 363, '1002', 'Cement', 25, 25),
(361, 57, 364, '1027', 'Delivery Charges', 1, 1),
(362, 57, 365, '1001', 'Steel', 301, 301),
(363, 57, 366, '1001', 'Steel', 143, 143),
(364, 57, 367, '1001', 'Steel', 96, 96),
(365, 57, 368, '1002', 'Cement', 50, 50),
(366, 57, 369, '1002', 'Cement', 1, 1),
(367, 57, 370, '1002', 'Cement', 50, 50),
(368, 57, 371, '1002', 'Cement', 50, 50),
(369, 57, 372, '1002', 'Cement', 35, 35),
(370, 57, 373, '1002', 'Cement', 5, 5),
(371, 57, 374, '1002', 'Cement', 2, 2),
(372, 57, 375, '1027', 'Delivery Charges', 1, 1),
(373, 58, 376, '1002', 'Cement', 35, 35),
(374, 58, 377, '1027', 'Delivery Charges', 1, 1),
(375, 58, 378, '1027', 'Delivery Charges', 1, 1),
(376, 58, 379, '1002', 'Cement', 15, 15),
(377, 59, 380, '1005', 'Mix', 150, 150),
(378, 59, 381, '1006', 'Crush', 150, 150),
(379, 59, 382, '1005', 'Mix', 150, 150),
(380, 59, 383, '1005', 'Mix', 150, 150),
(381, 59, 384, '1005', 'Mix', 150, 150),
(382, 59, 385, '1006', 'Crush', 150, 150),
(383, 60, 386, '1004', 'Raiti', 150, 150),
(384, 60, 387, '1005', 'Mix', 150, 150),
(385, 60, 388, '1004', 'Raiti', 150, 150),
(386, 60, 389, '1004', 'Raiti', 150, 150),
(387, 60, 390, '1005', 'Mix', 150, 150),
(388, 60, 391, '1005', 'Mix', 150, 150),
(389, 60, 392, '1005', 'Mix', 150, 150),
(390, 60, 393, '1006', 'Crush', 125, 125),
(391, 60, 394, '1004', 'Raiti', 150, 150),
(392, 60, 395, '1005', 'Mix', 150, 150),
(393, 60, 396, '1004', 'Raiti', 150, 150),
(394, 60, 397, '1005', 'Mix', 150, 150),
(395, 60, 398, '1004', 'Raiti', 150, 150),
(396, 60, 399, '1004', 'Raiti', 150, 150),
(397, 61, 400, '1006', 'Crush', 100, 100),
(398, 62, 401, '1005', 'Mix', 50, 50),
(399, 63, 402, '1013', 'Chokhat', 52, 52),
(400, 63, 403, '1027', 'Delivery Charges', 1, 1),
(401, 64, 406, '1023', 'Floor Tiles', 123.84, 123.84),
(402, 64, 407, '1046', 'Bathroom Tile', 24.48, 24.48),
(403, 64, 408, '1046', 'Bathroom Tile', 14.4, 14.4),
(404, 64, 409, '1046', 'Bathroom Tile', 5.76, 5.76),
(405, 64, 410, '1046', 'Bathroom Tile', 25.92, 25.92),
(406, 64, 411, '1046', 'Bathroom Tile', 7.2, 7.2),
(407, 64, 412, '1025', 'Bond', 50, 50),
(408, 64, 413, '1070', 'Spacer', 2, 2),
(409, 64, 414, '1025', 'Bond', 2, 2),
(410, 64, 415, '1027', 'Delivery Charges', 1, 1),
(411, 65, 416, '1046', 'Bathroom Tile', 1, 1),
(412, 65, 417, '1046', 'Bathroom Tile', 1, 1),
(413, 66, 404, '1023', 'Floor Tiles', 9.72, 9.72),
(414, 66, 405, '1025', 'Bond', 4, 4),
(415, 67, 418, '1046', 'Bathroom Tile', 1, 1),
(416, 68, 419, '1071', 'Tile Riser', 114, 114),
(417, 69, 420, '1046', 'Bathroom Tile', 1, 1),
(418, 70, 421, '1047', 'Kitchen Tile', 10.5, 10.5),
(419, 71, 422, '1073', 'Marble', 250, 250),
(420, 71, 423, '1061', 'Pillar', 1, 1),
(421, 71, 424, '1063', 'Tile &amp; Marble Cutting Charges', 20, 20),
(422, 71, 425, '1073', 'Marble', 250, 250),
(423, 71, 426, '1027', 'Delivery Charges', 1, 1),
(424, 72, 427, '1080', 'Aluminum Door', 3, 3),
(425, 72, 428, '1081', 'Aluminum Window', 27.5, 27.5),
(426, 72, 429, '1081', 'Aluminum Window', 26, 26),
(427, 72, 430, '1027', 'Delivery Charges', 1, 1),
(428, 72, 431, '1081', 'Aluminum Window', 1, 1),
(429, 73, 433, '1075', 'Plinth Chemical', 1, 1),
(430, 74, 441, '1008', 'Block', 1, 1),
(431, 75, 442, '1005', 'Mix', 150, 150),
(432, 75, 443, '1004', 'Raiti', 150, 150),
(433, 76, 444, '1060', 'Kitchen Top', 1, 1),
(434, 76, 445, '1060', 'Kitchen Top', 1, 1),
(435, 76, 446, '1027', 'Delivery Charges', 1, 1),
(436, 76, 447, '1073', 'Marble', 1, 1),
(437, 76, 448, '1073', 'Marble', 1, 1),
(438, 76, 449, '1027', 'Delivery Charges', 1, 1),
(439, 77, 452, '1002', 'Cement', 10, 10),
(440, 78, 453, '1008', 'Block', 100, 100),
(441, 79, 454, '1014', 'keel', 200, 200),
(442, 80, 456, '3123', 'service', 1, 0),
(443, 81, 457, '1003', 'Binding Wire', 12, 12),
(444, 82, 458, '1003', 'Binding Wire', 1, 1),
(445, 82, 459, '1001', 'Steel', 1, 1),
(446, 83, 460, '1001', 'Steel', 1, 1),
(447, 83, 461, '1003', 'Binding Wire', 2, 2),
(448, 84, 462, '1001', 'Steel', 1, 1),
(449, 85, 463, '1014', 'keel', 2, 2),
(450, 86, 464, '1001', 'Steel', 10, 10),
(451, 87, 465, '1001', 'Steel', 20, 20),
(452, 88, 467, '1001', 'Steel', 20, 20),
(453, 89, 468, '1007', 'Stones for Elevation', 101, 101),
(454, 90, 469, '1001', 'Steel', 1, 1),
(455, 91, 470, '1005', 'Mix', 1, 1),
(456, 92, 471, '1001', 'Steel', 1, 1),
(457, 93, 472, '1001', 'Steel', 1, 1),
(458, 94, 474, '1004', 'Raiti', 2, 2),
(459, 95, 476, '1001', 'Steel', 100, 100);

-- --------------------------------------------------------

--
-- Table structure for table `erp_replica_groups`
--

CREATE TABLE `erp_replica_groups` (
  `id` smallint(5) UNSIGNED NOT NULL,
  `description` varchar(60) COLLATE utf8_unicode_ci NOT NULL DEFAULT '',
  `inactive` tinyint(1) NOT NULL DEFAULT '0'
) ENGINE=InnoDB DEFAULT CHARSET=utf8 COLLATE=utf8_unicode_ci;

-- --------------------------------------------------------

--
-- Table structure for table `erp_replica_inquiry`
--

CREATE TABLE `erp_replica_inquiry` (
  `inquiry_id` int(11) NOT NULL,
  `name` varchar(60) NOT NULL,
  `companyname` varchar(60) DEFAULT NULL,
  `mobilenumber` varchar(60) NOT NULL,
  `telephone1` varchar(60) DEFAULT NULL,
  `telephone2` varchar(60) DEFAULT NULL,
  `faxnumber` varchar(60) DEFAULT NULL,
  `email1` varchar(60) DEFAULT NULL,
  `email2` varchar(60) DEFAULT NULL,
  `address` text,
  `notes` text,
  `inactive` tinyint(1) NOT NULL DEFAULT '0'
) ENGINE=InnoDB DEFAULT CHARSET=utf8mb4;

-- --------------------------------------------------------

--
-- Table structure for table `erp_replica_investor`
--

CREATE TABLE `erp_replica_investor` (
  `id` int(11) NOT NULL,
  `firstName` varchar(255) COLLATE utf8_unicode_ci NOT NULL,
  `lastName` varchar(255) COLLATE utf8_unicode_ci NOT NULL,
  `cnic` varchar(255) COLLATE utf8_unicode_ci NOT NULL,
  `contact` varchar(255) COLLATE utf8_unicode_ci NOT NULL,
  `projectID` int(11) NOT NULL,
  `email` varchar(255) COLLATE utf8_unicode_ci NOT NULL,
  `address` tinytext COLLATE utf8_unicode_ci NOT NULL,
  `investingAmount` int(11) NOT NULL,
  `investingPercentage` decimal(10,2) NOT NULL,
  `inactive` tinyint(4) NOT NULL DEFAULT '0',
  `dateCreated` datetime NOT NULL DEFAULT CURRENT_TIMESTAMP,
  `dateUpdated` datetime NOT NULL DEFAULT CURRENT_TIMESTAMP ON UPDATE CURRENT_TIMESTAMP
) ENGINE=InnoDB DEFAULT CHARSET=utf8 COLLATE=utf8_unicode_ci;

-- --------------------------------------------------------

--
-- Table structure for table `erp_replica_item_codes`
--

CREATE TABLE `erp_replica_item_codes` (
  `id` int(10) UNSIGNED NOT NULL,
  `item_code` varchar(20) COLLATE utf8_unicode_ci NOT NULL,
  `stock_id` varchar(20) COLLATE utf8_unicode_ci NOT NULL,
  `description` varchar(200) COLLATE utf8_unicode_ci NOT NULL DEFAULT '',
  `category_id` smallint(5) UNSIGNED NOT NULL,
  `quantity` double NOT NULL DEFAULT '1',
  `is_foreign` tinyint(1) NOT NULL DEFAULT '0',
  `inactive` tinyint(1) NOT NULL DEFAULT '0'
) ENGINE=InnoDB DEFAULT CHARSET=utf8 COLLATE=utf8_unicode_ci;

--
-- Dumping data for table `erp_replica_item_codes`
--

INSERT INTO `erp_replica_item_codes` (`id`, `item_code`, `stock_id`, `description`, `category_id`, `quantity`, `is_foreign`, `inactive`) VALUES
(15, '1001', '1001', 'Steel', 5, 1, 0, 0),
(16, '1002', '1002', 'Cement', 5, 1, 0, 0),
(17, '1003', '1003', 'Binding Wire', 5, 1, 0, 0),
(18, '1004', '1004', 'Raiti', 5, 1, 0, 0),
(19, '1005', '1005', 'Mix', 5, 1, 0, 0),
(20, '1006', '1006', 'Crush', 5, 1, 0, 0),
(21, '1007', '1007', 'Stones for Elevation', 5, 1, 0, 0),
(22, '1008', '1008', 'Block', 5, 1, 0, 0),
(23, '1009', '1009', 'Shutering wood', 5, 1, 0, 0),
(24, '1010', '1010', 'Rori', 5, 1, 0, 0),
(25, '1011', '1011', 'Bhalu Mitti', 5, 1, 0, 0),
(26, '1012', '1012', 'Electric condiute', 5, 1, 0, 0),
(27, '1013', '1013', 'Chokhat', 5, 1, 0, 0),
(28, '1014', '1014', 'keel', 5, 1, 0, 0),
(29, '1015', '1015', 'Patri', 5, 1, 0, 0),
(30, '1016', '1016', 'Elevator', 5, 1, 0, 0),
(31, '1017', '1017', 'Shower Tap', 5, 1, 0, 0),
(32, '1018', '1018', 'Vanity', 5, 1, 0, 0),
(33, '1019', '1019', 'Basin', 5, 1, 0, 0),
(34, '1020', '1020', 'Commode', 5, 1, 0, 0),
(35, '1021', '1021', 'WC', 5, 1, 0, 0),
(36, '1022', '1022', 'Sink Mixer', 5, 1, 0, 0),
(37, '1023', '1023', 'Floor Tiles', 5, 1, 0, 0),
(38, '1024', '1024', 'Chemcal Ultra Powder', 5, 1, 0, 0),
(39, '1025', '1025', 'Bond', 5, 1, 0, 0),
(40, '1026', '1026', 'Chemcal Ultra Accelerator', 5, 1, 0, 0),
(41, '1027', '1027', 'Delivery Charges', 5, 1, 0, 0),
(42, '1028', '1028', 'Lenter', 5, 1, 0, 0),
(43, '1029', '1029', 'Slab', 5, 1, 0, 0),
(44, '1030', '1030', 'Hard ware Item', 5, 1, 0, 0),
(45, '1031', '1031', 'Shuttering Work Material', 5, 1, 0, 0),
(46, '1032', '1032', 'Electirc Fitting Multiple Item', 5, 1, 0, 0),
(47, '1033', '1033', 'Labour Tools', 5, 1, 0, 0),
(48, '1034', '1034', 'Plumbing Item', 5, 1, 0, 0),
(49, '1035', '1035', 'Color in Gallon', 5, 1, 0, 0),
(50, '1036', '1036', 'Color in Drums', 5, 1, 0, 0),
(51, '1037', '1037', 'Ventilator', 5, 1, 0, 0),
(52, '1038', '1038', 'Cable Coil 3/29 1.5 mm', 5, 1, 0, 0),
(53, '1039', '1039', 'Cable Coil 7/29 2.5 mm', 5, 1, 0, 0),
(54, '1041', '1041', 'Cable Coil 7/36 4 mm', 5, 1, 0, 0),
(55, '1042', '1042', 'Cable Coil 7/44 6 mm', 5, 1, 0, 0),
(56, '1043', '1043', '1.5 mm 3/29 Solid ', 5, 1, 0, 0),
(57, '1040', '1040', 'Color Mixing Oil', 5, 1, 0, 0),
(58, '1045', '1045', 'Color Tools', 5, 1, 0, 0),
(59, '1044', '1044', 'Color in Quarter', 5, 1, 0, 0),
(60, '1046', '1046', 'Bathroom Tile', 5, 1, 0, 0),
(61, '1047', '1047', 'Kitchen Tile', 5, 1, 0, 0),
(62, '1048', '1048', 'Iron Grill', 5, 1, 0, 0),
(63, '1049', '1049', 'Iron Gate', 5, 1, 0, 0),
(64, '1050', '1050', 'Shop Shutter', 5, 1, 0, 0),
(65, '1051', '1051', 'Mixer Machine 180 Litre', 5, 1, 0, 0),
(66, '1052', '1052', 'Plumbing Service', 5, 1, 0, 0),
(67, '1053', '1053', 'General Electric Services ', 5, 1, 0, 0),
(68, '1054', '1054', 'Steel Cutting Services', 5, 1, 0, 0),
(69, '1055', '1055', 'Roof &amp; Column Filling Services', 5, 1, 0, 0),
(70, '1060', '1060', 'Kitchen Top', 5, 1, 0, 0),
(71, '1070', '1070', 'Spacer', 5, 1, 0, 0),
(72, '1071', '1071', 'Tile Riser', 5, 1, 0, 0),
(73, '1072', '1072', 'Marble Riser', 5, 1, 0, 0),
(74, '1073', '1073', 'Marble', 5, 1, 0, 0),
(75, '1061', '1061', 'Pillar', 5, 1, 0, 0),
(76, '1063', '1063', 'Tile &amp; Marble Cutting Charges', 5, 1, 0, 0),
(77, '1080', '1080', 'Aluminum Door', 5, 1, 0, 0),
(78, '1081', '1081', 'Aluminum Window', 5, 1, 0, 0),
(79, '3123', '3123', 'service', 5, 1, 0, 0),
(80, '1075', '1075', 'Plinth Chemical', 5, 1, 0, 0);

-- --------------------------------------------------------

--
-- Table structure for table `erp_replica_item_tax_types`
--

CREATE TABLE `erp_replica_item_tax_types` (
  `id` int(11) NOT NULL,
  `name` varchar(60) COLLATE utf8_unicode_ci NOT NULL DEFAULT '',
  `exempt` tinyint(1) NOT NULL DEFAULT '0',
  `inactive` tinyint(1) NOT NULL DEFAULT '0'
) ENGINE=InnoDB DEFAULT CHARSET=utf8 COLLATE=utf8_unicode_ci;

--
-- Dumping data for table `erp_replica_item_tax_types`
--

INSERT INTO `erp_replica_item_tax_types` (`id`, `name`, `exempt`, `inactive`) VALUES
(2, 'Tax Exempt', 1, 0);

-- --------------------------------------------------------

--
-- Table structure for table `erp_replica_item_tax_type_exemptions`
--

CREATE TABLE `erp_replica_item_tax_type_exemptions` (
  `item_tax_type_id` int(11) NOT NULL DEFAULT '0',
  `tax_type_id` int(11) NOT NULL DEFAULT '0'
) ENGINE=InnoDB DEFAULT CHARSET=utf8 COLLATE=utf8_unicode_ci;

-- --------------------------------------------------------

--
-- Table structure for table `erp_replica_item_units`
--

CREATE TABLE `erp_replica_item_units` (
  `abbr` varchar(20) COLLATE utf8_unicode_ci NOT NULL,
  `name` varchar(40) COLLATE utf8_unicode_ci NOT NULL,
  `decimals` tinyint(4) NOT NULL,
  `inactive` tinyint(1) NOT NULL DEFAULT '0'
) ENGINE=InnoDB DEFAULT CHARSET=utf8 COLLATE=utf8_unicode_ci;

--
-- Dumping data for table `erp_replica_item_units`
--

INSERT INTO `erp_replica_item_units` (`abbr`, `name`, `decimals`, `inactive`) VALUES
('Bag', 'Bag', -1, 0),
('CM', 'Centimeter', -1, 0),
('ea', 'Inch', -1, 0),
('FT', 'Foot', -1, 0),
('Gal', 'Gallon', -1, 0),
('Grm', 'Gram', -1, 0),
('KG', 'Kilo Gram', -1, 0),
('Ltr', 'Liter', -1, 0),
('MTR', 'Meter', -1, 0),
('PCS', 'pieces', -1, 0),
('Quarter', 'Qtr', -1, 0),
('R/FT', 'Running Foot', -1, 0),
('Sq', 'Square Foot', -1, 0);

-- --------------------------------------------------------

--
-- Table structure for table `erp_replica_journal`
--

CREATE TABLE `erp_replica_journal` (
  `type` smallint(6) NOT NULL DEFAULT '0',
  `trans_no` int(11) NOT NULL DEFAULT '0',
  `tran_date` date DEFAULT '0000-00-00',
  `reference` varchar(60) COLLATE utf8_unicode_ci NOT NULL DEFAULT '',
  `source_ref` varchar(60) COLLATE utf8_unicode_ci NOT NULL DEFAULT '',
  `event_date` date DEFAULT '0000-00-00',
  `doc_date` date NOT NULL DEFAULT '0000-00-00',
  `currency` char(3) COLLATE utf8_unicode_ci NOT NULL DEFAULT '',
  `amount` double NOT NULL DEFAULT '0',
  `rate` double NOT NULL DEFAULT '1'
) ENGINE=InnoDB DEFAULT CHARSET=utf8 COLLATE=utf8_unicode_ci;

--
-- Dumping data for table `erp_replica_journal`
--

INSERT INTO `erp_replica_journal` (`type`, `trans_no`, `tran_date`, `reference`, `source_ref`, `event_date`, `doc_date`, `currency`, `amount`, `rate`) VALUES
(0, 1, '2022-06-30', '001/2022	', '', '2022-06-30', '2022-06-30', 'PKR', 99900, 1),
(0, 2, '2023-06-30', '001/2023	', '', '2023-06-30', '2023-06-30', 'PKR', 470275.01, 1),
(0, 3, '2024-06-30', '001/2024	', '', '2024-06-30', '2024-06-30', 'PKR', 50, 1),
(0, 4, '2023-06-30', '002/2023	', '', '2023-06-30', '2023-06-30', 'PKR', 822220, 1),
(0, 5, '2024-06-30', '002/2024	', '', '2024-06-30', '2024-06-30', 'PKR', 233574.8, 1),
(0, 6, '2024-06-30', '003/2024	', '', '2024-06-30', '2024-06-30', 'PKR', 595, 1),
(0, 7, '2024-06-30', '004/2024	', '', '2024-06-30', '2024-06-30', 'PKR', 114138, 1),
(0, 8, '2023-06-30', '003/2023	', '', '2023-06-30', '2023-06-30', 'PKR', 1500, 1),
(0, 9, '2024-04-19', '005/2024	', '', '2024-04-19', '2024-04-19', 'PKR', -350000, 1),
(0, 10, '2024-04-19', '006/2024	', '', '2024-04-19', '2024-04-19', 'PKR', 104040, 1);

-- --------------------------------------------------------

--
-- Table structure for table `erp_replica_kitchen_and_wordrobe`
--

CREATE TABLE `erp_replica_kitchen_and_wordrobe` (
  `kitchen_and_wordrobe_id` int(11) NOT NULL,
  `name` varchar(60) NOT NULL,
  `inactive` tinyint(1) NOT NULL DEFAULT '0'
) ENGINE=InnoDB DEFAULT CHARSET=utf8mb4;

-- --------------------------------------------------------

--
-- Table structure for table `erp_replica_locations`
--

CREATE TABLE `erp_replica_locations` (
  `loc_code` varchar(5) COLLATE utf8_unicode_ci NOT NULL DEFAULT '',
  `location_name` varchar(60) COLLATE utf8_unicode_ci NOT NULL DEFAULT '',
  `delivery_address` tinytext COLLATE utf8_unicode_ci NOT NULL,
  `phone` varchar(30) COLLATE utf8_unicode_ci NOT NULL DEFAULT '',
  `phone2` varchar(30) COLLATE utf8_unicode_ci NOT NULL DEFAULT '',
  `fax` varchar(30) COLLATE utf8_unicode_ci NOT NULL DEFAULT '',
  `email` varchar(100) COLLATE utf8_unicode_ci NOT NULL DEFAULT '',
  `contact` varchar(30) COLLATE utf8_unicode_ci NOT NULL DEFAULT '',
  `fixed_asset` tinyint(1) NOT NULL DEFAULT '0',
  `project` varchar(50) COLLATE utf8_unicode_ci NOT NULL,
  `inactive` tinyint(1) NOT NULL DEFAULT '0'
) ENGINE=InnoDB DEFAULT CHARSET=utf8 COLLATE=utf8_unicode_ci;

--
-- Dumping data for table `erp_replica_locations`
--

INSERT INTO `erp_replica_locations` (`loc_code`, `location_name`, `delivery_address`, `phone`, `phone2`, `fax`, `email`, `contact`, `fixed_asset`, `project`, `inactive`) VALUES
('00001', 'Plot B-86', 'Plot B-86 address', '', '', '', '', '', 0, '24', 0),
('00002', 'Plot A1-10 QT', '', '', '', '', '', '', 0, '25', 0),
('00003', 'UBD Warehouse', '', '', '', '', '', '', 0, '25', 0),
('00005', 'Ammar', 'Ammar address', '', '', '', '', '', 0, '5', 0),
('00006', 'D-196 Mr. Irfan', 'D-196 Mr. Irfan address', '', '', '', '', '', 0, '3', 0);

-- --------------------------------------------------------

--
-- Table structure for table `erp_replica_loc_stock`
--

CREATE TABLE `erp_replica_loc_stock` (
  `loc_code` char(5) COLLATE utf8_unicode_ci NOT NULL DEFAULT '',
  `stock_id` char(20) COLLATE utf8_unicode_ci NOT NULL DEFAULT '',
  `reorder_level` double NOT NULL DEFAULT '0'
) ENGINE=InnoDB DEFAULT CHARSET=utf8 COLLATE=utf8_unicode_ci;

--
-- Dumping data for table `erp_replica_loc_stock`
--

INSERT INTO `erp_replica_loc_stock` (`loc_code`, `stock_id`, `reorder_level`) VALUES
('00001', '1001', 0),
('00001', '1002', 0),
('00001', '1003', 0),
('00001', '1004', 0),
('00001', '1005', 0),
('00001', '1006', 0),
('00001', '1007', 0),
('00001', '1008', 0),
('00001', '1009', 0),
('00001', '1010', 0),
('00001', '1011', 0),
('00001', '1012', 0),
('00001', '1013', 0),
('00001', '1014', 0),
('00001', '1015', 0),
('00001', '1016', 0),
('00001', '1017', 0),
('00001', '1018', 0),
('00001', '1019', 0),
('00001', '1020', 0),
('00001', '1021', 0),
('00001', '1022', 0),
('00001', '1023', 0),
('00001', '1024', 0),
('00001', '1025', 0),
('00001', '1026', 0),
('00001', '1027', 0),
('00001', '1028', 0),
('00001', '1029', 0),
('00001', '1030', 0),
('00001', '1031', 0),
('00001', '1032', 0),
('00001', '1033', 0),
('00001', '1034', 0),
('00001', '1035', 0),
('00001', '1036', 0),
('00001', '1037', 0),
('00001', '1038', 0),
('00001', '1039', 0),
('00001', '1040', 0),
('00001', '1041', 0),
('00001', '1042', 0),
('00001', '1043', 0),
('00001', '1044', 0),
('00001', '1045', 0),
('00001', '1046', 0),
('00001', '1047', 0),
('00001', '1048', 0),
('00001', '1049', 0),
('00001', '1050', 0),
('00001', '1051', 0),
('00001', '1052', 0),
('00001', '1053', 0),
('00001', '1054', 0),
('00001', '1055', 0),
('00001', '1060', 0),
('00001', '1061', 0),
('00001', '1063', 0),
('00001', '1070', 0),
('00001', '1071', 0),
('00001', '1072', 0),
('00001', '1073', 0),
('00001', '1075', 0),
('00001', '1080', 0),
('00001', '1081', 0),
('00001', '3123', 0),
('00002', '1001', 0),
('00002', '1002', 0),
('00002', '1003', 0),
('00002', '1004', 0),
('00002', '1005', 0),
('00002', '1006', 0),
('00002', '1007', 0),
('00002', '1008', 0),
('00002', '1009', 0),
('00002', '1010', 0),
('00002', '1011', 0),
('00002', '1012', 0),
('00002', '1013', 0),
('00002', '1014', 0),
('00002', '1015', 0),
('00002', '1016', 0),
('00002', '1017', 0),
('00002', '1018', 0),
('00002', '1019', 0),
('00002', '1020', 0),
('00002', '1021', 0),
('00002', '1022', 0),
('00002', '1023', 0),
('00002', '1024', 0),
('00002', '1025', 0),
('00002', '1026', 0),
('00002', '1027', 0),
('00002', '1028', 0),
('00002', '1029', 0),
('00002', '1030', 0),
('00002', '1031', 0),
('00002', '1032', 0),
('00002', '1033', 0),
('00002', '1034', 0),
('00002', '1035', 0),
('00002', '1036', 0),
('00002', '1037', 0),
('00002', '1038', 0),
('00002', '1039', 0),
('00002', '1040', 0),
('00002', '1041', 0),
('00002', '1042', 0),
('00002', '1043', 0),
('00002', '1044', 0),
('00002', '1045', 0),
('00002', '1046', 0),
('00002', '1047', 0),
('00002', '1048', 0),
('00002', '1049', 0),
('00002', '1050', 0),
('00002', '1051', 0),
('00002', '1052', 0),
('00002', '1053', 0),
('00002', '1054', 0),
('00002', '1055', 0),
('00002', '1060', 0),
('00002', '1061', 0),
('00002', '1063', 0),
('00002', '1070', 0),
('00002', '1071', 0),
('00002', '1072', 0),
('00002', '1073', 0),
('00002', '1075', 0),
('00002', '1080', 0),
('00002', '1081', 0),
('00002', '3123', 0),
('00003', '1001', 0),
('00003', '1002', 0),
('00003', '1003', 0),
('00003', '1004', 0),
('00003', '1005', 0),
('00003', '1006', 0),
('00003', '1007', 0),
('00003', '1008', 0),
('00003', '1009', 0),
('00003', '1010', 0),
('00003', '1011', 0),
('00003', '1012', 0),
('00003', '1013', 0),
('00003', '1014', 0),
('00003', '1015', 0),
('00003', '1016', 0),
('00003', '1017', 0),
('00003', '1018', 0),
('00003', '1019', 0),
('00003', '1020', 0),
('00003', '1021', 0),
('00003', '1022', 0),
('00003', '1023', 0),
('00003', '1024', 0),
('00003', '1025', 0),
('00003', '1026', 0),
('00003', '1027', 0),
('00003', '1028', 0),
('00003', '1029', 0),
('00003', '1030', 0),
('00003', '1031', 0),
('00003', '1032', 0),
('00003', '1033', 0),
('00003', '1034', 0),
('00003', '1035', 0),
('00003', '1036', 0),
('00003', '1037', 0),
('00003', '1038', 0),
('00003', '1039', 0),
('00003', '1040', 0),
('00003', '1041', 0),
('00003', '1042', 0),
('00003', '1043', 0),
('00003', '1044', 0),
('00003', '1045', 0),
('00003', '1046', 0),
('00003', '1047', 0),
('00003', '1048', 0),
('00003', '1049', 0),
('00003', '1050', 0),
('00003', '1051', 0),
('00003', '1052', 0),
('00003', '1053', 0),
('00003', '1054', 0),
('00003', '1055', 0),
('00003', '1060', 0),
('00003', '1061', 0),
('00003', '1063', 0),
('00003', '1070', 0),
('00003', '1071', 0),
('00003', '1072', 0),
('00003', '1073', 0),
('00003', '1075', 0),
('00003', '1080', 0),
('00003', '1081', 0),
('00003', '3123', 0),
('00005', '1001', 0),
('00005', '1002', 0),
('00005', '1003', 0),
('00005', '1004', 0),
('00005', '1005', 0),
('00005', '1006', 0),
('00005', '1007', 0),
('00005', '1008', 0),
('00005', '1009', 0),
('00005', '1010', 0),
('00005', '1011', 0),
('00005', '1012', 0),
('00005', '1013', 0),
('00005', '1014', 0),
('00005', '1015', 0),
('00005', '1016', 0),
('00005', '1017', 0),
('00005', '1018', 0),
('00005', '1019', 0),
('00005', '1020', 0),
('00005', '1021', 0),
('00005', '1022', 0),
('00005', '1023', 0),
('00005', '1024', 0),
('00005', '1025', 0),
('00005', '1026', 0),
('00005', '1027', 0),
('00005', '1028', 0),
('00005', '1029', 0),
('00005', '1030', 0),
('00005', '1031', 0),
('00005', '1032', 0),
('00005', '1033', 0),
('00005', '1034', 0),
('00005', '1035', 0),
('00005', '1036', 0),
('00005', '1037', 0),
('00005', '1038', 0),
('00005', '1039', 0),
('00005', '1040', 0),
('00005', '1041', 0),
('00005', '1042', 0),
('00005', '1043', 0),
('00005', '1044', 0),
('00005', '1045', 0),
('00005', '1046', 0),
('00005', '1047', 0),
('00005', '1048', 0),
('00005', '1049', 0),
('00005', '1050', 0),
('00005', '1051', 0),
('00005', '1052', 0),
('00005', '1053', 0),
('00005', '1054', 0),
('00005', '1055', 0),
('00005', '1060', 0),
('00005', '1061', 0),
('00005', '1063', 0),
('00005', '1070', 0),
('00005', '1071', 0),
('00005', '1072', 0),
('00005', '1073', 0),
('00005', '1075', 0),
('00005', '1080', 0),
('00005', '1081', 0),
('00005', '3123', 0),
('00006', '1001', 0),
('00006', '1002', 0),
('00006', '1003', 0),
('00006', '1004', 0),
('00006', '1005', 0),
('00006', '1006', 0),
('00006', '1007', 0),
('00006', '1008', 0),
('00006', '1009', 0),
('00006', '1010', 0),
('00006', '1011', 0),
('00006', '1012', 0),
('00006', '1013', 0),
('00006', '1014', 0),
('00006', '1015', 0),
('00006', '1016', 0),
('00006', '1017', 0),
('00006', '1018', 0),
('00006', '1019', 0),
('00006', '1020', 0),
('00006', '1021', 0),
('00006', '1022', 0),
('00006', '1023', 0),
('00006', '1024', 0),
('00006', '1025', 0),
('00006', '1026', 0),
('00006', '1027', 0),
('00006', '1028', 0),
('00006', '1029', 0),
('00006', '1030', 0),
('00006', '1031', 0),
('00006', '1032', 0),
('00006', '1033', 0),
('00006', '1034', 0),
('00006', '1035', 0),
('00006', '1036', 0),
('00006', '1037', 0),
('00006', '1038', 0),
('00006', '1039', 0),
('00006', '1040', 0),
('00006', '1041', 0),
('00006', '1042', 0),
('00006', '1043', 0),
('00006', '1044', 0),
('00006', '1045', 0),
('00006', '1046', 0),
('00006', '1047', 0),
('00006', '1048', 0),
('00006', '1049', 0),
('00006', '1050', 0),
('00006', '1051', 0),
('00006', '1052', 0),
('00006', '1053', 0),
('00006', '1054', 0),
('00006', '1055', 0),
('00006', '1060', 0),
('00006', '1061', 0),
('00006', '1063', 0),
('00006', '1070', 0),
('00006', '1071', 0),
('00006', '1072', 0),
('00006', '1073', 0),
('00006', '1075', 0),
('00006', '1080', 0),
('00006', '1081', 0),
('00006', '3123', 0),
('111', '1001', 0),
('111', '1002', 0),
('111', '1003', 0),
('111', '1004', 0),
('111', '1005', 0),
('111', '1006', 0),
('111', '1007', 0),
('111', '1008', 0),
('111', '1009', 0),
('111', '1010', 0),
('111', '1011', 0),
('111', '1012', 0),
('111', '1013', 0),
('111', '1014', 0),
('111', '1015', 0),
('111', '1016', 0),
('111', '1017', 0),
('111', '1018', 0),
('111', '1019', 0),
('111', '1020', 0),
('111', '1021', 0),
('111', '1022', 0),
('111', '1023', 0),
('111', '1024', 0),
('111', '1025', 0),
('111', '1026', 0),
('111', '1027', 0),
('111', '1028', 0),
('111', '1029', 0),
('111', '1030', 0),
('111', '1031', 0),
('111', '1032', 0),
('111', '1033', 0),
('111', '1034', 0),
('111', '1035', 0),
('111', '1036', 0),
('111', '1037', 0),
('111', '1038', 0),
('111', '1039', 0),
('111', '1040', 0),
('111', '1041', 0),
('111', '1042', 0),
('111', '1043', 0),
('111', '1044', 0),
('111', '1045', 0),
('111', '1046', 0),
('111', '1047', 0),
('111', '1048', 0),
('111', '1049', 0),
('111', '1050', 0),
('111', '1051', 0),
('1212', '1001', 0),
('1212', '1002', 0),
('1212', '1003', 0),
('1212', '1004', 0),
('1212', '1005', 0),
('1212', '1006', 0),
('1212', '1007', 0),
('1212', '1008', 0),
('1212', '1009', 0),
('1212', '1010', 0),
('1212', '1011', 0),
('1212', '1012', 0),
('1212', '1013', 0),
('1212', '1014', 0),
('1212', '1015', 0),
('1212', '1016', 0),
('1212', '1017', 0),
('1212', '1018', 0),
('1212', '1019', 0),
('1212', '1020', 0),
('1212', '1021', 0),
('1212', '1022', 0),
('1212', '1023', 0),
('1212', '1024', 0),
('1212', '1025', 0),
('1212', '1026', 0),
('1212', '1027', 0),
('1212', '1028', 0),
('1212', '1029', 0),
('1212', '1030', 0),
('1212', '1031', 0),
('1212', '1032', 0),
('1212', '1033', 0),
('1212', '1034', 0),
('1212', '1035', 0),
('1212', '1036', 0),
('1212', '1037', 0),
('1212', '1038', 0),
('1212', '1039', 0),
('1212', '1040', 0),
('1212', '1041', 0),
('1212', '1042', 0),
('1212', '1043', 0),
('1212', '1044', 0),
('1212', '1045', 0),
('1212', '1046', 0),
('1212', '1047', 0),
('1212', '1048', 0),
('1212', '1049', 0),
('1212', '1050', 0),
('1212', '1051', 0);

-- --------------------------------------------------------

--
-- Table structure for table `erp_replica_nationality`
--

CREATE TABLE `erp_replica_nationality` (
  `nationality_id` int(11) NOT NULL,
  `name` varchar(60) NOT NULL,
  `inactive` tinyint(1) NOT NULL DEFAULT '0'
) ENGINE=InnoDB DEFAULT CHARSET=utf8mb4;

-- --------------------------------------------------------

--
-- Table structure for table `erp_replica_nominee_details`
--

CREATE TABLE `erp_replica_nominee_details` (
  `nominee_id` int(11) NOT NULL,
  `customer_id` int(11) NOT NULL,
  `full_name` varchar(60) NOT NULL,
  `mobile` varchar(50) NOT NULL,
  `nominee_email` varchar(50) NOT NULL,
  `nomi_nationality` int(11) NOT NULL,
  `relationship_with_customer` varchar(50) NOT NULL,
  `cnic_num` varchar(50) NOT NULL,
  `ntn_num` varchar(50) NOT NULL,
  `social_security_num` varchar(50) NOT NULL,
  `passport_num` varchar(50) NOT NULL,
  `nomi_passport_place_of_issue` varchar(50) NOT NULL,
  `nomi_passport_date_of_issue` date DEFAULT NULL,
  `nomi_passport_date_of_expiry` date DEFAULT NULL
) ENGINE=InnoDB DEFAULT CHARSET=utf8mb4;

-- --------------------------------------------------------

--
-- Table structure for table `erp_replica_old_debtors_master`
--

CREATE TABLE `erp_replica_old_debtors_master` (
  `debtor_no` int(11) NOT NULL,
  `salutation` varchar(60) COLLATE utf8_unicode_ci NOT NULL,
  `passport_date_of_issue` date DEFAULT NULL,
  `passport_date_of_expiry` date DEFAULT NULL,
  `name` varchar(100) COLLATE utf8_unicode_ci NOT NULL DEFAULT '',
  `middle_name` varchar(60) COLLATE utf8_unicode_ci NOT NULL,
  `last_name` varchar(60) COLLATE utf8_unicode_ci NOT NULL,
  `mailing_address` text COLLATE utf8_unicode_ci NOT NULL,
  `debtor_ref` varchar(30) COLLATE utf8_unicode_ci NOT NULL,
  `address` tinytext COLLATE utf8_unicode_ci,
  `tax_id` varchar(55) COLLATE utf8_unicode_ci NOT NULL DEFAULT '',
  `curr_code` char(10) COLLATE utf8_unicode_ci NOT NULL DEFAULT '',
  `sales_type` int(11) NOT NULL DEFAULT '1',
  `relation` varchar(60) COLLATE utf8_unicode_ci NOT NULL,
  `full_name` varchar(60) COLLATE utf8_unicode_ci NOT NULL,
  `mobile` varchar(50) COLLATE utf8_unicode_ci NOT NULL,
  `mobile2` varchar(50) COLLATE utf8_unicode_ci NOT NULL,
  `care_of` int(11) NOT NULL,
  `company_name` varchar(60) COLLATE utf8_unicode_ci NOT NULL,
  `res_phone` varchar(50) COLLATE utf8_unicode_ci NOT NULL,
  `office_phone` varchar(50) COLLATE utf8_unicode_ci NOT NULL,
  `fax` varchar(50) COLLATE utf8_unicode_ci NOT NULL,
  `email1` varchar(50) COLLATE utf8_unicode_ci NOT NULL,
  `email2` varchar(50) COLLATE utf8_unicode_ci NOT NULL,
  `website` varchar(50) COLLATE utf8_unicode_ci NOT NULL,
  `cnic_no` varchar(60) COLLATE utf8_unicode_ci NOT NULL,
  `ntn_no` varchar(60) COLLATE utf8_unicode_ci NOT NULL,
  `social_security_no` varchar(60) COLLATE utf8_unicode_ci DEFAULT NULL,
  `passport_no` varchar(60) COLLATE utf8_unicode_ci NOT NULL,
  `passport_place_of_issue` varchar(60) COLLATE utf8_unicode_ci NOT NULL,
  `d_profession` int(11) NOT NULL,
  `d_nationality` int(11) NOT NULL,
  `d_general_notes` varchar(255) COLLATE utf8_unicode_ci NOT NULL,
  `dimension_id` int(11) NOT NULL DEFAULT '0',
  `dimension2_id` int(11) NOT NULL DEFAULT '0',
  `credit_status` int(11) NOT NULL DEFAULT '0',
  `payment_terms` int(11) DEFAULT NULL,
  `discount` double NOT NULL DEFAULT '0',
  `pymt_discount` double NOT NULL DEFAULT '0',
  `credit_limit` float NOT NULL DEFAULT '1000',
  `notes` tinytext COLLATE utf8_unicode_ci NOT NULL,
  `applicant_image` varchar(255) COLLATE utf8_unicode_ci NOT NULL,
  `applicant_thumb` varchar(255) COLLATE utf8_unicode_ci NOT NULL,
  `applicant_cnic` varchar(255) COLLATE utf8_unicode_ci NOT NULL,
  `applicant_signature` varchar(255) COLLATE utf8_unicode_ci NOT NULL,
  `inactive` tinyint(1) NOT NULL DEFAULT '0'
) ENGINE=InnoDB DEFAULT CHARSET=utf8 COLLATE=utf8_unicode_ci;

-- --------------------------------------------------------

--
-- Table structure for table `erp_replica_payment`
--

CREATE TABLE `erp_replica_payment` (
  `payment_id` int(11) NOT NULL,
  `name` varchar(60) NOT NULL,
  `rate` int(11) NOT NULL,
  `inactive` tinyint(1) NOT NULL DEFAULT '0'
) ENGINE=InnoDB DEFAULT CHARSET=utf8mb4;

-- --------------------------------------------------------

--
-- Table structure for table `erp_replica_payment_schedule`
--

CREATE TABLE `erp_replica_payment_schedule` (
  `id` int(11) NOT NULL,
  `project_code` int(11) NOT NULL,
  `unitID` int(11) DEFAULT NULL,
  `booking` int(11) NOT NULL,
  `allocation` int(11) NOT NULL,
  `confirmation` int(11) NOT NULL,
  `work_start` int(11) NOT NULL,
  `totalMonths` int(11) NOT NULL,
  `monthly_installment` int(11) NOT NULL,
  `no_of_half_year_installment` int(11) NOT NULL,
  `half_year_installment` int(11) NOT NULL,
  `possession` int(11) NOT NULL,
  `subtotal` int(11) NOT NULL,
  `discount` int(11) NOT NULL,
  `total` int(11) NOT NULL,
  `inactive` tinyint(1) NOT NULL DEFAULT '0'
) ENGINE=InnoDB DEFAULT CHARSET=utf8mb4;

-- --------------------------------------------------------

--
-- Table structure for table `erp_replica_payment_terms`
--

CREATE TABLE `erp_replica_payment_terms` (
  `terms_indicator` int(11) NOT NULL,
  `terms` char(80) COLLATE utf8_unicode_ci NOT NULL DEFAULT '',
  `days_before_due` smallint(6) NOT NULL DEFAULT '0',
  `day_in_following_month` smallint(6) NOT NULL DEFAULT '0',
  `inactive` tinyint(1) NOT NULL DEFAULT '0'
) ENGINE=InnoDB DEFAULT CHARSET=utf8 COLLATE=utf8_unicode_ci;

--
-- Dumping data for table `erp_replica_payment_terms`
--

INSERT INTO `erp_replica_payment_terms` (`terms_indicator`, `terms`, `days_before_due`, `day_in_following_month`, `inactive`) VALUES
(1, 'Due 15th Of the Following Month', 0, 17, 0),
(2, 'Due By End Of The Following Month', 0, 30, 0),
(3, 'Payment due within 10 days', 10, 0, 0),
(4, 'Cash Only', 0, 0, 0),
(5, 'Prepaid', -1, 0, 0),
(6, 'Cheque', 0, 0, 0),
(7, 'Online', 0, 0, 0),
(8, 'Other', 0, 0, 0);

-- --------------------------------------------------------

--
-- Table structure for table `erp_replica_period`
--

CREATE TABLE `erp_replica_period` (
  `period_id` int(11) NOT NULL,
  `name` varchar(60) NOT NULL,
  `month` int(11) NOT NULL,
  `inactive` tinyint(1) NOT NULL DEFAULT '0'
) ENGINE=InnoDB DEFAULT CHARSET=utf8mb4;

-- --------------------------------------------------------

--
-- Table structure for table `erp_replica_plan`
--

CREATE TABLE `erp_replica_plan` (
  `plan_code` int(11) NOT NULL,
  `plan_des` varchar(60) NOT NULL,
  `inactive` int(11) NOT NULL DEFAULT '0'
) ENGINE=InnoDB DEFAULT CHARSET=utf8mb4;

-- --------------------------------------------------------

--
-- Table structure for table `erp_replica_prebooking_status`
--

CREATE TABLE `erp_replica_prebooking_status` (
  `status_id` int(11) NOT NULL,
  `status_name` varchar(60) NOT NULL,
  `inactive` tinyint(1) NOT NULL DEFAULT '0'
) ENGINE=InnoDB DEFAULT CHARSET=utf8mb4;

-- --------------------------------------------------------

--
-- Table structure for table `erp_replica_pre_booking`
--

CREATE TABLE `erp_replica_pre_booking` (
  `prebooking_id` int(11) NOT NULL,
  `reference` varchar(100) NOT NULL,
  `trans_type` smallint(6) NOT NULL,
  `date_` date NOT NULL,
  `time` time NOT NULL,
  `dimension` int(11) NOT NULL,
  `care_of` int(11) NOT NULL,
  `customer` int(11) NOT NULL,
  `salesman` int(11) NOT NULL,
  `status` int(11) NOT NULL,
  `preference_type` int(11) NOT NULL,
  `feedback` text NOT NULL,
  `action` text NOT NULL,
  `remark` text NOT NULL,
  `email_log` text NOT NULL,
  `floor` int(11) NOT NULL,
  `tower` int(11) NOT NULL,
  `appartment` int(11) NOT NULL,
  `facing` int(11) NOT NULL,
  `unit_no` varchar(50) NOT NULL
) ENGINE=InnoDB DEFAULT CHARSET=utf8mb4;

-- --------------------------------------------------------

--
-- Table structure for table `erp_replica_prices`
--

CREATE TABLE `erp_replica_prices` (
  `id` int(11) NOT NULL,
  `stock_id` varchar(20) COLLATE utf8_unicode_ci NOT NULL DEFAULT '',
  `sales_type_id` int(11) NOT NULL DEFAULT '0',
  `curr_abrev` char(3) COLLATE utf8_unicode_ci NOT NULL DEFAULT '',
  `price` double NOT NULL DEFAULT '0'
) ENGINE=InnoDB DEFAULT CHARSET=utf8 COLLATE=utf8_unicode_ci;

-- --------------------------------------------------------

--
-- Table structure for table `erp_replica_printers`
--

CREATE TABLE `erp_replica_printers` (
  `id` tinyint(3) UNSIGNED NOT NULL,
  `name` varchar(20) COLLATE utf8_unicode_ci NOT NULL,
  `description` varchar(60) COLLATE utf8_unicode_ci NOT NULL,
  `queue` varchar(20) COLLATE utf8_unicode_ci NOT NULL,
  `host` varchar(40) COLLATE utf8_unicode_ci NOT NULL,
  `port` smallint(5) UNSIGNED NOT NULL,
  `timeout` tinyint(3) UNSIGNED NOT NULL
) ENGINE=InnoDB DEFAULT CHARSET=utf8 COLLATE=utf8_unicode_ci;

-- --------------------------------------------------------

--
-- Table structure for table `erp_replica_print_profiles`
--

CREATE TABLE `erp_replica_print_profiles` (
  `id` smallint(5) UNSIGNED NOT NULL,
  `profile` varchar(30) COLLATE utf8_unicode_ci NOT NULL,
  `report` varchar(5) COLLATE utf8_unicode_ci DEFAULT NULL,
  `printer` tinyint(3) UNSIGNED DEFAULT NULL
) ENGINE=InnoDB DEFAULT CHARSET=utf8 COLLATE=utf8_unicode_ci;

-- --------------------------------------------------------

--
-- Table structure for table `erp_replica_profession`
--

CREATE TABLE `erp_replica_profession` (
  `profession_id` int(11) NOT NULL,
  `name` varchar(60) NOT NULL,
  `inactive` tinyint(1) NOT NULL DEFAULT '0'
) ENGINE=InnoDB DEFAULT CHARSET=utf8mb4;

-- --------------------------------------------------------

--
-- Table structure for table `erp_replica_project`
--

CREATE TABLE `erp_replica_project` (
  `project_code` int(11) NOT NULL,
  `description` varchar(60) COLLATE utf8_unicode_ci NOT NULL DEFAULT '',
  `dimension_id` int(11) DEFAULT '0',
  `inactive` tinyint(1) NOT NULL DEFAULT '0'
) ENGINE=InnoDB DEFAULT CHARSET=utf8 COLLATE=utf8_unicode_ci;

--
-- Dumping data for table `erp_replica_project`
--

INSERT INTO `erp_replica_project` (`project_code`, `description`, `dimension_id`, `inactive`) VALUES
(3, 'D-196 Mr. Irfan', 24, 0),
(5, 'Ammar', 26, 0),
(6, 'ABC Villas', 27, 0);

-- --------------------------------------------------------

--
-- Table structure for table `erp_replica_project_units`
--

CREATE TABLE `erp_replica_project_units` (
  `unitID` int(11) NOT NULL,
  `unitName` varchar(255) COLLATE utf8_unicode_ci NOT NULL,
  `unitFloor` tinyint(4) NOT NULL,
  `projectID` int(11) NOT NULL,
  `dateCreated` datetime NOT NULL DEFAULT CURRENT_TIMESTAMP,
  `dateUpdated` datetime NOT NULL DEFAULT CURRENT_TIMESTAMP ON UPDATE CURRENT_TIMESTAMP
) ENGINE=InnoDB DEFAULT CHARSET=utf8 COLLATE=utf8_unicode_ci;

--
-- Dumping data for table `erp_replica_project_units`
--

INSERT INTO `erp_replica_project_units` (`unitID`, `unitName`, `unitFloor`, `projectID`, `dateCreated`, `dateUpdated`) VALUES
(123, 'A-101', 58, 23, '2023-10-22 15:02:10', '2023-10-22 15:02:10'),
(124, 'A-102', 58, 23, '2023-10-22 15:02:10', '2023-10-22 15:02:10'),
(125, 'A-103', 58, 23, '2023-10-22 15:02:10', '2023-10-22 15:02:10'),
(126, 'B-101', 58, 23, '2023-10-22 15:02:36', '2023-10-22 15:02:36'),
(127, 'B-102', 58, 23, '2023-10-22 15:02:36', '2023-10-22 15:02:36'),
(128, 'B-103', 58, 23, '2023-10-22 15:02:36', '2023-10-22 15:02:36'),
(129, 'Unit 3', 64, 24, '2023-11-14 00:58:41', '2023-11-14 00:58:41'),
(130, 'Ishtiaq Unit', 67, 25, '2023-11-30 00:26:39', '2023-11-30 00:26:39'),
(131, 'GROUND', 68, 3, '2024-04-19 12:10:38', '2024-04-19 12:10:38'),
(132, 'FIRST', 69, 3, '2024-04-26 10:59:53', '2024-04-26 10:59:53'),
(133, 'third', 69, 3, '2024-04-26 11:16:03', '2024-04-26 11:16:03'),
(134, '3rd', 68, 3, '2024-04-29 03:09:18', '2024-04-29 03:09:18'),
(135, '4th bb', 69, 3, '2024-04-29 03:12:44', '2024-04-29 03:12:44'),
(136, '5th', 69, 3, '2024-04-29 10:11:55', '2024-04-29 10:11:55'),
(137, 'test', 69, 3, '2024-04-29 10:23:51', '2024-04-29 10:23:51'),
(138, 'one', 69, 3, '2024-04-29 10:26:37', '2024-04-29 10:26:37'),
(139, 'two', 68, 3, '2024-04-29 10:26:37', '2024-04-29 10:26:37'),
(140, 'D-101', 69, 3, '2024-04-30 17:17:23', '2024-04-30 17:17:23'),
(141, 'ammar', 68, 3, '2024-04-30 17:18:36', '2024-04-30 17:18:36');

-- --------------------------------------------------------

--
-- Table structure for table `erp_replica_purch_data`
--

CREATE TABLE `erp_replica_purch_data` (
  `supplier_id` int(11) NOT NULL DEFAULT '0',
  `stock_id` char(20) COLLATE utf8_unicode_ci NOT NULL DEFAULT '',
  `price` double NOT NULL DEFAULT '0',
  `suppliers_uom` char(50) COLLATE utf8_unicode_ci NOT NULL DEFAULT '',
  `conversion_factor` double NOT NULL DEFAULT '1',
  `supplier_description` char(50) COLLATE utf8_unicode_ci NOT NULL DEFAULT ''
) ENGINE=InnoDB DEFAULT CHARSET=utf8 COLLATE=utf8_unicode_ci;

--
-- Dumping data for table `erp_replica_purch_data`
--

INSERT INTO `erp_replica_purch_data` (`supplier_id`, `stock_id`, `price`, `suppliers_uom`, `conversion_factor`, `supplier_description`) VALUES
(7, '1001', 250, '', 1, 'Steel'),
(7, '1002', 1170, '', 1, 'Cement'),
(7, '1003', 400, '', 1, 'Binding Wire'),
(7, '1014', 175, '', 1, 'keel'),
(7, '1025', 400, '', 1, 'Bond'),
(7, '1027', 1500, '', 1, 'Delivery Charges'),
(8, '1001', 350, '', 1, 'Steel'),
(8, '1003', 350, '', 1, 'Binding Wire'),
(10, '1001', 204, '', 1, 'Steel'),
(11, '1001', 1200, '', 1, 'Steel'),
(12, '1001', 56, '', 1, 'Steel'),
(12, '1004', 66.666666, '', 1, 'Raiti'),
(12, '1005', 66.666666, '', 1, 'Mix'),
(12, '1006', 80, '', 1, 'Crush'),
(12, '1010', 45.714285, '', 1, 'Rori'),
(12, '1011', 10, '', 1, 'Bhalu Mitti'),
(13, '1011', 10.5, '', 1, 'Bhalu Mitti'),
(15, '1030', 15510, '', 1, 'Hard ware Item'),
(15, '1031', 11740, '', 1, 'Shuttering Work Material'),
(15, '1032', 3120, '', 1, 'Electirc Fitting Multiple Item'),
(15, '1033', 2690, '', 1, 'Labour Tools'),
(15, '1034', 9230, '', 1, 'Plumbing Item'),
(17, '1027', 1755, '', 1, 'Delivery Charges'),
(17, '1060', 12125, '', 1, 'Kitchen Top'),
(17, '1073', 10260, '', 1, 'Marble'),
(19, '1007', 500, '', 1, 'Stones for Elevation'),
(21, '1008', 36, '', 1, 'Block'),
(21, '1028', 100, '', 1, 'Lenter'),
(21, '1029', 80, '', 1, 'Slab'),
(21, '1037', 150, '', 1, 'Ventilator'),
(22, '1013', 260, '', 1, 'Chokhat'),
(22, '1027', 800, '', 1, 'Delivery Charges'),
(23, '1035', 3970, '', 1, 'Color Material'),
(30, '1024', 20, '', 1, 'Chemcal Ultra Powder'),
(30, '1026', 30, '', 1, 'Chemcal Ultra Accelerator'),
(30, '1027', 350, '', 1, 'Delivery Charges'),
(36, '1027', 2000, '', 1, 'Delivery Charges'),
(36, '1048', 18500, '', 1, 'Iron Grill'),
(36, '1049', 75000, '', 1, 'Iron Gate'),
(54, '1011', 15, '', 1, 'Bhalu Mitti'),
(55, '1038', 4666.25, '', 1, 'Cable Coil 3/29 1.5 mm'),
(55, '1039', 9898, '', 1, 'Cable Coil 7/29 2.5 mm'),
(55, '1041', 13219, '', 1, 'Cable Coil 7/36 4 mm'),
(55, '1042', 19509, '', 1, 'Cable Coil 7/44 6 mm'),
(56, '1035', 3700, '', 1, 'Color in Gallon'),
(56, '1036', 14850, '', 1, 'Color in Drums'),
(56, '1040', 320, '', 1, 'Color Mixing Oil'),
(56, '1044', 1200, '', 1, 'Color in Quarter'),
(56, '1045', 280, '', 1, 'Color Tools'),
(57, '1007', 210, '', 1, 'Stones for Elevation'),
(58, '1021', 2350, '', 1, 'WC'),
(58, '1023', 1880, '', 1, 'Floor Tiles'),
(58, '1025', 520, '', 1, 'Bond'),
(58, '1027', 10998, '', 1, 'Delivery Charges'),
(58, '1046', 47536, '', 1, 'Bathroom Tile'),
(58, '1070', 380, '', 1, 'Spacer'),
(58, '1071', 128, '', 1, 'Tile Riser'),
(59, '1011', 4500, '', 1, 'Bhalu Mitti'),
(60, '1001', 77, '', 1, 'Steel'),
(60, '1004', 101, '', 1, 'Raiti'),
(60, '1005', 60, '', 1, 'Mix'),
(60, '1006', 70, '', 1, 'Crush'),
(61, '1047', 1250, '', 1, 'Kitchen Tile'),
(62, '1027', 1200, '', 1, 'Delivery Charges'),
(62, '1061', 500, '', 1, 'Pillar'),
(62, '1063', 20, '', 1, 'Tile &amp; Marble Cutting Charges'),
(62, '1073', 30, '', 1, 'Marble'),
(63, '1027', 2500, '', 1, 'Delivery Charges'),
(63, '1080', 10000, '', 1, 'Aluminum Door'),
(63, '1081', 25000, '', 1, 'Aluminum Window'),
(64, '1001', 500, '', 1, 'Steel'),
(64, '1075', 2000, '', 1, 'Plinth Chemical'),
(64, '3123', 9000, '', 1, 'service'),
(65, '1001', 66, '', 1, 'Steel'),
(65, '1005', 99, '', 1, 'Mix'),
(65, '1008', 114700, '', 1, 'Block'),
(65, '1014', 10, '', 1, 'keel');

-- --------------------------------------------------------

--
-- Table structure for table `erp_replica_purch_orders`
--

CREATE TABLE `erp_replica_purch_orders` (
  `order_no` int(11) NOT NULL,
  `supplier_id` int(11) NOT NULL DEFAULT '0',
  `comments` tinytext COLLATE utf8_unicode_ci,
  `ord_date` date NOT NULL DEFAULT '0000-00-00',
  `reference` tinytext COLLATE utf8_unicode_ci NOT NULL,
  `requisition_no` tinytext COLLATE utf8_unicode_ci,
  `into_stock_location` varchar(5) COLLATE utf8_unicode_ci NOT NULL DEFAULT '',
  `delivery_address` tinytext COLLATE utf8_unicode_ci NOT NULL,
  `total` double NOT NULL DEFAULT '0',
  `prep_amount` double NOT NULL DEFAULT '0',
  `alloc` double NOT NULL DEFAULT '0',
  `tax_included` tinyint(1) NOT NULL DEFAULT '0'
) ENGINE=InnoDB DEFAULT CHARSET=utf8 COLLATE=utf8_unicode_ci;

--
-- Dumping data for table `erp_replica_purch_orders`
--

INSERT INTO `erp_replica_purch_orders` (`order_no`, `supplier_id`, `comments`, `ord_date`, `reference`, `requisition_no`, `into_stock_location`, `delivery_address`, `total`, `prep_amount`, `alloc`, `tax_included`) VALUES
(1, 10, 'Steel order 10230 kg to Adil Steel ', '2022-05-28', '001/2022	', '', '00001', 'Plot B-86 address', 2086920, 0, 0, 0),
(2, 30, 'Ultra Asss 170 liter @ 30 = 5100 + Ultra Powder 150 kg @ 20 + Cartage 350', '2022-09-22', '002/2022	', 'Invoice # 89', '00001', 'Plot B-86 address', 8450, 0, 0, 0),
(3, 30, '', '2022-09-29', '003/2022	', 'Invoice # 10', '00001', 'Plot B-86 address', 8450, 0, 0, 0),
(4, 12, 'Invoice # 625', '2022-09-25', '004/2022	', 'Invoice # 625', '00001', 'Plot B-86 address', 103999.9995, 0, 0, 0),
(5, 54, '27 Matti Dumper @ 4500', '2022-11-07', '001/2023	', 'Invoice # 001', '00001', 'Plot B-86 address\n', 121500, 0, 0, 0),
(6, 12, 'Invoice # 997', '2022-10-16', '005/2022	', 'invoice # 997', '00001', 'Plot B-86 address', 169999.98975, 0, 0, 0),
(7, 21, '', '2022-09-20', '006/2022	', 'Inv # 316', '00001', 'Plot B-86 address', 18000, 0, 0, 0),
(8, 21, '4&quot; Block', '2022-11-13', '007/2022	', 'Inv # 349', '00001', 'Plot B-86 address', 21000, 0, 0, 0),
(9, 21, '', '2022-11-15', '008/2022	', 'Inv # 350,352,353,354,355,357,359', '00001', 'Plot B-86 address', 119750, 0, 0, 0),
(10, 21, 'From Bill No 360 to 367 &amp; 369 Dated from 17-11-22 to 27-11-22\n600 Block 4&quot;', '2022-11-17', '009/2022	', 'Bill # 360-67,369', '00001', 'Plot B-86 address', 169000, 0, 0, 0),
(11, 21, 'Bill # 382 &amp; 385-394', '2023-01-08', '002/2023	', 'Bill # 382 &amp; 385-394', '00001', 'Plot B-86 address', 281480, 0, 0, 0),
(12, 21, 'Bill # 622-23, 632-33,34,36 dated 17-03-2023 to 30-03-2023', '2023-03-17', '003/2023	', 'Bill # 622-23, 632-33,34,36', '00001', 'Plot B-86 address', 113600, 0, 0, 0),
(13, 21, 'Bill # 647, 649 to 657', '2023-04-12', '004/2023	', 'Bill # 647, 649 to 657', '00001', 'Plot B-86 address', 145020, 0, 0, 0),
(14, 21, 'Bill # 1189,661,662 From 17-6-2023 to 21-06-2023', '2023-06-17', '005/2023	', 'Bill # 1189,661,662', '00001', 'Plot B-86 address', 60000, 0, 0, 0),
(15, 15, 'Bill Enter form Jun 22 to Jun 23 different bills from Master Khan Hard ware and Sanitary', '2023-03-25', '006/2023	', ',346,345,386,378,374,372,369,367,695,694,690,683,669', '00001', 'Plot B-86 address', 506845, 0, 0, 0),
(16, 22, '16 Chokhat @ 233 Total Measurement 292.5 =68152-Hinges 1920=66232-Discount 232 = 66000', '2023-01-25', '007/2023	', 'Bill No. 175', '00001', 'Plot B-86 address', 66000.0008, 0, 0, 0),
(17, 22, '18 Chokhat @ 240 Total Measurement 305=73200-Hinges 2700=70500+Transportation 1600-Discount 100 =72000', '2023-03-23', '008/2023	', 'Bill # 164', '00001', 'Plot B-86 address', 71999.9975, 0, 0, 0),
(18, 12, 'Invioce # 639', '2022-11-15', '010/2022	', 'Invioce # 639', '00001', 'Plot B-86 address', 74999.99955, 0, 0, 0),
(19, 12, 'Invoice # 647', '2022-12-13', '011/2022	', 'Invoice # 647', '00001', 'Plot B-86 address', 186000, 0, 0, 0),
(20, 12, 'Invoice # 656', '2023-01-08', '009/2023	', 'Invoice # 656', '00001', 'Plot B-86 address', 135999.99995, 0, 0, 0),
(21, 12, 'Invoice  # 663', '2023-02-09', '010/2023	', 'Invoice  # 663', '00001', 'Plot B-86 address', 19999.99995, 0, 0, 0),
(22, 12, 'Invoice  # 673', '2023-03-03', '011/2023	', 'Invoice # 673', '00001', 'Plot B-86 address', 133000, 0, 0, 0),
(23, 12, 'Invoice  # 945', '2023-05-11', '012/2023	', 'Invoice  # 945', '00001', 'Plot B-86 address', 236000, 0, 0, 0),
(24, 22, '18 Chokhat @ 230 Total Measurement 302=69517-Hinges 2700=66817+Transportation 750', '2023-07-12', '013/2023	', 'Bill # 160', '00001', 'Plot B-86 address', 68000, 0, 0, 0),
(25, 12, 'Bill # 953', '2023-06-20', '014/2023	', 'Bill # 953', '00001', 'Plot B-86 address', 164000, 0, 0, 0),
(26, 12, 'Bill # 961', '2023-08-03', '015/2023	', 'Bill # 961', '00001', 'Plot B-86 address', 138000, 0, 0, 0),
(27, 23, '10 Drum Wall Putty,10 Drum Wall Primer Each bucket Quantity 200 Liters', '2023-03-31', '016/2023	', 'Invoice # 500340', '00001', 'Plot B-86 address', 64700, 0, 0, 0),
(28, 8, 'Two invoices 11661 and 11753', '2022-12-25', '012/2022	', 'Invoice # 11661 &amp; 11753', '00001', 'Plot B-86 address', 10150, 0, 0, 0),
(29, 7, 'From 26-9-22 to 31-12-22 Invoice # 6057 6139 6285 6384 6400 6458 6549 6634 6856 6980 7098 1081 7451 7466 7502 7532 7527 7451 7466 7502 7527 7532 7527 7564 7572 \n', '2022-09-26', '013/2022	', 'Invoice # 6057 6139 6285 6384 6400 6458 6549 6549 6549 6549 ', '00001', 'Plot B-86 address', 2453446, 0, 0, 0),
(30, 7, 'Invoices from 05-01-23 to 31-03-2023  # 7675 7742 7912 7932 7939 7991 8150 8218 8323 8455 8465 8484 8547 8539 8547 8997 ', '2023-01-05', '017/2023	', 'Invoice # 7675 to', '00001', 'Plot B-86 address', 2472668.99996, 0, 0, 0),
(31, 7, 'from 22-12-22 to 31-12-22 Invoice # 7465 7469 7501', '2022-12-24', '014/2022	', 'Invoice # 7465 7469 7501', '00001', 'Plot A1-10 QT  address', 362211, 0, 0, 0),
(32, 7, 'Invoice # 7665 7744 7781 7785 8902 9083 9158 9199 9544 9752 9871 9928 10007 10110 10252 ', '2023-01-05', '018/2023	', 'Invoice # 7665 7744 7781 7785', '00002', 'Plot A1-10 QT', 997110, 0, 0, 0),
(33, 7, 'Invoice # 7781 Dt.12-1-23\nInvoice # 9083 Dt.29-3-23\nInvoice # 9158 Dt.4-4-23\n', '2023-01-12', '019/2023	', 'Invoice # 7781 9083 9158', '00002', 'Plot A1-10 QT ', 814927.5, 0, 0, 0),
(34, 12, 'Invoice # 649 Dated 8-1-23\nInvoice # 658 Dated 8-2-23\nInvoice # 660 Dated 2-3-23\nInvoice # 675 Dated 18-3-23\nInvoice # 929 Dated 14-4-23\nInvoice # 946 Dated 20-5-23\n', '2022-12-22', '015/2022	', 'Bill # 649 658 660 675 929 946', '00002', 'Plot A1-10 QT', 331999.99935, 0, 0, 0),
(35, 13, '5 dumper Bahlu Matti Invoice # 3734', '2023-03-08', '020/2023	', 'Invoice # 3734', '00002', 'Plot A1-10 QT', 21000, 0, 0, 0),
(36, 21, 'Invoice # 1127-28-31-32- 621-626-27-29-30-31-36 dated from 15 mar to 30 mar 23', '2023-03-15', '021/2023	', 'Invoice # 1127-28-31-32- 621-626-27-29-30-31-36-48', '00002', 'Plot A1-10 QT', 172560, 0, 0, 0),
(37, 21, 'Invoice # 648 6658 659', '2023-04-13', '022/2023	', 'Invoice # 648 6658 659', '00002', 'Plot A1-10 QT', 27940, 0, 0, 0),
(38, 22, '5 Chokhat 3.25x7=17&#039;.5 x 5 = 87.5 @ 235\n5 Chokhat 2.5x7=16.5&#039; x 5 =82.5 @ 235\n1 Chokhat 4.25x7= 18&#039; x 1 @ 235\nTotal 188 ft @ 235=44180-Hinges 1650=42530\n', '2023-05-22', '023/2023	', 'Invoice # 288', '00002', 'Plot A1-10 QT', 42529.999952, 0, 0, 0),
(39, 55, 'Invoice # 33 Dt.16-5-23 &amp; 67 dt. 22-5-23', '2023-05-16', '024/2023	', 'Invoice # 33 &amp; 67', '00002', 'Plot A1-10 QT', 170095, 0, 0, 0),
(40, 56, 'Invoice # 1403-12 Paint and paint material from 7-11 to 30 Nov', '2023-11-07', '025/2023	', 'Invoice # 1403-12', '00002', 'Plot A1-10 QT', 73010, 0, 0, 0),
(41, 15, 'Invoice # 354,362,392,668,687,688,691 invoice date from 21-12-22 to June 23 but entered in the system on 1-7-23', '2023-07-01', '026/2023	', 'Invice # 354,362,392,668,687,688,691', '00002', 'A1-10 QT ', 129936, 0, 0, 0),
(42, 57, 'Invoice # 3052 1- Crystal White 2- Super Black 3 China cutting', '2023-11-22', '027/2023	', 'Invoice # 3052', '00002', 'PLOT A1-10 QT', 9000, 0, 0, 0),
(43, 58, 'Invoice # 542', '2023-11-22', '028/2023	', 'Invoice # 542', '00002', 'A1-10', 84015.2, 0, 0, 0),
(44, 36, '2 Gate 1-10.5x7 2-4x6.5 Total Bill With Iron Grill 152000 Diff 75000 paid by Ishtiaq', '2023-11-10', '029/2023	', 'Invoice # 612', '00002', 'Plot A1-10', 77000, 0, 0, 0),
(45, 15, 'Inv # 902 Total Bill 21460-510 Personal Bill Bal 20950 UBD A/c', '2023-09-13', '030/2023	', '', '00002', 'A1-10', 20950, 0, 0, 0),
(46, 15, 'Invoice # 696 697 698 484 485 487 488 489 490 495-499 190-192 and 890 to 901 &amp; 903  from 19-7-23 to 7-12-23\n', '2023-07-22', '031/2023	', 'Invoice # 696-898 484 85 87-90 190-192 &amp; 890-901 902', '00001', 'Plot B-86 address', 703488, 0, 0, 0),
(47, 35, 'Purchase Mixer Machine Chaina made Volume 180 Litre', '2023-12-14', '032/2023	', 'Invoice # 141223', '00003', 'UBD Warehouse', 102300, 0, 0, 0),
(48, 17, '', '2024-01-10', '001/2024	', 'Invoice No .0001', '00002', 'Plot No. A1-10 Q.T', 10425, 0, 0, 0),
(49, 7, 'Inv # 12229,99, 12451,513,55,631,748,775 dt.11-11-23 to 27-12-23', '2023-11-11', '033/2023	', 'Inv # 12229,99, 12451,513,55,631,748,775', '00002', 'A1-10 Q.T.', 139385, 0, 0, 0),
(50, 15, 'Inv # 910', '2023-12-11', '034/2023	', 'Inv # 910', '00002', 'Plot A1-10 Q.T.', 15510, 0, 0, 0),
(51, 56, 'invoice # 1415-01', '2023-12-27', '035/2023	', 'invoice # 1415-01', '00002', 'Plot A1-10', 17530, 0, 0, 0),
(52, 7, 'Invoice # 7465', '2022-12-24', '016/2022	', 'Invoice # 7465', '00002', 'Plot A1-10', 1500, 0, 0, 0),
(53, 12, 'Invoice # 684', '2023-11-03', '036/2023	', 'Invoice # 684', '00002', 'Plot A1-10 Q.T.', 47999.99995, 0, 0, 0),
(54, 58, 'Invoice # 237', '2023-12-26', '037/2023	', 'Invoice # 237', '00002', 'Plot # A1-10', 17528, 0, 0, 0),
(55, 36, '1 Front Iron Grill', '2024-02-18', '002/2024	', 'Invoice # 825', '00002', 'Plot A1-10', 18500, 0, 0, 0),
(56, 59, '3 dumpper Matti', '2023-01-14', '038/2023	', 'Invoice # 55', '00002', 'A1-10 Quetta Town', 13500, 0, 0, 0),
(57, 7, 'Inv  # 12620-48-55-885-13003-117-219-336-454-556- Date from 16-12-2023 to 25-02-2024', '2023-12-16', '039/2023	', 'Inv  # 12620-48-55-885-13003-117-219-336-454-556-', '00006', 'D-196 Mr. Irfan address', 996415, 0, 0, 0),
(58, 7, 'Inv # 13632-13741', '2024-03-04', '003/2024	', 'Inv # 13632-13741', '00006', 'D-196 Mr. Irfan address', 61500, 0, 0, 0),
(59, 12, 'Inv # 516', '2023-12-16', '040/2023	', 'Inv # 516', '00006', 'D-196 Mr. Irfan address', 63999.9996, 0, 0, 0),
(60, 12, 'Inv # 527 From 12-1-24 to 19-2-24', '2024-01-12', '004/2024	', 'Inv # 527 From 12-1-24 to 19-2-24', '00006', 'D-196 Mr. Irfan address', 139999.9978, 0, 0, 0),
(61, 60, 'Inv # 38', '2024-01-27', '005/2024	', 'Inv # 38', '00006', 'D-196 Mr. Irfan address', 7000, 0, 0, 0),
(62, 60, 'Inv # 39', '2024-03-17', '006/2024	', 'Inv # 39', '00006', 'D-196 Mr. Irfan address', 3000, 0, 0, 0),
(63, 22, 'Inv # 75 Three Chokhat @ 260 total 2 sq ft', '2024-02-22', '007/2024	', 'Inv # 75', '00006', 'D-196 Mr. Irfan address', 14320, 0, 0, 0),
(64, 58, 'Inv # 1131', '2024-02-05', '008/2024	', 'Inv # 1131', '00006', 'D-196 Mr. Irfan address', 20353.6, 0, 0, 0),
(65, 58, 'Inv # 1162', '2024-02-19', '009/2024	', 'Inv # 1162', '00006', 'D-196 Mr. Irfan address', 433254, 0, 0, 0),
(66, 58, 'Inv # 1162 Both item 1 Piece Each', '2024-02-26', '010/2024	', 'Inv # 1175', '00006', 'D-196 Mr. Irfan address', 2100, 0, 0, 0),
(67, 58, 'Inv # 1202 Different Article + L Patti + Spacer ', '2024-03-03', '011/2024	', 'Inv # 1202', '00006', 'D-196 Mr. Irfan address', 6903, 0, 0, 0),
(68, 58, '6x24 Riser', '2024-03-08', '012/2024	', 'Inv # 1218', '00006', 'D-196 Mr. Irfan address', 14592, 0, 0, 0),
(69, 58, 'Inv # 1257 ( Diff Article+Cartage+adj discount Rs.2027 on Bill # 1175 &amp; Adj Sale Return Rs.5386 on Bill # 1265 Actual amount of Inv # 1257 is Rs.54949', '2024-03-20', '013/2024	', 'Inv # 1257', '00006', 'D-196 Mr. Irfan address', 47536, 0, 0, 0),
(70, 61, 'Inv # 54 Kitchen White Tile from LS-4 Ac', '2024-03-15', '014/2024	', 'Inv # 54', '00006', 'D-196 Mr. Irfan address', 13125, 0, 0, 0),
(71, 62, 'Inv # 1478 for Itme # 1073 Polish Charges Rs.7500', '2024-01-30', '015/2024	', 'Inv # 1478', '00006', 'D-196 Mr. Irfan address', 27600, 0, 0, 0),
(72, 63, 'The last entry for Labour Charges for alterations of old windows', '2024-03-20', '016/2024	', 'Inv # 01', '00006', 'D-196 Mr. Irfan address', 113780, 0, 0, 0),
(74, 64, '', '2024-01-01', '017/2024	', 'Inv # 42', '00006', 'D-196 Mr. Irfan address', 2000, 0, 0, 0),
(75, 51, '', '2023-12-19', '041/2023	', 'Asad Lohar', '00006', 'D-196 Mr. Irfan address', 4000, 0, 4000, 0),
(76, 51, '', '2024-01-08', '018/2024	', 'Asad Lohar', '00006', 'D-196 Mr. Irfan address', 2000, 0, 2000, 0),
(77, 51, '', '2024-01-23', '019/2024	', 'Asad Lohar', '00006', 'D-196 Mr. Irfan address', 3000, 0, 3000, 0),
(78, 51, '', '2024-01-24', '020/2024	', 'Asad Lohar', '00006', 'D-196 Mr. Irfan address', 4000, 0, 4000, 0),
(79, 51, '', '2024-01-26', '021/2024	', 'Asad Lohar', '00006', 'D-196 Mr. Irfan address', 2000, 0, 2000, 0),
(80, 51, '', '2024-01-27', '022/2024	', 'Asad Lohar', '00006', 'D-196 Mr. Irfan address', 2000, 0, 2000, 0),
(81, 51, '', '2024-02-06', '023/2024	', 'Asad Lohar', '00006', 'D-196 Mr. Irfan address', 2000, 0, 2000, 0),
(82, 65, 'Block &amp; lenter Delivered from 23-12-23 to 4-3-24', '2023-12-23', '042/2023	', 'Inv # 56', '00006', 'D-196 Mr. Irfan address', 114700, 0, 0, 0),
(83, 12, 'These two transection add to Inv # 527 infrom to Naveed he will not enter this transection on invoice', '2024-02-28', '024/2024	', 'Inv # 527 From 12-1-24 to 05-3-24', '00006', 'D-196 Mr. Irfan address', 19999.9998, 0, 0, 0),
(84, 17, ' 2 kitchen Counter +marble Steps+ Cross Steps', '2024-03-23', '025/2024	', 'Inv # 01', '00006', 'D-196 Mr. Irfan address', 111000, 0, 0, 0),
(85, 65, '', '2024-04-29', '026/2024	', 'wd', '00006', 'D-196 Mr. Irfan address', 46, 0, 46, 0),
(86, 65, '', '2024-04-29', '027/2024	', '', '00006', 'D-196 Mr. Irfan address', 1500, 0, 1500, 0),
(87, 7, '', '2024-04-30', '028/2024	', '12345', '00006', 'D-196 Mr. Irfan address', 11700, 0, 0, 0),
(88, 65, 'test', '2024-04-30', '029/2024	', '1122', '00006', 'D-196 Mr. Irfan address', 11470000, 0, 0, 0),
(89, 65, '', '2024-04-30', '030/2024	', 'jkxs', '00006', 'D-196 Mr. Irfan address', 2000, 0, 0, 0),
(90, 65, '', '2024-04-30', '031/2024	', 'test', '00005', 'Ammar address', 0, 0, 0, 0),
(91, 64, '', '2024-04-30', '032/2024	', '', '00005', 'Ammar address', 9000, 0, 9000, 0),
(92, 7, '', '2024-05-01', '033/2024	', '44', '00005', 'Ammar address', 4800, 0, 0, 0),
(93, 7, '', '2024-05-01', '0134/2024	', '0134', '00005', 'Ammar address', 650, 0, 0, 0),
(94, 7, '', '2024-05-01', '135/2024	', '', '00001', 'Plot B-86 address', 1050, 0, 0, 0),
(95, 64, '', '2024-05-01', '136/2024	', 'ABC chemiical', '00005', 'Ammar address', 500, 0, 0, 0),
(96, 7, '', '2024-05-02', '137/2024	', '1332', '00001', 'Plot B-86 address', 350, 0, 0, 0),
(97, 10, '', '2024-05-03', '138/2024	', 'adil steel', '00005', 'Ammar address', 2040, 0, 0, 0),
(98, 10, '', '2024-05-03', '139/2024	', 'adil teel', '00005', 'Ammar address', 4080, 0, 0, 0),
(99, 7, '', '2024-05-03', '140/2024	', '1213', '00002', 'www', 202, 0, 0, 0),
(100, 10, '', '2024-05-03', '141/2024	', 'adil steel', '00005', 'Ammar address', 4080, 0, 0, 0),
(101, 19, '', '2024-05-03', '142/2024	', 'al makkah', '00005', 'Ammar address', 50500, 0, 0, 0),
(102, 7, '', '2024-05-03', '143/2024	', '121', '00002', 'test', 250, 0, 0, 0),
(103, 65, 'teer', '2024-05-03', '144/2024	', '1212', '00002', 'a1 10', 99, 0, 0, 0),
(104, 65, '', '2024-05-03', '145/2024	', 'tt', '00005', 'Ammar address', 66, 0, 0, 0),
(105, 60, '', '2024-05-03', '146/2024	', '132', '00005', 'Ammar address', 77, 0, 0, 0),
(106, 43, '', '2024-05-04', '147/2024	', '123', '00005', 'Ammar address', 500, 0, 0, 0),
(107, 60, '', '2024-05-05', '148/2024	', '121', '00006', 'D-196 Mr. Irfan address', 202, 0, 0, 0),
(108, 43, 'TEST \n', '2024-05-05', '149/2024	', 'Zafar Arain Electrician', '00005', 'Ammar address', 10000, 0, 10000, 0),
(109, 10, '', '2024-05-06', '150/2024	', 'steel', '00005', 'Ammar address', 20400, 0, 0, 0),
(110, 65, 'test', '2024-05-07', '151/2024	', '1213', '00005', 'Ammar address', 99, 0, 0, 0);

-- --------------------------------------------------------

--
-- Table structure for table `erp_replica_purch_order_details`
--

CREATE TABLE `erp_replica_purch_order_details` (
  `po_detail_item` int(11) NOT NULL,
  `order_no` int(11) NOT NULL DEFAULT '0',
  `item_code` varchar(20) COLLATE utf8_unicode_ci NOT NULL DEFAULT '',
  `description` tinytext COLLATE utf8_unicode_ci,
  `delivery_date` date NOT NULL DEFAULT '0000-00-00',
  `qty_invoiced` double NOT NULL DEFAULT '0',
  `unit_price` double NOT NULL DEFAULT '0',
  `act_price` double NOT NULL DEFAULT '0',
  `std_cost_unit` double NOT NULL DEFAULT '0',
  `quantity_ordered` double NOT NULL DEFAULT '0',
  `quantity_received` double NOT NULL DEFAULT '0'
) ENGINE=InnoDB DEFAULT CHARSET=utf8 COLLATE=utf8_unicode_ci;

--
-- Dumping data for table `erp_replica_purch_order_details`
--

INSERT INTO `erp_replica_purch_order_details` (`po_detail_item`, `order_no`, `item_code`, `description`, `delivery_date`, `qty_invoiced`, `unit_price`, `act_price`, `std_cost_unit`, `quantity_ordered`, `quantity_received`) VALUES
(1, 1, '1001', 'Steel', '2022-06-11', 10230, 204, 204, 204, 10230, 10230),
(2, 2, '1026', 'Chemcal Ultra Accelerator', '2022-09-22', 170, 30, 30, 30, 170, 170),
(3, 2, '1024', 'Chemcal Ultra Powder', '2022-09-22', 150, 20, 20, 20, 150, 150),
(4, 2, '1027', 'Delivery Charges', '2022-09-22', 1, 350, 350, 0, 1, 1),
(5, 3, '1026', 'Chemcal Ultra Accelerator', '2022-09-29', 170, 30, 30, 30, 170, 170),
(6, 3, '1024', 'Chemcal Ultra Powder', '2022-09-29', 150, 20, 20, 20, 150, 150),
(7, 3, '1027', 'Delivery Charges', '2022-09-29', 1, 350, 350, 0, 1, 1),
(8, 4, '1010', 'Rori', '2022-09-25', 350, 48.571428, 48.571428, 48.571428, 350, 350),
(9, 4, '1005', 'Mix', '2022-09-25', 350, 51.428571, 51.428571, 51.914893553191, 350, 350),
(10, 4, '1005', 'Mix', '2022-09-29', 500, 50, 50, 51.578947315789, 500, 500),
(11, 4, '1006', 'Crush', '2022-09-29', 500, 52, 52, 69.333333333333, 500, 500),
(12, 4, '1004', 'Raiti', '2022-09-30', 350, 51.428571, 51.428571, 53.333333222222, 350, 350),
(13, 5, '1011', 'Bhalu Mitti', '2022-11-07', 8100, 15, 15, 15, 8100, 8100),
(14, 6, '1006', 'Crush', '2022-10-16', 350, 74.2857, 74.2857, 70.270267567567, 350, 350),
(15, 6, '1005', 'Mix', '2022-10-16', 500, 50, 50, 51.343283537313, 500, 500),
(16, 6, '1001', 'Steel', '2022-10-31', 1000, 56, 56, 190.82101513802, 1000, 1000),
(17, 6, '1006', 'Crush', '2022-10-31', 350, 74.2857, 74.2857, 70.909086363636, 350, 350),
(18, 6, '1010', 'Rori', '2022-11-09', 350, 45.714285, 45.714285, 47.1428565, 350, 350),
(19, 6, '1001', 'Steel', '2022-11-11', 500, 42, 42, 184.47740835464, 500, 500),
(20, 7, '1008', 'Block', '2022-09-20', 500, 36, 36, 36, 500, 500),
(21, 8, '1008', 'Block', '2022-11-13', 600, 35, 35, 35.454545454545, 600, 600),
(22, 9, '1008', 'Block', '2022-11-15', 500, 37, 37, 35.9375, 500, 500),
(25, 9, '1008', 'Block', '2022-11-17', 500, 37, 37, 36.190476190476, 500, 500),
(26, 9, '1008', 'Block', '2022-11-16', 500, 37, 37, 36.346153846154, 500, 500),
(27, 9, '1008', 'Block', '2022-11-17', 500, 37, 37, 36.451612903226, 500, 500),
(28, 9, '1008', 'Block', '2022-11-17', 500, 37, 37, 36.527777777778, 500, 500),
(29, 9, '1008', 'Block', '2022-11-15', 250, 35, 35, 36.428571428572, 250, 250),
(30, 9, '1008', 'Block', '2022-11-15', 500, 37, 37, 36.494252873564, 500, 500),
(31, 10, '1008', 'Block', '2022-11-18', 500, 37, 37, 36.546391752578, 500, 500),
(32, 10, '1008', 'Block', '2022-11-19', 600, 35, 35, 36.376146788991, 600, 600),
(33, 10, '1008', 'Block', '2022-11-18', 500, 37, 37, 36.428571428572, 500, 500),
(34, 10, '1008', 'Block', '2022-11-20', 500, 37, 37, 36.472868217055, 500, 500),
(35, 10, '1008', 'Block', '2022-11-23', 500, 37, 37, 36.510791366907, 500, 500),
(36, 10, '1008', 'Block', '2022-11-23', 500, 37, 37, 36.543624161074, 500, 500),
(37, 10, '1008', 'Block', '2022-11-24', 500, 37, 37, 36.572327044025, 500, 500),
(38, 10, '1008', 'Block', '2022-11-26', 500, 37, 37, 36.597633136095, 500, 500),
(39, 10, '1008', 'Block', '2022-11-27', 500, 37, 37, 36.620111731844, 500, 500),
(40, 11, '1008', 'Block', '2023-01-08', 500, 37, 37, 36.640211640212, 500, 500),
(41, 11, '1008', 'Block', '2023-01-09', 600, 35, 35, 36.542288557214, 600, 600),
(42, 11, '1008', 'Block', '2023-01-10', 500, 37, 37, 36.563981042654, 500, 500),
(43, 11, '1008', 'Block', '2023-01-11', 1500, 37, 37, 36.618257261411, 1500, 1500),
(44, 11, '1008', 'Block', '2023-01-12', 500, 37, 37, 36.633466135458, 500, 500),
(45, 11, '1008', 'Block', '2023-01-13', 500, 37, 37, 36.647509578544, 500, 500),
(46, 11, '1008', 'Block', '2023-01-14', 500, 37, 37, 36.660516605166, 500, 500),
(47, 11, '1029', 'Slab', '2023-01-14', 9, 80, 80, 80, 9, 9),
(48, 11, '1028', 'Lenter', '2023-01-14', 24, 100, 100, 100, 24, 24),
(49, 11, '1028', 'Lenter', '2023-01-16', 36, 160, 160, 136, 36, 36),
(50, 11, '1008', 'Block', '2023-01-16', 500, 37, 37, 36.672597864769, 500, 500),
(51, 11, '1008', 'Block', '2023-01-18', 1000, 37, 37, 36.694352159469, 1000, 1000),
(52, 11, '1008', 'Block', '2023-01-19', 1000, 37, 37, 36.71339563863, 1000, 1000),
(53, 11, '1008', 'Block', '2023-01-22', 300, 37, 37, 36.718654434251, 300, 300),
(54, 12, '1008', 'Block', '2023-03-17', 500, 40, 40, 36.816023738873, 500, 500),
(55, 12, '1008', 'Block', '2023-03-17', 500, 40, 40, 36.907780979828, 500, 500),
(56, 12, '1008', 'Block', '2023-03-21', 350, 40, 40, 36.968926553673, 350, 350),
(57, 12, '1008', 'Block', '2023-03-21', 200, 38, 38, 36.980446927375, 200, 200),
(58, 12, '1008', 'Block', '2023-03-22', 1000, 40, 40, 37.140211640212, 1000, 1000),
(59, 12, '1008', 'Block', '2023-03-23', 300, 40, 40, 37.184895833334, 300, 300),
(60, 13, '1008', 'Block', '2023-04-12', 500, 40, 40, 37.256345177666, 500, 500),
(61, 13, '1008', 'Block', '2023-04-15', 500, 40, 40, 37.324257425744, 500, 500),
(62, 13, '1008', 'Block', '2023-04-16', 500, 40, 40, 37.38888888889, 500, 500),
(63, 13, '1008', 'Block', '2023-04-18', 500, 40, 40, 37.450471698114, 500, 500),
(64, 13, '1028', 'Lenter', '2024-04-18', 36, 170, 170, 148.75, 36, 36),
(65, 13, '1028', 'Lenter', '2023-04-18', 24, 100, 100, 139, 24, 24),
(66, 13, '1008', 'Block', '2023-04-25', 500, 38, 38, 37.463133640554, 500, 500),
(67, 13, '1008', 'Block', '2023-04-26', 250, 38, 38, 37.469248291573, 250, 250),
(68, 13, '1008', 'Block', '2023-04-26', 250, 36, 36, 37.452702702704, 250, 250),
(69, 13, '1008', 'Block', '2023-04-28', 500, 38, 38, 37.464757709252, 500, 500),
(70, 14, '1008', 'Block', '2023-06-17', 500, 40, 40, 37.519396551725, 500, 500),
(71, 14, '1008', 'Block', '2023-06-20', 500, 40, 40, 37.571729957807, 500, 500),
(72, 14, '1008', 'Block', '2023-06-21', 500, 40, 40, 37.621900826447, 500, 500),
(73, 15, '1030', 'Hard ware Item', '2022-06-12', 1, 2250, 2250, 2250, 1, 1),
(74, 15, '1030', 'Hard ware Item', '2022-09-22', 1, 13540, 13540, 7895, 1, 1),
(75, 15, '1030', 'Hard ware Item', '2022-10-15', 1, 6180, 6180, 7323.3333333333, 1, 1),
(76, 15, '1031', 'Shuttering Work Material', '2023-10-14', 1, 15930, 15930, 15930, 1, 1),
(77, 15, '1032', 'Electirc Fitting Multiple Item', '2023-12-07', 1, 45439, 45439, 45439, 1, 1),
(78, 15, '1033', 'Labour Tools', '2023-11-29', 1, 2690, 2690, 2690, 1, 1),
(79, 15, '1034', 'Plumbing Item', '2023-12-07', 1, 41630, 41630, 41630, 1, 1),
(80, 15, '1031', 'Shuttering Work Material', '2023-11-28', 1, 42170, 42170, 29050, 1, 1),
(81, 15, '1032', 'Electirc Fitting Multiple Item', '2023-02-27', 1, 40796, 40796, 43117.5, 1, 1),
(82, 15, '1034', 'Plumbing Item', '2023-02-13', 1, 22986, 22986, 32308, 1, 1),
(83, 15, '1031', 'Shuttering Work Material', '2023-02-01', 1, 41710, 41710, 33270, 1, 1),
(84, 15, '1034', 'Plumbing Item', '2023-01-31', 1, 76561, 76561, 47059, 1, 1),
(85, 15, '1030', 'Hard ware Item', '2023-01-24', 1, 11110, 11110, 8270, 1, 1),
(86, 15, '1032', 'Electirc Fitting Multiple Item', '2023-01-24', 1, 17438, 17438, 34557.666666667, 1, 1),
(87, 15, '1032', 'Electirc Fitting Multiple Item', '2023-06-07', 1, 6960, 6960, 27658.25, 1, 1),
(88, 15, '1032', 'Electirc Fitting Multiple Item', '2023-06-07', 1, 36230, 36230, 29372.6, 1, 1),
(89, 15, '1031', 'Shuttering Work Material', '2023-05-20', 1, 33835, 33835, 33411.25, 1, 1),
(90, 15, '1032', 'Electirc Fitting Multiple Item', '2023-04-08', 1, 10250, 10250, 26185.5, 1, 1),
(91, 15, '1030', 'Hard ware Item', '2023-03-25', 1, 39140, 39140, 14444, 1, 1),
(92, 16, '1013', 'Chokhat', '2023-01-25', 292, 226.0274, 226.0274, 226.0274, 292, 292),
(93, 17, '1013', 'Chokhat', '2023-03-23', 305, 231.1475, 231.1475, 228.64319648241, 305, 305),
(94, 17, '1027', 'Delivery Charges', '2023-03-23', 1, 1500.01, 1500.01, 0, 1, 1),
(95, 18, '1005', 'Mix', '2022-11-15', 350, 51.428571, 51.428571, 51.35135127027, 350, 350),
(96, 18, '1005', 'Mix', '2022-12-03', 350, 60, 60, 52.098765358024, 350, 350),
(97, 18, '1004', 'Raiti', '2022-11-17', 350, 51.428571, 51.428571, 52.941176294117, 350, 350),
(98, 18, '1004', 'Raiti', '2022-11-26', 350, 51.428571, 51.428571, 52.682926609756, 350, 350),
(99, 19, '1005', 'Mix', '2022-12-13', 500, 56, 56, 52.527472461538, 500, 500),
(100, 19, '1006', 'Crush', '2023-01-03', 500, 72, 72, 71.111107407407, 500, 500),
(101, 19, '1006', 'Crush', '2023-01-05', 500, 72, 72, 71.249996875, 500, 500),
(102, 19, '1005', 'Mix', '2023-01-05', 1000, 56, 56, 53.153153099099, 1000, 1000),
(103, 19, '1005', 'Mix', '2023-01-05', 350, 60, 60, 53.559321983051, 350, 350),
(104, 19, '1005', 'Mix', '2023-01-05', 150, 60, 60, 53.719008214876, 150, 150),
(105, 20, '1004', 'Raiti', '2023-01-08', 500, 50, 50, 52.156862568627, 500, 500),
(106, 20, '1006', 'Crush', '2023-01-18', 500, 72, 72, 71.351348648649, 500, 500),
(107, 20, '1004', 'Raiti', '2023-01-24', 500, 50, 50, 51.803278540983, 500, 500),
(108, 20, '1004', 'Raiti', '2023-02-02', 350, 57.142857, 57.142857, 52.352941029411, 350, 350),
(109, 20, '1005', 'Mix', '2023-02-05', 500, 60, 60, 54.198473236641, 500, 500),
(110, 21, '1004', 'Raiti', '2023-02-09', 350, 57.142857, 57.142857, 52.799999853333, 350, 350),
(111, 22, '1006', 'Crush', '2023-03-03', 500, 78, 78, 72.142854761905, 500, 500),
(112, 22, '1006', 'Crush', '2023-03-04', 500, 78, 78, 72.765955319149, 500, 500),
(113, 22, '1004', 'Raiti', '2023-03-05', 500, 54, 54, 52.941176341176, 500, 500),
(114, 22, '1005', 'Mix', '2023-03-16', 500, 56, 56, 54.326241092198, 500, 500),
(115, 23, '1004', 'Raiti', '2023-05-11', 500, 54, 54, 54, 500, 500),
(116, 23, '1005', 'Mix', '2023-06-05', 1000, 52, 52, 52, 1000, 1000),
(117, 23, '1006', 'Crush', '2023-06-11', 1000, 78, 78, 78, 1000, 1000),
(118, 23, '1005', 'Mix', '2023-06-13', 1000, 52, 52, 52, 1000, 1000),
(119, 23, '1004', 'Raiti', '2023-06-13', 500, 54, 54, 54, 500, 500),
(120, 24, '1013', 'Chokhat', '2023-07-12', 302, 225, 225, 227.41934182425, 302, 302),
(121, 24, '1027', 'Delivery Charges', '2023-07-12', 1, 50, 50, 0, 1, 1),
(122, 25, '1004', 'Raiti', '2023-06-20', 500, 54, 54, 53.052631463157, 500, 500),
(123, 25, '1005', 'Mix', '2023-07-06', 500, 56, 56, 54.43708605298, 500, 500),
(124, 25, '1004', 'Raiti', '2023-07-07', 500, 54, 54, 53.142857038094, 500, 500),
(125, 25, '1004', 'Raiti', '2023-07-19', 500, 54, 54, 53.217391208695, 500, 500),
(126, 25, '1005', 'Mix', '2023-07-27', 500, 56, 56, 54.534161453416, 500, 500),
(127, 25, '1004', 'Raiti', '2023-07-30', 500, 54, 54, 53.279999911999, 500, 500),
(128, 26, '1004', 'Raiti', '2023-08-03', 500, 54, 54, 53.333333251851, 500, 500),
(129, 26, '1005', 'Mix', '2023-08-03', 500, 56, 56, 54.619883005848, 500, 500),
(130, 26, '1005', 'Mix', '2023-08-16', 500, 56, 56, 54.696132563536, 500, 500),
(131, 26, '1005', 'Mix', '2023-08-23', 500, 56, 56, 54.764397874346, 500, 500),
(132, 26, '1004', 'Raiti', '2023-08-27', 500, 54, 54, 53.379310268965, 500, 500),
(133, 27, '1035', 'Color Material', '2023-03-31', 10, 2500, 2500, 2500, 10, 10),
(134, 27, '1035', 'Color Material', '2023-03-31', 10, 3970, 3970, 3235, 10, 10),
(135, 28, '1003', 'Binding Wire', '2022-12-25', 20, 350, 350, 350, 20, 20),
(136, 28, '1001', 'Steel', '2022-12-29', 9, 350, 350, 184.60431041826, 9, 9),
(137, 29, '1002', 'Cement', '2022-09-26', 25, 990, 990, 990, 25, 25),
(138, 29, '1002', 'Cement', '2022-09-29', 100, 990, 990, 990, 100, 100),
(139, 29, '1003', 'Binding Wire', '2022-10-08', 10, 330, 330, 343.33333333333, 10, 10),
(140, 29, '1002', 'Cement', '2022-10-16', 50, 1020, 1020, 998.57142857143, 50, 50),
(141, 29, '1002', 'Cement', '2022-10-17', 25, 1020, 1020, 1001.25, 25, 25),
(142, 29, '1002', 'Cement', '2022-10-20', 25, 1020, 1020, 1003.3333333333, 25, 25),
(143, 29, '1003', 'Binding Wire', '2022-10-20', 20, 330, 330, 338, 20, 20),
(144, 29, '1001', 'Steel', '2022-10-26', 511, 226, 226, 186.33110204081, 511, 511),
(145, 29, '1002', 'Cement', '2022-10-26', 100, 990, 990, 999.23076923075, 100, 100),
(146, 29, '1027', 'Delivery Charges', '2022-10-26', 1, 1000, 1000, 0, 1, 1),
(147, 29, '1002', 'Cement', '2022-10-31', 40, 1010, 1010, 1000.4109589041, 40, 40),
(148, 29, '1002', 'Cement', '2022-11-15', 50, 1030, 1030, 1003.9759036144, 50, 50),
(149, 29, '1002', 'Cement', '2022-11-23', 25, 1030, 1030, 1005.4545454545, 25, 25),
(150, 29, '1002', 'Cement', '2022-11-30', 100, 1010, 1010, 1006.2962962963, 100, 100),
(151, 29, '1001', 'Steel', '2022-12-22', 1007, 207, 207, 187.90110884815, 1007, 1007),
(152, 29, '1001', 'Steel', '2022-12-24', 602, 207, 207, 188.73071650191, 602, 602),
(153, 29, '1001', 'Steel', '2022-12-24', 590, 212, 212, 189.68087756938, 590, 590),
(154, 29, '1001', 'Steel', '2022-12-24', 240, 207, 207, 189.96385050037, 240, 240),
(155, 29, '1001', 'Steel', '2022-12-24', 3219, 207, 207, 193.02613357158, 3219, 3219),
(156, 29, '1027', 'Delivery Charges', '2022-12-24', 1, 7000, 7000, 0, 1, 1),
(157, 29, '1001', 'Steel', '2022-12-26', 478, 215, 215, 193.59741107364, 478, 478),
(158, 29, '1027', 'Delivery Charges', '2022-12-26', 1, 600, 600, 0, 1, 1),
(159, 29, '1003', 'Binding Wire', '2022-12-27', 4, 346.5, 346.5, 338.62962962963, 4, 4),
(160, 29, '1027', 'Delivery Charges', '2022-12-27', 1, 500, 500, 0, 1, 1),
(161, 29, '1001', 'Steel', '2022-12-27', 236, 208, 208, 193.77993770808, 236, 236),
(162, 29, '1001', 'Steel', '2022-12-29', 204, 215, 215, 194.00987995325, 204, 204),
(163, 29, '1027', 'Delivery Charges', '2022-12-29', 1, 300, 300, 0, 1, 1),
(164, 29, '1002', 'Cement', '2022-12-31', 400, 1010, 1010, 1007.8723404255, 400, 400),
(165, 30, '1002', 'Cement', '2023-01-05', 20, 1030, 1030, 1008.3333333333, 20, 20),
(166, 30, '1002', 'Cement', '2023-01-10', 60, 1020, 1020, 1009.0196078431, 60, 60),
(167, 30, '1001', 'Steel', '2023-01-22', 1258, 245, 245, 197.20374427404, 1258, 1258),
(168, 30, '1001', 'Steel', '2023-01-22', 1204, 238, 238, 199.51108605786, 1204, 1204),
(169, 30, '1001', 'Steel', '2023-01-22', 2141, 238, 238, 203.02829826282, 2141, 2141),
(170, 30, '1001', 'Steel', '2023-01-23', 1293, 238, 238, 204.85737399885, 1293, 1293),
(171, 30, '1001', 'Steel', '2023-01-23', 480, 238, 238, 205.4886120149, 480, 480),
(172, 30, '1027', 'Delivery Charges', '2023-01-23', 1, 7000, 7000, 0, 1, 1),
(173, 30, '1003', 'Binding Wire', '2023-01-24', 10, 380, 380, 345.09375, 10, 10),
(174, 30, '1002', 'Cement', '2023-01-26', 120, 1010, 1010, 1009.1228070175, 120, 120),
(175, 30, '1002', 'Cement', '2023-02-05', 30, 1070, 1070, 1010.6837606837, 30, 30),
(176, 30, '1002', 'Cement', '2023-02-09', 25, 1070, 1070, 1011.9246861924, 25, 25),
(177, 30, '1002', 'Cement', '2023-02-15', 25, 1070, 1070, 1013.1147540983, 25, 25),
(178, 30, '1003', 'Binding Wire', '2023-02-25', 20, 430, 430, 365.30952380952, 20, 20),
(179, 30, '1003', 'Binding Wire', '2023-02-26', 20, 430, 430, 377.75, 20, 20),
(180, 30, '1003', 'Binding Wire', '2023-02-27', 20, 430, 430, 386.17741935484, 20, 20),
(181, 30, '1002', 'Cement', '2023-03-02', 500, 1100, 1100, 1038.3720930232, 500, 500),
(182, 30, '1001', 'Steel', '2023-03-02', 148, 289.02027, 289.02027, 205.97629191162, 148, 148),
(183, 30, '1027', 'Delivery Charges', '2023-03-02', 1, 400, 400, 0, 1, 1),
(184, 30, '1002', 'Cement', '2023-03-11', 25, 1120, 1120, 1039.5415472779, 25, 25),
(185, 31, '1002', 'Cement', '2022-12-24', 25, 1050, 1050, 1039.6892655367, 25, 25),
(186, 31, '1001', 'Steel', '2022-12-24', 1295, 207, 207, 206.02604616099, 1295, 1295),
(187, 31, '1001', 'Steel', '2022-12-24', 178, 207, 207, 206.03250941206, 178, 178),
(188, 31, '1003', 'Binding Wire', '2022-12-24', 10, 330, 330, 381.98507462687, 10, 10),
(189, 31, '1027', 'Delivery Charges', '2022-12-24', 1, 1500, 1500, 0, 1, 1),
(190, 31, '1002', 'Cement', '2022-12-26', 25, 1050, 1050, 1039.8328690808, 25, 25),
(191, 32, '1002', 'Cement', '2023-01-05', 10, 1030, 1030, 1039.7783933518, 10, 10),
(192, 32, '1002', 'Cement', '2023-01-10', 10, 1050, 1050, 1039.8347107438, 10, 10),
(193, 32, '1027', 'Delivery Charges', '2023-01-12', 1, 1500, 1500, 0, 1, 1),
(194, 32, '1003', 'Binding Wire', '2023-01-12', 10, 340, 340, 379.06944444445, 10, 10),
(195, 32, '1002', 'Cement', '2023-01-14', 100, 1030, 1030, 1039.3211488251, 100, 100),
(196, 32, '1003', 'Binding Wire', '2023-03-19', 8, 400, 400, 380.17105263158, 8, 8),
(197, 32, '1001', 'Steel', '2023-03-19', 144, 280, 280, 206.42748544368, 144, 144),
(198, 32, '1001', 'Steel', '2023-03-19', 495, 280, 280, 207.75362318694, 495, 495),
(199, 32, '1027', 'Delivery Charges', '2023-03-19', 1, 1500, 1500, 0, 1, 1),
(200, 32, '1001', 'Steel', '2023-03-29', 690, 275, 275, 209.40181869706, 690, 690),
(201, 32, '1027', 'Delivery Charges', '2023-03-29', 18, 400, 400, 0, 18, 18),
(202, 32, '1027', 'Delivery Charges', '2023-12-14', 1, 3000, 3000, 0, 1, 1),
(203, 32, '1001', 'Steel', '2023-04-04', 39, 275, 275, 209.49256854881, 39, 39),
(204, 32, '1001', 'Steel', '2023-04-04', 143, 275, 275, 209.82318062961, 143, 143),
(205, 32, '1027', 'Delivery Charges', '2023-12-14', 1, 500, 500, 0, 1, 1),
(206, 32, '1002', 'Cement', '2023-04-05', 200, 1100, 1100, 1045.0591016549, 200, 200),
(207, 32, '1001', 'Steel', '2023-05-08', 64, 290, 290, 210.00387351079, 64, 64),
(208, 32, '1002', 'Cement', '2023-05-22', 40, 1100, 1100, 1046.078886311, 40, 40),
(209, 32, '1002', 'Cement', '2023-05-28', 25, 1100, 1100, 1046.6972477065, 25, 25),
(210, 32, '1002', 'Cement', '2023-06-01', 25, 1070, 1070, 1046.9614512472, 25, 25),
(211, 32, '1002', 'Cement', '2023-06-04', 25, 1070, 1070, 1047.2197309417, 25, 25),
(212, 32, '1002', 'Cement', '2023-06-11', 10, 1070, 1070, 1047.3214285714, 10, 10),
(213, 32, '1001', 'Steel', '2023-06-20', 77, 270, 270, 210.16611062193, 77, 77),
(214, 32, '1001', 'Steel', '2023-06-20', 149, 260, 260, 210.42551704721, 149, 149),
(215, 32, '1027', 'Delivery Charges', '2023-06-20', 1, 500, 500, 0, 1, 1),
(216, 33, '1001', 'Steel', '2023-01-12', 590.5, 235, 235, 210.9222303979, 590.5, 590.5),
(217, 33, '1001', 'Steel', '2023-01-12', 706.5, 235, 235, 211.49075899734, 706.5, 706.5),
(218, 33, '1001', 'Steel', '2023-03-29', 1803.5, 275, 275, 215.10118362652, 1803.5, 1803.5),
(219, 33, '1001', 'Steel', '2023-04-04', 54.5, 260, 260, 215.17818370495, 54.5, 54.5),
(220, 34, '1004', 'Raiti', '2022-12-22', 350, 51.428571, 51.428571, 53.289473592105, 350, 350),
(221, 34, '1006', 'Crush', '2022-12-25', 350, 74.285714, 74.285714, 72.871285128713, 350, 350),
(222, 34, '1005', 'Mix', '2022-12-27', 500, 56, 56, 54.825870616916, 500, 500),
(223, 34, '1005', 'Mix', '2023-01-16', 350, 57.142857, 57.142857, 54.903846120193, 350, 350),
(224, 34, '1001', 'Steel', '2023-01-17', 80, 100, 100, 214.88896387079, 80, 80),
(225, 34, '1011', 'Bhalu Mitti', '2023-02-28', 500, 10, 10, 14.709302325581, 500, 500),
(226, 34, '1005', 'Mix', '2023-03-11', 350, 57.142857, 57.142857, 54.976744148838, 350, 350),
(227, 34, '1004', 'Raiti', '2023-03-14', 500, 54, 54, 53.333333246913, 500, 500),
(228, 34, '1006', 'Crush', '2023-03-21', 350, 71.428571, 71.428571, 72.77777587963, 350, 350),
(229, 34, '1005', 'Mix', '2023-03-21', 350, 57.142857, 57.142857, 55.045045004505, 350, 350),
(230, 34, '1001', 'Steel', '2023-04-07', 1000, 56, 56, 210.05348610607, 1000, 1000),
(231, 34, '1006', 'Crush', '2023-04-08', 350, 80, 80, 73.217389521739, 350, 350),
(232, 34, '1011', 'Bhalu Mitti', '2023-05-21', 500, 10, 10, 14.450549450549, 500, 500),
(233, 34, '1004', 'Raiti', '2023-05-23', 500, 54, 54, 53.37209294186, 500, 500),
(234, 34, '1004', 'Raiti', '2023-06-01', 350, 54.285714, 54.285714, 53.407821139664, 350, 350),
(235, 35, '1011', 'Bhalu Mitti', '2023-03-08', 2000, 10.5, 10.5, 13.738738738738, 2000, 2000),
(236, 36, '1008', 'Block', '2023-03-15', 500, 40, 40, 37.670040485831, 500, 500),
(237, 36, '1008', 'Block', '2023-03-15', 500, 40, 40, 37.716269841271, 500, 500),
(238, 36, '1008', 'Block', '2023-03-16', 200, 38, 38, 37.718503937009, 200, 200),
(239, 36, '1008', 'Block', '2023-03-16', 300, 40, 40, 37.745136186772, 300, 300),
(240, 36, '1008', 'Block', '2023-03-16', 500, 40, 40, 37.788167938933, 500, 500),
(241, 36, '1008', 'Block', '2023-03-19', 500, 40, 40, 37.829588014983, 500, 500),
(242, 36, '1008', 'Block', '2023-03-19', 500, 40, 40, 37.869485294119, 500, 500),
(243, 36, '1028', 'Lenter', '2023-03-19', 8, 170, 170, 140.9375, 8, 8),
(244, 36, '1028', 'Lenter', '2023-03-19', 5, 160, 160, 141.65413533835, 5, 5),
(245, 36, '1028', 'Lenter', '2023-03-19', 16, 100, 100, 137.18120805369, 16, 16),
(246, 36, '1028', 'Lenter', '2023-03-19', 6, 100, 100, 135.74193548387, 6, 6),
(247, 36, '1037', 'Ventilator', '2023-03-19', 4, 150, 150, 150, 4, 4),
(248, 36, '1008', 'Block', '2023-03-19', 500, 40, 40, 37.907942238268, 500, 500),
(249, 36, '1008', 'Block', '2023-03-21', 500, 40, 40, 37.945035460994, 500, 500),
(250, 36, '1008', 'Block', '2023-03-30', 200, 40, 40, 37.959507042255, 200, 200),
(251, 37, '1008', 'Block', '2023-04-13', 500, 40, 40, 37.994809688583, 500, 500),
(252, 37, '1008', 'Block', '2023-05-25', 185, 40, 40, 38.007564036447, 185, 185),
(253, 37, '1008', 'Block', '2023-05-25', 15, 36, 36, 38.006529209624, 15, 15),
(254, 38, '1013', 'Chokhat', '2023-05-22', 188, 226.223404, 226.223404, 227.21250069181, 188, 188),
(255, 39, '1038', 'Cable Coil 3/29 1.5 mm', '2023-05-16', 8, 4666, 4666, 4666, 8, 8),
(256, 39, '1039', 'Cable Coil 7/29 2.5 mm', '2023-05-16', 5, 9898, 9898, 9898, 5, 5),
(257, 39, '1041', 'Cable Coil 7/36 4 mm', '2023-05-16', 2, 13219, 13219, 13219, 2, 2),
(258, 39, '1042', 'Cable Coil 7/44 6 mm', '2023-05-16', 1, 19509, 19509, 19509, 1, 1),
(259, 39, '1038', 'Cable Coil 3/29 1.5 mm', '2023-05-22', 8, 4666.25, 4666.25, 4666.125, 8, 8),
(260, 40, '1036', 'Color in Drums', '2023-11-07', 3, 4850, 4850, 4850, 3, 3),
(261, 40, '1045', 'Color Tools', '2023-11-07', 1, 200, 200, 200, 1, 1),
(262, 40, '1036', 'Color in Drums', '2023-11-08', 4, 3100, 3100, 3850, 4, 4),
(263, 40, '1045', 'Color Tools', '2023-11-08', 2, 80, 80, 120, 2, 2),
(264, 40, '1045', 'Color Tools', '2023-11-08', 1, 100, 100, 115, 1, 1),
(265, 40, '1036', 'Color in Drums', '2023-11-11', 4, 3100, 3100, 3577.2727272727, 4, 4),
(266, 40, '1036', 'Color in Drums', '2023-11-15', 1, 6700, 6700, 3837.5, 1, 1),
(267, 40, '1045', 'Color Tools', '2023-11-15', 1, 350, 350, 162, 1, 1),
(268, 40, '1045', 'Color Tools', '2023-11-15', 12, 80, 80, 104.11764705882, 12, 12),
(269, 40, '1036', 'Color in Drums', '2023-11-15', 1, 3100, 3100, 3780.7692307692, 1, 1),
(270, 40, '1040', 'Color Mixing Oil', '2023-11-16', 1, 320, 320, 320, 1, 1),
(271, 40, '1045', 'Color Tools', '2023-11-16', 2, 20, 20, 95.263157894734, 2, 2),
(272, 40, '1045', 'Color Tools', '2023-11-16', 2, 30, 30, 89.047619047616, 2, 2),
(273, 40, '1045', 'Color Tools', '2023-11-16', 1, 40, 40, 86.818181818179, 1, 1),
(274, 40, '1036', 'Color in Drums', '2023-11-19', 1, 14850, 14850, 4571.4285714285, 1, 1),
(275, 40, '1045', 'Color Tools', '2023-11-19', 1, 650, 650, 111.30434782608, 1, 1),
(276, 40, '1045', 'Color Tools', '2023-11-19', 1, 550, 550, 129.58333333333, 1, 1),
(277, 40, '1035', 'Color in Gallon', '2023-11-21', 1, 3700, 3700, 3257.1428571429, 1, 1),
(278, 40, '1044', 'Color in Quarter', '2023-11-21', 1, 1200, 1200, 1200, 1, 1),
(279, 40, '1045', 'Color Tools', '2023-11-21', 1, 680, 680, 151.6, 1, 1),
(280, 41, '1030', 'Hard ware Item', '2023-07-01', 1, 8770, 8770, 13498.333333333, 1, 1),
(281, 41, '1030', 'Hard ware Item', '2023-07-01', 1, 4080, 4080, 12152.857142857, 1, 1),
(282, 41, '1034', 'Plumbing Item', '2023-07-01', 1, 42810, 42810, 45996.75, 1, 1),
(283, 41, '1031', 'Shuttering Work Material', '2023-07-01', 1, 11740, 11740, 29077, 1, 1),
(284, 41, '1032', 'Electirc Fitting Multiple Item', '2023-07-01', 1, 47941, 47941, 29293.428571429, 1, 1),
(285, 41, '1030', 'Hard ware Item', '2023-07-01', 1, 1360, 1360, 10803.75, 1, 1),
(286, 41, '1032', 'Electirc Fitting Multiple Item', '2023-07-01', 1, 13235, 13235, 27286.125, 1, 1),
(287, 42, '1007', 'Stones for Elevation', '2023-11-22', 5, 190, 190, 190, 5, 5),
(288, 42, '1007', 'Stones for Elevation', '2023-11-22', 35, 110, 110, 120, 35, 35),
(289, 42, '1007', 'Stones for Elevation', '2023-11-22', 20, 210, 210, 150, 20, 20),
(290, 43, '1046', 'Bathroom Tile', '2023-11-22', 36, 1530, 1530, 1530, 36, 36),
(291, 43, '1046', 'Bathroom Tile', '2023-11-22', 15.84, 1530, 1530, 1530, 15.84, 15.84),
(292, 43, '1021', 'WC', '2023-11-22', 2, 2350, 2350, 2350, 2, 2),
(293, 44, '1049', 'Iron Gate', '2023-11-10', 1, 75000, 75000, 75000, 1, 1),
(294, 44, '1027', 'Delivery Charges', '2023-11-10', 1, 2000, 2000, 0, 1, 1),
(295, 45, '1030', 'Hard ware Item', '2023-09-13', 1, 20950, 20950, 11931.111111111, 1, 1),
(296, 46, '1030', 'Hard ware Item', '2023-07-22', 1, 2180, 2180, 10956, 1, 1),
(297, 46, '1034', 'Plumbing Item', '2023-07-23', 1, 53070, 53070, 47411.4, 1, 1),
(298, 46, '1034', 'Plumbing Item', '2023-07-19', 1, 11005, 11005, 41343.666666667, 1, 1),
(299, 46, '1034', 'Plumbing Item', '2023-07-25', 1, 31785, 31785, 39978.142857143, 1, 1),
(300, 46, '1034', 'Plumbing Item', '2023-07-25', 1, 33040, 33040, 39110.875, 1, 1),
(301, 46, '1034', 'Plumbing Item', '2023-07-26', 1, 46790, 46790, 39964.111111111, 1, 1),
(302, 46, '1034', 'Plumbing Item', '2023-07-26', 1, 22542, 22542, 38221.9, 1, 1),
(303, 46, '1034', 'Plumbing Item', '2023-07-28', 1, 15885, 15885, 36191.272727273, 1, 1),
(304, 46, '1034', 'Plumbing Item', '2023-07-28', 1, 14190, 14190, 34357.833333334, 1, 1),
(305, 46, '1034', 'Plumbing Item', '2023-07-28', 1, 12168, 12168, 32650.923076924, 1, 1),
(306, 46, '1034', 'Plumbing Item', '2023-08-02', 1, 49072, 49072, 33823.857142858, 1, 1),
(307, 46, '1034', 'Plumbing Item', '2023-08-02', 1, 17306, 17306, 32722.666666667, 1, 1),
(308, 46, '1034', 'Plumbing Item', '2023-08-05', 1, 57850, 57850, 34293.125, 1, 1),
(309, 46, '1034', 'Plumbing Item', '2023-08-05', 1, 21310, 21310, 33529.411764706, 1, 1),
(310, 46, '1034', 'Plumbing Item', '2023-08-01', 1, 42886, 42886, 34049.222222222, 1, 1),
(311, 46, '1034', 'Plumbing Item', '2023-08-21', 1, 37390, 37390, 34225.052631579, 1, 1),
(312, 46, '1030', 'Hard ware Item', '2023-08-19', 1, 6850, 6850, 10582.727272727, 1, 1),
(313, 46, '1034', 'Plumbing Item', '2023-09-06', 1, 37346, 37346, 34381.1, 1, 1),
(314, 46, '1030', 'Hard ware Item', '2023-09-09', 1, 18802, 18802, 11267.666666666, 1, 1),
(315, 46, '1034', 'Plumbing Item', '2023-10-02', 1, 31600, 31600, 34248.666666667, 1, 1),
(316, 46, '1030', 'Hard ware Item', '2023-10-03', 1, 4010, 4010, 10709.384615384, 1, 1),
(317, 46, '1034', 'Plumbing Item', '2023-10-02', 1, 9455, 9455, 33121.681818182, 1, 1),
(318, 46, '1034', 'Plumbing Item', '2023-09-03', 1, 25840, 25840, 32805.086956522, 1, 1),
(319, 46, '1030', 'Hard ware Item', '2023-09-03', 1, 22480, 22480, 11550.142857142, 1, 1),
(320, 46, '1034', 'Plumbing Item', '2023-10-03', 1, 11420, 11420, 31914.041666667, 1, 1),
(321, 46, '1034', 'Plumbing Item', '2023-09-25', 1, 39529, 39529, 32218.64, 1, 1),
(322, 46, '1034', 'Plumbing Item', '2023-09-25', 1, 14727, 14727, 31545.884615385, 1, 1),
(323, 46, '1032', 'Electirc Fitting Multiple Item', '2023-09-27', 1, 3120, 3120, 24601, 1, 1),
(324, 46, '1034', 'Plumbing Item', '2023-10-13', 1, 9230, 9230, 30719.370370371, 1, 1),
(325, 46, '1030', 'Hard ware Item', '2023-12-07', 1, 610, 610, 10820.799999999, 1, 1),
(326, 47, '1051', 'Mixer Machine 180 Litre', '2023-12-24', 0, 96000, 0, 0, 1, 0),
(327, 47, '1027', 'Delivery Charges', '2023-12-24', 0, 6300, 0, 0, 1, 0),
(328, 48, '1060', 'Kitchen Top', '2024-01-10', 1, 10425, 10425, 10425, 1, 1),
(329, 49, '1002', 'Cement', '2023-12-11', 10, 1100, 1100, 1047.5555555555, 10, 10),
(330, 49, '1002', 'Cement', '2023-11-11', 5, 1150, 1150, 1047.7827050997, 5, 5),
(331, 49, '1002', 'Cement', '2023-11-11', 2, 1800, 1800, 1048.449268941, 2, 2),
(332, 49, '1025', 'Bond', '2023-11-11', 15, 450, 450, 450, 15, 15),
(333, 49, '1002', 'Cement', '2023-11-18', 15, 1110, 1110, 1048.8556338027, 15, 15),
(334, 49, '1002', 'Cement', '2023-12-02', 25, 1110, 1110, 1049.5211144971, 25, 25),
(335, 49, '1002', 'Cement', '2023-12-06', 25, 1150, 1150, 1050.6029285098, 25, 25),
(336, 49, '1002', 'Cement', '2023-12-11', 15, 1150, 1150, 1051.2409071458, 15, 15),
(337, 49, '1002', 'Cement', '2023-12-16', 15, 1150, 1150, 1051.8707482992, 15, 15),
(338, 49, '1002', 'Cement', '2023-12-25', 1, 1135, 1135, 1051.9060773479, 1, 1),
(339, 49, '1002', 'Cement', '2023-12-25', 1, 2000, 2000, 1052.3088360236, 1, 1),
(340, 49, '1025', 'Bond', '2023-12-27', 1, 400, 400, 446.875, 1, 1),
(341, 49, '1002', 'Cement', '2023-12-27', 1, 1100, 1100, 1052.3290870486, 1, 1),
(342, 50, '1030', 'Hard ware Item', '2023-12-11', 1, 15510, 15510, 11113.874999999, 1, 1),
(343, 51, '1036', 'Color in Drums', '2023-12-27', 1, 14850, 14850, 5256.6666666666, 1, 1),
(344, 51, '1044', 'Color in Quarter', '2023-12-28', 2, 1200, 1200, 1200, 2, 2),
(345, 51, '1045', 'Color Tools', '2023-12-28', 1, 280, 280, 156.53846153846, 1, 1),
(346, 52, '1027', 'Delivery Charges', '2022-12-24', 1, 1500, 1500, 0, 1, 1),
(347, 53, '1004', 'Raiti', '2023-11-03', 350, 57.142857, 57.142857, 53.548387005376, 350, 350),
(348, 53, '1005', 'Mix', '2023-12-04', 500, 56, 56, 55.086206857759, 500, 500),
(349, 54, '1023', 'Floor Tiles', '2024-04-04', 1, 17528, 17528, 17528, 1, 1),
(350, 55, '1048', 'Iron Grill', '2024-02-18', 1, 18500, 18500, 18500, 1, 1),
(351, 56, '1011', 'Bhalu Mitti', '2023-01-14', 3, 4500, 4500, 14.950914167341, 3, 3),
(352, 57, '1002', 'Cement', '2023-12-16', 5, 1100, 1100, 1052.4300847455, 5, 5),
(353, 57, '1002', 'Cement', '2023-12-16', 5, 1170, 1170, 1052.6786469342, 5, 5),
(354, 57, '1001', 'Steel', '2023-12-18', 102, 265, 265, 210.22352173658, 102, 102),
(355, 57, '1001', 'Steel', '2023-12-18', 282, 265, 265, 210.68818999367, 282, 282),
(356, 57, '1027', 'Delivery Charges', '2023-12-18', 1, 2000, 2000, 0, 1, 1),
(357, 57, '1002', 'Cement', '2023-12-18', 15, 1100, 1100, 1052.976890756, 15, 15),
(358, 57, '1027', 'Delivery Charges', '2024-01-03', 1, 2500, 2500, 0, 1, 1),
(359, 57, '1002', 'Cement', '2024-01-03', 50, 1170, 1170, 1055.3847736623, 50, 50),
(360, 57, '1001', 'Steel', '2024-01-03', 444, 265, 265, 211.40402825896, 444, 444),
(361, 57, '1001', 'Steel', '2024-01-03', 849, 265, 265, 212.72158037872, 849, 849),
(362, 57, '1002', 'Cement', '2024-01-11', 50, 1170, 1170, 1057.6955645159, 50, 50),
(363, 57, '1002', 'Cement', '2024-01-21', 25, 1150, 1150, 1058.6167664668, 25, 25),
(364, 57, '1027', 'Delivery Charges', '2024-01-21', 1, 2500, 2500, 0, 1, 1),
(365, 57, '1001', 'Steel', '2024-01-21', 301, 265, 265, 213.17327840972, 301, 301),
(366, 57, '1001', 'Steel', '2024-01-21', 143, 265, 265, 213.38514865521, 143, 143),
(367, 57, '1001', 'Steel', '2024-01-21', 96, 250, 250, 213.4853603592, 96, 96),
(368, 57, '1002', 'Cement', '2024-01-28', 50, 1170, 1170, 1060.7964774948, 50, 50),
(369, 57, '1002', 'Cement', '2024-01-28', 1, 1900, 1900, 1061.1248043815, 1, 1),
(370, 57, '1002', 'Cement', '2024-02-07', 50, 1170, 1170, 1063.2137375284, 50, 50),
(371, 57, '1002', 'Cement', '2024-02-18', 50, 1170, 1170, 1065.224021084, 50, 50),
(372, 57, '1002', 'Cement', '2024-02-25', 35, 1170, 1170, 1066.5867707169, 35, 35),
(373, 57, '1002', 'Cement', '2024-02-25', 5, 1180, 1180, 1066.7971068246, 5, 5),
(374, 57, '1002', 'Cement', '2024-02-25', 2, 2000, 2000, 1067.488880652, 2, 2),
(375, 57, '1027', 'Delivery Charges', '2024-02-25', 1, 1500, 1500, 0, 1, 1),
(376, 58, '1002', 'Cement', '2024-03-04', 35, 1170, 1170, 1068.8016831318, 35, 35),
(377, 58, '1027', 'Delivery Charges', '2024-05-01', 1, 1500, 1500, 0, 1, 1),
(378, 58, '1027', 'Delivery Charges', '2024-03-11', 1, 1500, 1500, 0, 1, 1),
(379, 58, '1002', 'Cement', '2024-03-11', 15, 1170, 1170, 1069.3540756911, 15, 15),
(380, 59, '1005', 'Mix', '2023-12-16', 150, 66.666666, 66.666666, 55.234042506383, 150, 150),
(381, 59, '1006', 'Crush', '2023-12-16', 150, 80, 80, 73.389828771186, 150, 150),
(382, 59, '1005', 'Mix', '2023-12-26', 150, 66.666666, 66.666666, 55.378151205882, 150, 150),
(383, 59, '1005', 'Mix', '2024-01-07', 150, 66.666666, 66.666666, 55.518672136929, 150, 150),
(384, 59, '1005', 'Mix', '2024-01-09', 150, 66.666666, 66.666666, 55.655737635245, 150, 150),
(385, 59, '1006', 'Crush', '2024-01-09', 150, 80, 80, 73.553717314049, 150, 150),
(386, 60, '1004', 'Raiti', '2024-01-12', 150, 66.66666, 66.66666, 53.756613560846, 150, 150),
(387, 60, '1005', 'Mix', '2024-01-13', 150, 66.666666, 66.666666, 55.789473607287, 150, 150),
(388, 60, '1004', 'Raiti', '2024-01-13', 150, 66.666666, 66.666666, 53.958333130208, 150, 150),
(389, 60, '1004', 'Raiti', '2024-01-14', 150, 66.666666, 66.666666, 54.153845943589, 150, 150),
(390, 60, '1005', 'Mix', '2024-01-22', 150, 66.666666, 66.666666, 55.919999916, 150, 150),
(391, 60, '1005', 'Mix', '2024-01-25', 150, 66.666666, 66.666666, 56.04743073913, 150, 150),
(392, 60, '1005', 'Mix', '2024-02-01', 150, 66.666666, 66.666666, 56.171874902343, 150, 150),
(393, 60, '1006', 'Crush', '2024-02-01', 125, 80, 80, 73.684208866396, 125, 125),
(394, 60, '1004', 'Raiti', '2024-02-03', 150, 66.666666, 66.666666, 54.343434126262, 150, 150),
(395, 60, '1005', 'Mix', '2024-02-08', 150, 66.666666, 66.666666, 56.293436189188, 150, 150),
(396, 60, '1004', 'Raiti', '2024-02-09', 150, 66.666666, 66.666666, 54.527362960198, 150, 150),
(397, 60, '1005', 'Mix', '2024-02-13', 150, 66.666666, 66.666666, 56.41221362977, 150, 150),
(398, 60, '1004', 'Raiti', '2024-02-15', 150, 66.666666, 66.666666, 54.705882122548, 150, 150),
(399, 60, '1004', 'Raiti', '2024-02-19', 150, 66.666666, 66.666666, 54.879226816424, 150, 150),
(400, 61, '1006', 'Crush', '2024-01-27', 100, 70, 70, 73.625496374501, 100, 100),
(401, 62, '1005', 'Mix', '2024-03-17', 50, 60, 60, 56.425855403041, 50, 50),
(402, 63, '1013', 'Chokhat', '2024-02-22', 52, 260, 260, 228.70938389113, 52, 52),
(403, 63, '1027', 'Delivery Charges', '2024-05-03', 1, 800, 800, 0, 1, 1),
(404, 64, '1023', 'Floor Tiles', '2024-02-05', 9.72, 1880, 1880, 1996.2901307966, 9.72, 9.72),
(405, 64, '1025', 'Bond', '2024-02-05', 4, 520, 520, 519.30555555555, 4, 4),
(406, 65, '1023', 'Floor Tiles', '2024-02-19', 123.84, 1880, 1880, 2005.3444408843, 123.84, 123.84),
(407, 65, '1046', 'Bathroom Tile', '2024-02-19', 24.48, 2230, 2230, 1754.5283018868, 24.48, 24.48),
(408, 65, '1046', 'Bathroom Tile', '2024-02-19', 14.4, 1880, 1880, 1774.4444444445, 14.4, 14.4),
(409, 65, '1046', 'Bathroom Tile', '2024-02-19', 5.76, 2230, 2230, 1801.6417910448, 5.76, 5.76),
(410, 65, '1046', 'Bathroom Tile', '2024-02-19', 25.92, 1880, 1880, 1818.2352941177, 25.92, 25.92),
(411, 65, '1046', 'Bathroom Tile', '2024-02-19', 7.2, 2400, 2400, 1850.5555555556, 7.2, 7.2),
(412, 65, '1025', 'Bond', '2024-02-19', 50, 540, 540, 517.42424242424, 50, 50),
(413, 65, '1070', 'Spacer', '2024-02-19', 2, 380, 380, 380, 2, 2),
(414, 65, '1025', 'Bond', '2024-02-19', 2, 580, 580, 519.26470588235, 2, 2),
(415, 65, '1027', 'Delivery Charges', '2024-02-19', 1, 10998, 10998, 0, 1, 1),
(416, 66, '1046', 'Bathroom Tile', '2024-02-26', 1, 1000, 1000, 1844.04287902, 1, 1),
(417, 66, '1046', 'Bathroom Tile', '2024-02-26', 1, 1100, 1100, 1838.3890577509, 1, 1),
(418, 67, '1046', 'Bathroom Tile', '2024-03-03', 1, 6903, 6903, 1876.5837104074, 1, 1),
(419, 68, '1071', 'Tile Riser', '2024-03-08', 114, 128, 128, 128, 114, 114),
(420, 69, '1046', 'Bathroom Tile', '2024-03-20', 1, 47536, 47536, 2218.3458083834, 1, 1),
(421, 70, '1047', 'Kitchen Tile', '2024-03-15', 10.5, 1250, 1250, 1250, 10.5, 10.5),
(422, 71, '1073', 'Marble', '2024-01-30', 250, 72, 72, 72, 250, 250),
(423, 71, '1061', 'Pillar', '2024-01-30', 1, 500, 500, 500, 1, 1),
(424, 71, '1063', 'Tile &amp; Marble Cutting Charges', '2024-01-30', 20, 20, 20, 20, 20, 20),
(425, 71, '1073', 'Marble', '2024-01-30', 250, 30, 30, 51, 250, 250),
(426, 71, '1027', 'Delivery Charges', '2024-01-30', 1, 1200, 1200, 0, 1, 1),
(427, 72, '1080', 'Aluminum Door', '2024-03-20', 3, 10000, 10000, 10000, 3, 3),
(428, 72, '1081', 'Aluminum Window', '2024-03-20', 27.5, 1120, 1120, 1120, 27.5, 27.5),
(429, 72, '1081', 'Aluminum Window', '2024-03-20', 26, 980, 980, 1051.9626168224, 26, 26),
(430, 72, '1027', 'Delivery Charges', '2024-03-20', 1, 2500, 2500, 0, 1, 1),
(431, 72, '1081', 'Aluminum Window', '2024-03-20', 1, 25000, 25000, 1491.376146789, 1, 1),
(433, 74, '1075', 'Plinth Chemical', '2024-01-01', 1, 2000, 2000, 2000, 1, 1),
(434, 75, '1054', 'Steel Cutting Services', '2024-05-06', 0, 4000, 0, 0, 1, 0),
(435, 76, '1054', 'Steel Cutting Services', '2024-01-08', 0, 2000, 0, 0, 1, 0),
(436, 77, '1054', 'Steel Cutting Services', '2024-01-23', 0, 3000, 0, 0, 1, 0),
(437, 78, '1054', 'Steel Cutting Services', '2024-01-24', 0, 4000, 0, 0, 1, 0),
(438, 79, '1054', 'Steel Cutting Services', '2024-01-26', 0, 2000, 0, 0, 1, 0),
(439, 80, '1054', 'Steel Cutting Services', '2024-01-27', 0, 2000, 0, 0, 1, 0),
(440, 81, '1054', 'Steel Cutting Services', '2024-02-06', 0, 2000, 0, 0, 1, 0),
(441, 82, '1008', 'Block', '2023-12-23', 1, 114700, 114700, 41.946668499366, 1, 1),
(442, 83, '1005', 'Mix', '2024-02-28', 150, 66.666666, 66.666666, 56.541353266916, 150, 150),
(443, 83, '1004', 'Raiti', '2024-03-05', 150, 66.666666, 66.666666, 55.047618804761, 150, 150),
(444, 84, '1060', 'Kitchen Top', '2024-03-23', 1, 39250, 39250, 24837.5, 1, 1),
(445, 84, '1060', 'Kitchen Top', '2024-03-23', 1, 12125, 12125, 20600, 1, 1),
(446, 84, '1027', 'Delivery Charges', '2024-03-23', 1, 1200, 1200, 0, 1, 1),
(447, 84, '1073', 'Marble', '2024-03-23', 1, 46410, 46410, 143.53293413174, 1, 1),
(448, 84, '1073', 'Marble', '2024-03-23', 1, 10260, 10260, 163.68525896415, 1, 1),
(449, 84, '1027', 'Delivery Charges', '2024-03-23', 1, 1755, 1755, 0, 1, 1),
(450, 85, '1001', 'Steel', '2024-05-09', 0, 23, 0, 0, 2, 0),
(451, 86, '1010', 'Rori', '2024-05-09', 0, 500, 0, 0, 3, 0),
(452, 87, '1002', 'Cement', '2024-05-10', 10, 1170, 1170, 1069.7189992745, 10, 10),
(453, 88, '1008', 'Block', '2024-05-10', 100, 114700, 114700, 434.597787747, 100, 100),
(454, 89, '1014', 'keel', '2024-05-10', 200, 10, 10, 10, 200, 200),
(455, 90, '3123', 'service', '2024-05-10', 0, 0, 0, 0, 1, 0),
(456, 91, '3123', 'service', '2024-05-10', 0, 9000, 9000, 0, 1, 1),
(457, 92, '1003', 'Binding Wire', '2024-05-11', 12, 400, 400, 381.62195121951, 12, 12),
(458, 93, '1003', 'Binding Wire', '2024-05-11', 1, 400, 400, 381.73333333333, 1, 1),
(459, 93, '1001', 'Steel', '2024-05-11', 1, 250, 250, 213.48640134445, 1, 1),
(460, 94, '1001', 'Steel', '2024-05-11', 1, 250, 250, 213.48744227035, 1, 1),
(461, 94, '1003', 'Binding Wire', '2024-05-11', 2, 400, 400, 381.95209580838, 2, 2),
(462, 95, '1001', 'Steel', '2024-05-11', 1, 500, 500, 213.4956099079, 1, 1),
(463, 96, '1014', 'keel', '2024-05-12', 2, 175, 175, 11.633663366337, 2, 2),
(464, 97, '1001', 'Steel', '2024-05-13', 10, 204, 204, 213.49290375785, 10, 10),
(465, 98, '1001', 'Steel', '2024-05-13', 20, 204, 204, 213.48749608246, 20, 20),
(466, 99, '1004', 'Raiti', '2024-05-13', 0, 101, 0, 0, 2, 0),
(467, 100, '1001', 'Steel', '2024-05-13', 20, 204, 204, 213.48209456458, 20, 20),
(468, 101, '1007', 'Stones for Elevation', '2024-05-13', 101, 500, 500, 369.5652173913, 101, 101),
(469, 102, '1001', 'Steel', '2024-05-13', 1, 250, 250, 213.48313407228, 1, 1),
(470, 103, '1005', 'Mix', '2024-05-13', 1, 99, 99, 56.544545406359, 1, 1),
(471, 104, '1001', 'Steel', '2024-05-13', 1, 66, 66, 213.4789359813, 1, 1),
(472, 105, '1001', 'Steel', '2024-05-13', 1, 77, 77, 213.47505123418, 1, 1),
(473, 106, '3123', 'service', '2024-05-14', 0, 500, 0, 0, 1, 0),
(474, 107, '1004', 'Raiti', '2024-05-15', 2, 101, 101, 55.056369972385, 2, 2),
(475, 108, '3123', 'service', '2024-05-15', 0, 10000, 0, 0, 1, 0),
(476, 109, '1001', 'Steel', '2024-05-16', 100, 204, 204, 213.44815792346, 100, 100),
(477, 110, '1005', 'Mix', '2024-05-17', 0, 99, 0, 0, 1, 0);

-- --------------------------------------------------------

--
-- Table structure for table `erp_replica_quick_entries`
--

CREATE TABLE `erp_replica_quick_entries` (
  `id` smallint(5) UNSIGNED NOT NULL,
  `type` tinyint(1) NOT NULL DEFAULT '0',
  `description` varchar(60) COLLATE utf8_unicode_ci NOT NULL,
  `usage` varchar(120) COLLATE utf8_unicode_ci DEFAULT NULL,
  `base_amount` double NOT NULL DEFAULT '0',
  `base_desc` varchar(60) COLLATE utf8_unicode_ci DEFAULT NULL,
  `bal_type` tinyint(1) NOT NULL DEFAULT '0'
) ENGINE=InnoDB DEFAULT CHARSET=utf8 COLLATE=utf8_unicode_ci;

-- --------------------------------------------------------

--
-- Table structure for table `erp_replica_quick_entry_lines`
--

CREATE TABLE `erp_replica_quick_entry_lines` (
  `id` smallint(5) UNSIGNED NOT NULL,
  `qid` smallint(5) UNSIGNED NOT NULL,
  `amount` double DEFAULT '0',
  `memo` tinytext COLLATE utf8_unicode_ci NOT NULL,
  `action` varchar(2) COLLATE utf8_unicode_ci NOT NULL,
  `dest_id` varchar(15) COLLATE utf8_unicode_ci NOT NULL DEFAULT '',
  `dimension_id` smallint(5) UNSIGNED DEFAULT NULL,
  `dimension2_id` smallint(5) UNSIGNED DEFAULT NULL
) ENGINE=InnoDB DEFAULT CHARSET=utf8 COLLATE=utf8_unicode_ci;

-- --------------------------------------------------------

--
-- Table structure for table `erp_replica_recurrent_invoices`
--

CREATE TABLE `erp_replica_recurrent_invoices` (
  `id` smallint(5) UNSIGNED NOT NULL,
  `description` varchar(60) COLLATE utf8_unicode_ci NOT NULL DEFAULT '',
  `order_no` int(10) UNSIGNED NOT NULL,
  `debtor_no` int(10) UNSIGNED DEFAULT NULL,
  `group_no` smallint(5) UNSIGNED DEFAULT NULL,
  `days` int(11) NOT NULL DEFAULT '0',
  `monthly` int(11) NOT NULL DEFAULT '0',
  `begin` date NOT NULL DEFAULT '0000-00-00',
  `end` date NOT NULL DEFAULT '0000-00-00',
  `last_sent` date NOT NULL DEFAULT '0000-00-00'
) ENGINE=InnoDB DEFAULT CHARSET=utf8 COLLATE=utf8_unicode_ci;

-- --------------------------------------------------------

--
-- Table structure for table `erp_replica_reflines`
--

CREATE TABLE `erp_replica_reflines` (
  `id` int(11) NOT NULL,
  `trans_type` int(11) NOT NULL,
  `prefix` char(5) COLLATE utf8_unicode_ci NOT NULL DEFAULT '',
  `pattern` varchar(35) COLLATE utf8_unicode_ci NOT NULL DEFAULT '1',
  `description` varchar(60) COLLATE utf8_unicode_ci NOT NULL DEFAULT '',
  `default` tinyint(1) NOT NULL DEFAULT '0',
  `inactive` tinyint(1) NOT NULL DEFAULT '0'
) ENGINE=InnoDB DEFAULT CHARSET=utf8 COLLATE=utf8_unicode_ci;

--
-- Dumping data for table `erp_replica_reflines`
--

INSERT INTO `erp_replica_reflines` (`id`, `trans_type`, `prefix`, `pattern`, `description`, `default`, `inactive`) VALUES
(24, 0, '', '{001}/{YYYY}	', '', 1, 0),
(25, 2, '', '{001}/{YYYY}	', '', 1, 0),
(26, 1, '', '{001}/{YYYY}	', '', 1, 0),
(27, 12, '', '{001}/{YYYY}', '', 1, 0),
(28, 4, '', '{001}/{YYYY}	', '', 1, 0),
(29, 10, '', '{001}/{YYYY}', '', 1, 0),
(30, 11, '', '{001}/{YYYY}', '', 1, 0),
(31, 13, '', '{001}/{YYYY}	', '', 1, 0),
(32, 16, '', '{001}/{YYYY}	', '', 1, 0),
(33, 17, '', '{001}/{YYYY}	', '', 1, 0),
(34, 18, '', '{001}/{YYYY}	', '', 1, 0),
(35, 20, '', '{001}/{YYYY}	', '', 1, 0),
(36, 21, '', '{001}/{YYYY}	', '', 1, 0),
(37, 22, '', '{001}/{YYYY}	', '', 1, 0),
(38, 25, '', '{001}/{YYYY}	', '', 1, 0),
(39, 26, '', '{001}/{YYYY}	', '', 1, 0),
(40, 28, '', '{001}/{YYYY}	', '', 1, 0),
(41, 29, '', '{001}/{YYYY}	', '', 1, 0),
(42, 30, '', '{001}/{YYYY}	', '', 1, 0),
(43, 32, '', '{001}/{YYYY}	', '', 1, 0),
(44, 35, '', '{001}/{YYYY}	', '', 1, 0),
(45, 40, '', '{001}/{YYYY}	', '', 1, 0);

-- --------------------------------------------------------

--
-- Table structure for table `erp_replica_refs`
--

CREATE TABLE `erp_replica_refs` (
  `id` int(11) NOT NULL DEFAULT '0',
  `type` int(11) NOT NULL DEFAULT '0',
  `reference` varchar(100) COLLATE utf8_unicode_ci NOT NULL DEFAULT ''
) ENGINE=InnoDB DEFAULT CHARSET=utf8 COLLATE=utf8_unicode_ci;

--
-- Dumping data for table `erp_replica_refs`
--

INSERT INTO `erp_replica_refs` (`id`, `type`, `reference`) VALUES
(1, 0, '001/2022	'),
(2, 0, '001/2023	'),
(3, 0, '001/2024	'),
(4, 0, '002/2023	'),
(5, 0, '002/2024	'),
(8, 0, '003/2023	'),
(6, 0, '003/2024	'),
(7, 0, '004/2024	'),
(9, 0, '005/2024	'),
(10, 0, '006/2024	'),
(1, 1, '001/2022	'),
(18, 1, '001/2023	'),
(89, 1, '001/2024	'),
(90, 1, '001/2024	'),
(108, 1, '001/2024	'),
(2, 1, '002/2022	'),
(21, 1, '002/2023	'),
(109, 1, '002/2024	'),
(3, 1, '003/2022	'),
(37, 1, '003/2023	'),
(110, 1, '003/2024	'),
(4, 1, '004/2022	'),
(52, 1, '004/2023	'),
(111, 1, '004/2024	'),
(5, 1, '005/2022	'),
(55, 1, '005/2023	'),
(112, 1, '005/2024	'),
(6, 1, '006/2022	'),
(73, 1, '006/2023	'),
(113, 1, '006/2024	'),
(7, 1, '007/2022	'),
(74, 1, '007/2023	'),
(114, 1, '007/2024	'),
(8, 1, '008/2022	'),
(75, 1, '008/2023	'),
(115, 1, '008/2024	'),
(123, 1, '008/2024	'),
(9, 1, '009/2022	'),
(77, 1, '009/2023	'),
(124, 1, '009/2024	'),
(10, 1, '010/2022	'),
(78, 1, '010/2023	'),
(125, 1, '010/2024	'),
(11, 1, '011/2022	'),
(79, 1, '011/2023	'),
(126, 1, '011/2024	'),
(12, 1, '012/2022	'),
(80, 1, '012/2023	'),
(127, 1, '012/2024	'),
(13, 1, '013/2022	'),
(81, 1, '013/2023	'),
(128, 1, '013/2024	'),
(14, 1, '014/2022	'),
(82, 1, '014/2023	'),
(129, 1, '014/2024	'),
(15, 1, '015/2022	'),
(83, 1, '015/2023	'),
(130, 1, '015/2024	'),
(16, 1, '016/2022	'),
(84, 1, '016/2023	'),
(131, 1, '016/2024	'),
(17, 1, '017/2022	'),
(85, 1, '017/2023	'),
(132, 1, '017/2024	'),
(19, 1, '018/2022	'),
(86, 1, '018/2023	'),
(20, 1, '019/2022	'),
(87, 1, '019/2023	'),
(88, 1, '019/2023	'),
(91, 1, '019/2023	'),
(22, 1, '020/2022	'),
(92, 1, '020/2023	'),
(23, 1, '021/2022	'),
(93, 1, '021/2023	'),
(24, 1, '022/2022	'),
(94, 1, '022/2023	'),
(95, 1, '022/2023	'),
(25, 1, '023/2022	'),
(96, 1, '023/2023	'),
(26, 1, '024/2022	'),
(97, 1, '024/2023	'),
(27, 1, '025/2022	'),
(98, 1, '025/2023	'),
(28, 1, '026/2022	'),
(99, 1, '026/2023	'),
(29, 1, '027/2022	'),
(100, 1, '027/2023	'),
(30, 1, '028/2022	'),
(101, 1, '028/2023	'),
(31, 1, '029/2022	'),
(102, 1, '029/2023	'),
(32, 1, '030/2022	'),
(103, 1, '030/2023	'),
(33, 1, '031/2022	'),
(104, 1, '031/2023	'),
(34, 1, '032/2022	'),
(105, 1, '032/2023	'),
(35, 1, '033/2022	'),
(106, 1, '033/2023	'),
(36, 1, '034/2022	'),
(107, 1, '034/2023	'),
(38, 1, '035/2022	'),
(116, 1, '035/2023	'),
(39, 1, '036/2022	'),
(117, 1, '036/2023	'),
(40, 1, '037/2022	'),
(118, 1, '037/2023	'),
(41, 1, '038/2022	'),
(119, 1, '038/2023	'),
(42, 1, '039/2022	'),
(120, 1, '039/2023	'),
(43, 1, '040/2022	'),
(121, 1, '040/2023	'),
(44, 1, '041/2022	'),
(122, 1, '041/2023	'),
(45, 1, '042/2022	'),
(46, 1, '043/2022	'),
(47, 1, '044/2022	'),
(48, 1, '045/2022	'),
(49, 1, '046/2022	'),
(50, 1, '047/2022	'),
(51, 1, '048/2022	'),
(53, 1, '049/2022	'),
(54, 1, '050/2022	'),
(56, 1, '051/2022	'),
(57, 1, '052/2022	'),
(58, 1, '053/2022	'),
(59, 1, '054/2022	'),
(60, 1, '055/2022	'),
(61, 1, '056/2022	'),
(62, 1, '057/2022	'),
(63, 1, '058/2022	'),
(64, 1, '059/2022	'),
(65, 1, '060/2022	'),
(66, 1, '061/2022	'),
(67, 1, '062/2022	'),
(68, 1, '063/2022	'),
(69, 1, '064/2022	'),
(70, 1, '065/2022	'),
(71, 1, '066/2022	'),
(72, 1, '067/2022	'),
(76, 1, '068/2022	'),
(1, 2, '001/2022	'),
(2, 2, '001/2022	'),
(3, 2, '001/2022	'),
(17, 2, '001/2023	'),
(93, 2, '001/2024	'),
(97, 2, '001/2024	'),
(4, 2, '002/2022	'),
(18, 2, '002/2023	'),
(94, 2, '002/2024	'),
(98, 2, '002/2024	'),
(5, 2, '003/2022	'),
(19, 2, '003/2023	'),
(95, 2, '003/2024	'),
(99, 2, '003/2024	'),
(6, 2, '004/2022	'),
(20, 2, '004/2023	'),
(100, 2, '004/2024	'),
(101, 2, '004/2024	'),
(7, 2, '005/2022	'),
(21, 2, '005/2023	'),
(103, 2, '005/2024	'),
(8, 2, '006/2022	'),
(22, 2, '006/2023	'),
(104, 2, '006/2024	'),
(9, 2, '007/2022	'),
(23, 2, '007/2023	'),
(105, 2, '007/2024	'),
(10, 2, '008/2022	'),
(24, 2, '008/2023	'),
(106, 2, '008/2024	'),
(11, 2, '009/2022	'),
(25, 2, '009/2023	'),
(107, 2, '009/2024	'),
(12, 2, '010/2022	'),
(26, 2, '010/2023	'),
(108, 2, '010/2024	'),
(13, 2, '011/2022	'),
(27, 2, '011/2023	'),
(109, 2, '011/2024	'),
(14, 2, '012/2022	'),
(28, 2, '012/2023	'),
(110, 2, '012/2024	'),
(15, 2, '013/2022	'),
(29, 2, '013/2023	'),
(111, 2, '013/2024	'),
(16, 2, '014/2022	'),
(30, 2, '014/2023	'),
(71, 2, '015/2022	'),
(31, 2, '015/2023	'),
(32, 2, '016/2023	'),
(33, 2, '017/2023	'),
(34, 2, '018/2023	'),
(35, 2, '019/2023	'),
(36, 2, '020/2023	'),
(37, 2, '021/2023	'),
(38, 2, '022/2023	'),
(39, 2, '023/2023	'),
(40, 2, '024/2023	'),
(41, 2, '025/2023	'),
(42, 2, '026/2023	'),
(43, 2, '027/2023	'),
(44, 2, '028/2023	'),
(45, 2, '029/2023	'),
(46, 2, '030/2023	'),
(47, 2, '031/2023	'),
(48, 2, '032/2023	'),
(49, 2, '033/2023	'),
(50, 2, '034/2023	'),
(51, 2, '035/2023	'),
(52, 2, '036/2023	'),
(53, 2, '037/2023	'),
(54, 2, '038/2023	'),
(55, 2, '039/2023	'),
(56, 2, '040/2023	'),
(57, 2, '041/2023	'),
(58, 2, '042/2023	'),
(59, 2, '043/2023	'),
(60, 2, '044/2023	'),
(61, 2, '045/2023	'),
(62, 2, '046/2023	'),
(63, 2, '047/2023	'),
(64, 2, '048/2023	'),
(65, 2, '049/2023	'),
(66, 2, '050/2023	'),
(67, 2, '051/2023	'),
(68, 2, '052/2023	'),
(69, 2, '053/2023	'),
(70, 2, '054/2023	'),
(72, 2, '055/2023	'),
(73, 2, '056/2023	'),
(74, 2, '057/2023	'),
(75, 2, '058/2023	'),
(76, 2, '059/2023	'),
(77, 2, '060/2023	'),
(78, 2, '061/2023	'),
(79, 2, '062/2023	'),
(80, 2, '063/2023	'),
(81, 2, '064/2023	'),
(82, 2, '065/2023	'),
(83, 2, '066/2023	'),
(84, 2, '067/2023	'),
(85, 2, '068/2023	'),
(86, 2, '069/2023	'),
(87, 2, '070/2023	'),
(88, 2, '071/2023	'),
(89, 2, '072/2023	'),
(90, 2, '073/2023	'),
(91, 2, '074/2023	'),
(92, 2, '075/2023	'),
(96, 2, '076/2023	'),
(102, 2, '077/2023	'),
(1, 10, '001/2024'),
(2, 10, '001/2024'),
(1, 12, '001/2024'),
(2, 12, '001/2024'),
(3, 12, '001/2024'),
(4, 12, '002/2024'),
(5, 12, '003/2024'),
(1, 18, '001/2022	'),
(5, 18, '001/2023	'),
(48, 18, '001/2024	'),
(2, 18, '002/2022	'),
(11, 18, '002/2023	'),
(55, 18, '002/2024	'),
(3, 18, '003/2022	'),
(12, 18, '003/2023	'),
(58, 18, '003/2024	'),
(4, 18, '004/2022	'),
(13, 18, '004/2023	'),
(60, 18, '004/2024	'),
(6, 18, '005/2022	'),
(14, 18, '005/2023	'),
(61, 18, '005/2024	'),
(7, 18, '006/2022	'),
(15, 18, '006/2023	'),
(62, 18, '006/2024	'),
(8, 18, '007/2022	'),
(16, 18, '007/2023	'),
(63, 18, '007/2024	'),
(9, 18, '008/2022	'),
(17, 18, '008/2023	'),
(64, 18, '008/2024	'),
(10, 18, '009/2022	'),
(20, 18, '009/2023	'),
(65, 18, '009/2024	'),
(18, 18, '010/2022	'),
(21, 18, '010/2023	'),
(66, 18, '010/2024	'),
(19, 18, '011/2022	'),
(22, 18, '011/2023	'),
(67, 18, '011/2024	'),
(28, 18, '012/2022	'),
(23, 18, '012/2023	'),
(68, 18, '012/2024	'),
(29, 18, '013/2022	'),
(24, 18, '013/2023	'),
(69, 18, '013/2024	'),
(93, 18, '0134/2024	'),
(31, 18, '014/2022	'),
(25, 18, '014/2023	'),
(70, 18, '014/2024	'),
(34, 18, '015/2022	'),
(26, 18, '015/2023	'),
(71, 18, '015/2024	'),
(52, 18, '016/2022	'),
(27, 18, '016/2023	'),
(72, 18, '016/2024	'),
(30, 18, '017/2023	'),
(73, 18, '017/2024	'),
(74, 18, '017/2024	'),
(32, 18, '018/2023	'),
(76, 18, '018/2024	'),
(33, 18, '019/2023	'),
(77, 18, '019/2024	'),
(35, 18, '020/2023	'),
(78, 18, '020/2024	'),
(36, 18, '021/2023	'),
(79, 18, '021/2024	'),
(37, 18, '022/2023	'),
(80, 18, '022/2024	'),
(38, 18, '023/2023	'),
(81, 18, '023/2024	'),
(39, 18, '024/2023	'),
(83, 18, '024/2024	'),
(40, 18, '025/2023	'),
(84, 18, '025/2024	'),
(41, 18, '026/2023	'),
(85, 18, '026/2024	'),
(42, 18, '027/2023	'),
(86, 18, '027/2024	'),
(43, 18, '028/2023	'),
(87, 18, '028/2024	'),
(44, 18, '029/2023	'),
(88, 18, '029/2024	'),
(45, 18, '030/2023	'),
(89, 18, '030/2024	'),
(46, 18, '031/2023	'),
(90, 18, '031/2024	'),
(47, 18, '032/2023	'),
(91, 18, '032/2024	'),
(49, 18, '033/2023	'),
(92, 18, '033/2024	'),
(50, 18, '034/2023	'),
(51, 18, '035/2023	'),
(53, 18, '036/2023	'),
(54, 18, '037/2023	'),
(56, 18, '038/2023	'),
(57, 18, '039/2023	'),
(59, 18, '040/2023	'),
(75, 18, '041/2023	'),
(82, 18, '042/2023	'),
(94, 18, '135/2024	'),
(95, 18, '136/2024	'),
(96, 18, '137/2024	'),
(97, 18, '138/2024	'),
(98, 18, '139/2024	'),
(99, 18, '140/2024	'),
(100, 18, '141/2024	'),
(101, 18, '142/2024	'),
(102, 18, '143/2024	'),
(103, 18, '144/2024	'),
(104, 18, '145/2024	'),
(105, 18, '146/2024	'),
(106, 18, '147/2024	'),
(107, 18, '148/2024	'),
(108, 18, '149/2024	'),
(109, 18, '150/2024	'),
(110, 18, '151/2024	'),
(1, 20, '001/2022	'),
(2, 20, '001/2023	'),
(44, 20, '001/2024	'),
(3, 20, '002/2023	'),
(45, 20, '002/2024	'),
(4, 20, '003/2023	'),
(46, 20, '003/2024	'),
(5, 20, '004/2023	'),
(47, 20, '004/2024	'),
(6, 20, '005/2023	'),
(7, 20, '005/2023	'),
(49, 20, '005/2024	'),
(8, 20, '006/2023	'),
(50, 20, '006/2024	'),
(9, 20, '007/2023	'),
(51, 20, '007/2024	'),
(10, 20, '008/2023	'),
(53, 20, '008/2024	'),
(11, 20, '009/2023	'),
(54, 20, '009/2024	'),
(12, 20, '010/2023	'),
(55, 20, '010/2024	'),
(13, 20, '011/2023	'),
(56, 20, '011/2024	'),
(14, 20, '012/2023	'),
(57, 20, '012/2024	'),
(15, 20, '013/2023	'),
(58, 20, '013/2024	'),
(77, 20, '0134/2024	'),
(16, 20, '014/2023	'),
(59, 20, '014/2024	'),
(17, 20, '015/2023	'),
(60, 20, '015/2024	'),
(18, 20, '016/2023	'),
(61, 20, '016/2024	'),
(19, 20, '017/2023	'),
(62, 20, '017/2024	'),
(20, 20, '018/2023	'),
(42, 20, '018/2023	'),
(63, 20, '018/2024	'),
(21, 20, '019/2023	'),
(41, 20, '019/2023	'),
(64, 20, '019/2024	'),
(22, 20, '020/2023	'),
(65, 20, '020/2024	'),
(23, 20, '021/2023	'),
(66, 20, '021/2024	'),
(24, 20, '022/2023	'),
(67, 20, '022/2024	'),
(25, 20, '023/2023	'),
(68, 20, '023/2024	'),
(26, 20, '024/2023	'),
(69, 20, '024/2024	'),
(27, 20, '025/2023	'),
(70, 20, '025/2024	'),
(28, 20, '026/2023	'),
(71, 20, '026/2024	'),
(29, 20, '027/2023	'),
(72, 20, '027/2024	'),
(30, 20, '028/2023	'),
(73, 20, '028/2024	'),
(31, 20, '029/2023	'),
(74, 20, '029/2024	'),
(32, 20, '030/2023	'),
(75, 20, '030/2024	'),
(33, 20, '031/2023	'),
(76, 20, '031/2024	'),
(34, 20, '032/2023	'),
(35, 20, '033/2023	'),
(36, 20, '034/2023	'),
(37, 20, '035/2023	'),
(38, 20, '036/2023	'),
(39, 20, '037/2023	'),
(40, 20, '038/2023	'),
(43, 20, '039/2023	'),
(48, 20, '040/2023	'),
(52, 20, '041/2023	'),
(78, 20, '135/2024	'),
(79, 20, '136/2024	'),
(80, 20, '137/2024	'),
(81, 20, '138/2024	'),
(82, 20, '139/2024	'),
(83, 20, '140/2024	'),
(84, 20, '141/2024	'),
(85, 20, '142/2024	'),
(86, 20, '143/2024	'),
(87, 20, '144/2024	'),
(88, 20, '145/2024	'),
(1, 22, '001/2022	'),
(3, 22, '001/2023	'),
(53, 22, '001/2024	'),
(2, 22, '002/2022	'),
(5, 22, '002/2023	'),
(55, 22, '002/2024	'),
(4, 22, '003/2022	'),
(6, 22, '003/2023	'),
(56, 22, '003/2024	'),
(8, 22, '004/2022	'),
(7, 22, '004/2023	'),
(57, 22, '004/2024	'),
(9, 22, '005/2023	'),
(59, 22, '005/2024	'),
(10, 22, '006/2023	'),
(60, 22, '006/2024	'),
(11, 22, '007/2023	'),
(12, 22, '007/2023	'),
(61, 22, '007/2024	'),
(13, 22, '008/2023	'),
(62, 22, '008/2024	'),
(14, 22, '009/2023	'),
(63, 22, '009/2024	'),
(15, 22, '010/2023	'),
(64, 22, '010/2024	'),
(65, 22, '010/2024	'),
(66, 22, '010/2024	'),
(67, 22, '010/2024	'),
(16, 22, '011/2023	'),
(68, 22, '011/2024	'),
(17, 22, '012/2023	'),
(69, 22, '012/2024	'),
(18, 22, '013/2023	'),
(70, 22, '013/2024	'),
(106, 22, '0134/2024	'),
(19, 22, '014/2023	'),
(71, 22, '014/2024	'),
(20, 22, '015/2023	'),
(72, 22, '015/2024	'),
(21, 22, '016/2023	'),
(73, 22, '016/2024	'),
(22, 22, '017/2023	'),
(74, 22, '017/2024	'),
(23, 22, '018/2023	'),
(75, 22, '018/2024	'),
(24, 22, '019/2023	'),
(76, 22, '019/2024	'),
(25, 22, '020/2023	'),
(77, 22, '020/2024	'),
(26, 22, '021/2023	'),
(78, 22, '021/2024	'),
(27, 22, '022/2023	'),
(79, 22, '022/2024	'),
(28, 22, '023/2023	'),
(80, 22, '023/2024	'),
(29, 22, '024/2023	'),
(81, 22, '024/2024	'),
(30, 22, '025/2023	'),
(82, 22, '025/2024	'),
(31, 22, '026/2023	'),
(83, 22, '026/2024	'),
(32, 22, '027/2023	'),
(84, 22, '027/2024	'),
(33, 22, '028/2023	'),
(85, 22, '028/2024	'),
(34, 22, '029/2023	'),
(86, 22, '029/2024	'),
(35, 22, '030/2023	'),
(87, 22, '030/2024	'),
(36, 22, '031/2023	'),
(88, 22, '031/2024	'),
(37, 22, '032/2023	'),
(89, 22, '032/2024	'),
(38, 22, '033/2023	'),
(90, 22, '033/2024	'),
(39, 22, '034/2023	'),
(91, 22, '034/2024	'),
(40, 22, '035/2023	'),
(92, 22, '035/2024	'),
(41, 22, '036/2023	'),
(93, 22, '036/2024	'),
(42, 22, '037/2023	'),
(94, 22, '037/2024	'),
(43, 22, '038/2023	'),
(95, 22, '038/2024	'),
(44, 22, '039/2023	'),
(96, 22, '039/2024	'),
(45, 22, '040/2023	'),
(97, 22, '040/2024	'),
(46, 22, '041/2023	'),
(98, 22, '041/2024	'),
(47, 22, '042/2023	'),
(99, 22, '042/2024	'),
(48, 22, '043/2023	'),
(100, 22, '043/2024	'),
(49, 22, '044/2023	'),
(101, 22, '044/2024	'),
(50, 22, '045/2023	'),
(102, 22, '045/2024	'),
(51, 22, '046/2023	'),
(103, 22, '046/2024	'),
(52, 22, '047/2023	'),
(104, 22, '047/2024	'),
(105, 22, '047/2024	'),
(54, 22, '048/2023	'),
(58, 22, '049/2023	'),
(107, 22, '135/2024	'),
(108, 22, '135/2024	'),
(109, 22, '136/2024	'),
(110, 22, '137/2024	'),
(111, 22, '138/2024	'),
(112, 22, '139/2024	'),
(113, 22, '140/2024	'),
(114, 22, '141/2024	'),
(115, 22, '142/2024	'),
(116, 22, '143/2024	'),
(1, 25, '001/2023	'),
(48, 25, '001/2024	'),
(2, 25, '002/2023	'),
(49, 25, '002/2024	'),
(3, 25, '003/2023	'),
(50, 25, '003/2024	'),
(4, 25, '004/2023	'),
(51, 25, '004/2024	'),
(5, 25, '005/2023	'),
(52, 25, '005/2024	'),
(6, 25, '006/2023	'),
(53, 25, '006/2024	'),
(7, 25, '007/2023	'),
(54, 25, '007/2024	'),
(8, 25, '008/2023	'),
(55, 25, '008/2024	'),
(9, 25, '009/2023	'),
(56, 25, '009/2024	'),
(10, 25, '010/2023	'),
(57, 25, '010/2024	'),
(11, 25, '011/2023	'),
(58, 25, '011/2024	'),
(12, 25, '012/2023	'),
(59, 25, '012/2024	'),
(13, 25, '013/2023	'),
(60, 25, '013/2024	'),
(82, 25, '0134/2024	'),
(14, 25, '014/2023	'),
(61, 25, '014/2024	'),
(15, 25, '015/2023	'),
(62, 25, '015/2024	'),
(16, 25, '016/2023	'),
(63, 25, '016/2024	'),
(17, 25, '017/2023	'),
(64, 25, '017/2024	'),
(18, 25, '018/2023	'),
(65, 25, '018/2024	'),
(19, 25, '019/2023	'),
(66, 25, '019/2024	'),
(20, 25, '020/2023	'),
(67, 25, '020/2024	'),
(21, 25, '021/2023	'),
(68, 25, '021/2024	'),
(22, 25, '022/2023	'),
(69, 25, '022/2024	'),
(23, 25, '023/2023	'),
(70, 25, '023/2024	'),
(24, 25, '024/2023	'),
(71, 25, '024/2024	'),
(25, 25, '025/2023	'),
(72, 25, '025/2024	'),
(26, 25, '026/2023	'),
(73, 25, '026/2024	'),
(27, 25, '027/2023	'),
(74, 25, '027/2024	'),
(28, 25, '028/2023	'),
(75, 25, '028/2024	'),
(29, 25, '029/2023	'),
(76, 25, '029/2024	'),
(30, 25, '030/2023	'),
(77, 25, '030/2024	'),
(31, 25, '031/2023	'),
(78, 25, '031/2024	'),
(32, 25, '032/2023	'),
(79, 25, '032/2024	'),
(33, 25, '033/2023	'),
(80, 25, '033/2024	'),
(34, 25, '034/2023	'),
(81, 25, '034/2024	'),
(35, 25, '035/2023	'),
(36, 25, '036/2023	'),
(37, 25, '037/2023	'),
(38, 25, '038/2023	'),
(39, 25, '039/2023	'),
(40, 25, '040/2023	'),
(41, 25, '041/2023	'),
(42, 25, '042/2023	'),
(43, 25, '043/2023	'),
(44, 25, '044/2023	'),
(45, 25, '045/2023	'),
(46, 25, '046/2023	'),
(47, 25, '047/2023	'),
(83, 25, '135/2024	'),
(84, 25, '136/2024	'),
(85, 25, '137/2024	'),
(86, 25, '138/2024	'),
(87, 25, '139/2024	'),
(88, 25, '140/2024	'),
(89, 25, '141/2024	'),
(90, 25, '142/2024	'),
(91, 25, '143/2024	'),
(92, 25, '144/2024	'),
(93, 25, '145/2024	'),
(94, 25, '146/2024	'),
(95, 25, '147/2024	'),
(18, 40, '001/2023	'),
(19, 40, '001/2023	'),
(20, 40, '001/2024	'),
(22, 40, '001/2024	'),
(21, 40, '002/2024	'),
(23, 40, '002/2024	'),
(24, 40, '003/2024	'),
(25, 40, '004/2024	'),
(26, 40, '004/2024	'),
(27, 40, '005/2024	'),
(28, 40, '010/2023	'),
(29, 40, '011/2023	'),
(30, 40, '012/2023	'),
(31, 40, '013/2023	');

-- --------------------------------------------------------

--
-- Table structure for table `erp_replica_room_sizes`
--

CREATE TABLE `erp_replica_room_sizes` (
  `room_size_code` int(11) NOT NULL,
  `appartment_code` int(11) NOT NULL,
  `room_type_code` int(11) NOT NULL,
  `area` decimal(5,2) NOT NULL,
  `inactive` tinyint(1) NOT NULL DEFAULT '0'
) ENGINE=InnoDB DEFAULT CHARSET=utf8 COLLATE=utf8_unicode_ci;

-- --------------------------------------------------------

--
-- Table structure for table `erp_replica_room_type`
--

CREATE TABLE `erp_replica_room_type` (
  `room_type_code` int(11) NOT NULL,
  `description` varchar(60) COLLATE utf8_unicode_ci NOT NULL DEFAULT '',
  `inactive` tinyint(1) NOT NULL DEFAULT '0'
) ENGINE=InnoDB DEFAULT CHARSET=utf8 COLLATE=utf8_unicode_ci;

-- --------------------------------------------------------

--
-- Table structure for table `erp_replica_salesman`
--

CREATE TABLE `erp_replica_salesman` (
  `salesman_code` int(11) NOT NULL,
  `salesman_name` char(60) COLLATE utf8_unicode_ci NOT NULL DEFAULT '',
  `salesman_phone` char(30) COLLATE utf8_unicode_ci NOT NULL DEFAULT '',
  `salesman_fax` char(30) COLLATE utf8_unicode_ci NOT NULL DEFAULT '',
  `salesman_email` varchar(100) COLLATE utf8_unicode_ci NOT NULL DEFAULT '',
  `provision` double NOT NULL DEFAULT '0',
  `break_pt` double NOT NULL DEFAULT '0',
  `provision2` double NOT NULL DEFAULT '0',
  `inactive` tinyint(1) NOT NULL DEFAULT '0'
) ENGINE=InnoDB DEFAULT CHARSET=utf8 COLLATE=utf8_unicode_ci;

--
-- Dumping data for table `erp_replica_salesman`
--

INSERT INTO `erp_replica_salesman` (`salesman_code`, `salesman_name`, `salesman_phone`, `salesman_fax`, `salesman_email`, `provision`, `break_pt`, `provision2`, `inactive`) VALUES
(1, 'Sales Person', '', '', '', 5000, 4, 0, 0);

-- --------------------------------------------------------

--
-- Table structure for table `erp_replica_sales_orders`
--

CREATE TABLE `erp_replica_sales_orders` (
  `order_no` int(11) NOT NULL,
  `trans_type` smallint(6) NOT NULL DEFAULT '30',
  `version` tinyint(3) UNSIGNED NOT NULL DEFAULT '0',
  `type` tinyint(1) NOT NULL DEFAULT '0',
  `debtor_no` int(11) NOT NULL DEFAULT '0',
  `branch_code` int(11) NOT NULL DEFAULT '0',
  `reference` varchar(100) COLLATE utf8_unicode_ci NOT NULL DEFAULT '',
  `customer_ref` tinytext COLLATE utf8_unicode_ci NOT NULL,
  `comments` tinytext COLLATE utf8_unicode_ci,
  `ord_date` date NOT NULL DEFAULT '0000-00-00',
  `order_type` int(11) NOT NULL DEFAULT '0',
  `ship_via` int(11) NOT NULL DEFAULT '0',
  `delivery_address` tinytext COLLATE utf8_unicode_ci NOT NULL,
  `contact_phone` varchar(30) COLLATE utf8_unicode_ci DEFAULT NULL,
  `contact_email` varchar(100) COLLATE utf8_unicode_ci DEFAULT NULL,
  `deliver_to` tinytext COLLATE utf8_unicode_ci NOT NULL,
  `freight_cost` double NOT NULL DEFAULT '0',
  `from_stk_loc` varchar(5) COLLATE utf8_unicode_ci NOT NULL DEFAULT '',
  `delivery_date` date NOT NULL DEFAULT '0000-00-00',
  `payment_terms` int(11) DEFAULT NULL,
  `total` double NOT NULL DEFAULT '0',
  `prep_amount` double NOT NULL DEFAULT '0',
  `alloc` double NOT NULL DEFAULT '0'
) ENGINE=InnoDB DEFAULT CHARSET=utf8 COLLATE=utf8_unicode_ci;

--
-- Dumping data for table `erp_replica_sales_orders`
--

INSERT INTO `erp_replica_sales_orders` (`order_no`, `trans_type`, `version`, `type`, `debtor_no`, `branch_code`, `reference`, `customer_ref`, `comments`, `ord_date`, `order_type`, `ship_via`, `delivery_address`, `contact_phone`, `contact_email`, `deliver_to`, `freight_cost`, `from_stk_loc`, `delivery_date`, `payment_terms`, `total`, `prep_amount`, `alloc`) VALUES
(1, 30, 1, 0, 13, 18, 'auto', '', '', '2024-04-29', 3, 1, 'Jauhar blk 4', '03443062572', NULL, 'Muhammad Ammar', 0, '00006', '2024-04-29', 4, 90000, 0, 0);

-- --------------------------------------------------------

--
-- Table structure for table `erp_replica_sales_order_details`
--

CREATE TABLE `erp_replica_sales_order_details` (
  `id` int(11) NOT NULL,
  `order_no` int(11) NOT NULL DEFAULT '0',
  `trans_type` smallint(6) NOT NULL DEFAULT '30',
  `stk_code` varchar(20) COLLATE utf8_unicode_ci NOT NULL DEFAULT '',
  `description` tinytext COLLATE utf8_unicode_ci,
  `qty_sent` double NOT NULL DEFAULT '0',
  `unit_price` double NOT NULL DEFAULT '0',
  `quantity` double NOT NULL DEFAULT '0',
  `invoiced` double NOT NULL DEFAULT '0',
  `discount_percent` double NOT NULL DEFAULT '0'
) ENGINE=InnoDB DEFAULT CHARSET=utf8 COLLATE=utf8_unicode_ci;

--
-- Dumping data for table `erp_replica_sales_order_details`
--

INSERT INTO `erp_replica_sales_order_details` (`id`, `order_no`, `trans_type`, `stk_code`, `description`, `qty_sent`, `unit_price`, `quantity`, `invoiced`, `discount_percent`) VALUES
(1, 1, 30, 'Unit 3', 'Unit 3', 0, 1000, 0, 0, 0),
(2, 1, 30, '', '', 0, 100, 0, 0, 5),
(3, 1, 30, '4th bb', '4th bb', 0, 90000, 1, 0, 0);

-- --------------------------------------------------------

--
-- Table structure for table `erp_replica_sales_pos`
--

CREATE TABLE `erp_replica_sales_pos` (
  `id` smallint(5) UNSIGNED NOT NULL,
  `pos_name` varchar(30) COLLATE utf8_unicode_ci NOT NULL,
  `cash_sale` tinyint(1) NOT NULL,
  `credit_sale` tinyint(1) NOT NULL,
  `pos_location` varchar(5) COLLATE utf8_unicode_ci NOT NULL,
  `pos_account` smallint(5) UNSIGNED NOT NULL,
  `inactive` tinyint(1) NOT NULL DEFAULT '0'
) ENGINE=InnoDB DEFAULT CHARSET=utf8 COLLATE=utf8_unicode_ci;

--
-- Dumping data for table `erp_replica_sales_pos`
--

INSERT INTO `erp_replica_sales_pos` (`id`, `pos_name`, `cash_sale`, `credit_sale`, `pos_location`, `pos_account`, `inactive`) VALUES
(1, 'default', 0, 0, '00003', 10, 0);

-- --------------------------------------------------------

--
-- Table structure for table `erp_replica_sales_types`
--

CREATE TABLE `erp_replica_sales_types` (
  `id` int(11) NOT NULL,
  `sales_type` char(50) COLLATE utf8_unicode_ci NOT NULL DEFAULT '',
  `tax_included` int(11) NOT NULL DEFAULT '0',
  `factor` double NOT NULL DEFAULT '1',
  `inactive` tinyint(1) NOT NULL DEFAULT '0'
) ENGINE=InnoDB DEFAULT CHARSET=utf8 COLLATE=utf8_unicode_ci;

--
-- Dumping data for table `erp_replica_sales_types`
--

INSERT INTO `erp_replica_sales_types` (`id`, `sales_type`, `tax_included`, `factor`, `inactive`) VALUES
(1, 'Retail', 0, 1, 0),
(2, 'Wholesale', 0, 1, 0),
(3, 'Genral', 0, 1, 0),
(4, 'GST', 1, 1, 1),
(5, 'SRB', 0, 1, 1),
(6, 'BRA', 1, 1, 1);

-- --------------------------------------------------------

--
-- Table structure for table `erp_replica_schedule_payment`
--

CREATE TABLE `erp_replica_schedule_payment` (
  `payment_id` int(11) NOT NULL,
  `inactive` tinyint(1) NOT NULL DEFAULT '0',
  `applicant` varchar(60) NOT NULL,
  `cnic` varchar(60) NOT NULL,
  `flat_no` varchar(60) NOT NULL,
  `floor` varchar(60) NOT NULL,
  `date` date NOT NULL,
  `booked_by` varchar(50) NOT NULL,
  `total_cost` varchar(50) NOT NULL,
  `discount` varchar(50) NOT NULL,
  `net_cost` varchar(50) NOT NULL,
  `name` varchar(50) NOT NULL,
  `contact_no` varchar(50) NOT NULL,
  `description` varchar(60) NOT NULL,
  `ground_floor` varchar(60) NOT NULL,
  `floor_f_s` varchar(60) NOT NULL,
  `floor_3` varchar(60) NOT NULL,
  `floor_4` varchar(50) NOT NULL
) ENGINE=InnoDB DEFAULT CHARSET=utf8mb4;

-- --------------------------------------------------------

--
-- Table structure for table `erp_replica_security_roles`
--

CREATE TABLE `erp_replica_security_roles` (
  `id` int(11) NOT NULL,
  `role` varchar(30) COLLATE utf8_unicode_ci NOT NULL,
  `description` varchar(50) COLLATE utf8_unicode_ci DEFAULT NULL,
  `sections` text COLLATE utf8_unicode_ci,
  `areas` text COLLATE utf8_unicode_ci,
  `inactive` tinyint(1) NOT NULL DEFAULT '0'
) ENGINE=InnoDB DEFAULT CHARSET=utf8 COLLATE=utf8_unicode_ci;

--
-- Dumping data for table `erp_replica_security_roles`
--

INSERT INTO `erp_replica_security_roles` (`id`, `role`, `description`, `sections`, `areas`, `inactive`) VALUES
(1, 'Inquiries', 'Inquiries', '768;2816;3072;3328;5632;5888;8192;8448;10752;11008;13312;15872;16128', '257;258;259;260;513;514;515;516;517;518;519;520;521;522;523;524;525;773;774;2822;3073;3075;3076;3077;3329;3330;3331;3332;3333;3334;3335;5377;5633;5640;5889;5890;5891;7937;7938;7939;7940;8193;8194;8450;8451;10497;10753;11009;11010;11012;13313;13315;15617;15618;15619;15620;15621;15622;15623;15624;15625;15626;15873;15882;16129;16130;16131;16132;775', 0),
(2, 'System Administrator', 'System Administrator', '256;512;768;2816;3072;3328;5376;5632;5888;7936;8192;8448;9472;9728;13056;13312;15616;15872;16128', '257;258;259;260;513;514;515;516;517;518;519;520;521;522;523;524;525;526;769;770;771;772;773;774;775;2817;2818;2819;2820;2821;2822;2823;3073;3074;3082;3075;3076;3077;3078;3079;3080;3081;3329;3330;3331;3332;3333;3334;3335;5377;5633;5634;5635;5636;5637;5641;5638;5639;5640;5889;5890;5891;7937;7938;7939;7940;8193;8194;8195;8196;8197;8449;8450;8451;9473;9474;9475;9476;9729;13057;13313;13314;13315;15617;15618;15619;15620;15621;15622;15623;15624;15628;15625;15626;15627;15873;15874;15875;15876;15877;15878;15879;15880;15883;15881;15882;16129;16130;16131;16132;9217;9218;9220;10497;10753;10754;10755;10756;10757;11009;11010;11011;11012', 0),
(3, 'Salesman', 'Salesman', '768;3072;5632;8192;15872', '773;774;3073;3075;3081;5633;8194;15873;775', 0),
(4, 'Stock Manager', 'Stock Manager', '768;2816;3072;3328;5632;5888;8192;8448;10752;11008;13312;15872;16128', '2818;2822;3073;3076;3077;3329;3330;3330;3330;3331;3331;3332;3333;3334;3335;5633;5640;5889;5890;5891;8193;8194;8450;8451;10753;11009;11010;11012;13313;13315;15882;16129;16130;16131;16132;775', 0),
(5, 'Production Manager', 'Production Manager', '512;768;2816;3072;3328;5632;5888;8192;8448;10752;11008;13312;15616;15872;16128', '521;523;524;2818;2819;2820;2821;2822;2823;3073;3074;3076;3077;3078;3079;3080;3081;3329;3330;3330;3330;3331;3331;3332;3333;3334;3335;5633;5640;5640;5889;5890;5891;8193;8194;8196;8197;8450;8451;10753;10755;11009;11010;11012;13313;13315;15617;15619;15620;15621;15624;15624;15876;15877;15880;15882;16129;16130;16131;16132;775', 0),
(6, 'Purchase Officer', 'Purchase Officer', '512;768;2816;3072;3328;5376;5632;5888;8192;8448;10752;11008;13312;15616;15872;16128', '521;523;524;2818;2819;2820;2821;2822;2823;3073;3074;3076;3077;3078;3079;3080;3081;3329;3330;3330;3330;3331;3331;3332;3333;3334;3335;5377;5633;5635;5640;5640;5889;5890;5891;8193;8194;8196;8197;8449;8450;8451;10753;10755;11009;11010;11012;13313;13315;15617;15619;15620;15621;15624;15624;15876;15877;15880;15882;16129;16130;16131;16132;775', 0),
(7, 'AR Officer', 'AR Officer', '512;768;2816;3072;3328;5632;5888;8192;8448;10752;11008;13312;15616;15872;16128', '521;523;524;771;773;774;2818;2819;2820;2821;2822;2823;3073;3073;3074;3075;3076;3077;3078;3079;3080;3081;3081;3329;3330;3330;3330;3331;3331;3332;3333;3334;3335;5633;5633;5634;5637;5638;5639;5640;5640;5889;5890;5891;8193;8194;8194;8196;8197;8450;8451;10753;10755;11009;11010;11012;13313;13315;15617;15619;15620;15621;15624;15624;15873;15876;15877;15878;15880;15882;16129;16130;16131;16132;775', 0),
(8, 'AP Officer', 'AP Officer', '512;768;2816;3072;3328;5376;5632;5888;8192;8448;10752;11008;13312;15616;15872;16128', '257;258;259;260;521;523;524;769;770;771;772;773;774;2818;2819;2820;2821;2822;2823;3073;3074;3082;3076;3077;3078;3079;3080;3081;3329;3330;3331;3332;3333;3334;3335;5377;5633;5635;5640;5889;5890;5891;7937;7938;7939;7940;8193;8194;8196;8197;8449;8450;8451;10497;10753;10755;11009;11010;11012;13057;13313;13315;15617;15619;15620;15621;15624;15876;15877;15880;15882;16129;16130;16131;16132;775', 0),
(9, 'Accountant', 'New Accountant', '512;768;2816;3072;3328;5376;5632;5888;8192;8448;10752;11008;13312;15616;15872;16128', '257;258;259;260;521;523;524;771;772;773;774;2818;2819;2820;2821;2822;2823;3073;3074;3075;3076;3077;3078;3079;3080;3081;3329;3330;3331;3332;3333;3334;3335;5377;5633;5634;5635;5637;5638;5639;5640;5889;5890;5891;7937;7938;7939;7940;8193;8194;8196;8197;8449;8450;8451;10497;10753;10755;11009;11010;11012;13313;13315;15617;15618;15619;15620;15621;15624;15873;15876;15877;15878;15880;15882;16129;16130;16131;16132;775', 0),
(10, 'Sub Admin', 'Sub Admin', '512;768;2816;3072;3328;5376;5632;5888;8192;8448;10752;11008;13312;15616;15872;16128', '257;258;259;260;521;523;524;771;772;773;774;2818;2819;2820;2821;2822;2823;3073;3074;3082;3075;3076;3077;3078;3079;3080;3081;3329;3330;3331;3332;3333;3334;3335;5377;5633;5634;5635;5637;5638;5639;5640;5889;5890;5891;7937;7938;7939;7940;8193;8194;8196;8197;8449;8450;8451;10497;10753;10755;11009;11010;11012;13057;13313;13315;15617;15619;15620;15621;15624;15873;15874;15876;15877;15878;15879;15880;15882;16129;16130;16131;16132;775', 0),
(11, 'Shams', 'TDS', '', '', 0);

-- --------------------------------------------------------

--
-- Table structure for table `erp_replica_shippers`
--

CREATE TABLE `erp_replica_shippers` (
  `shipper_id` int(11) NOT NULL,
  `shipper_name` varchar(60) COLLATE utf8_unicode_ci NOT NULL DEFAULT '',
  `phone` varchar(30) COLLATE utf8_unicode_ci NOT NULL DEFAULT '',
  `phone2` varchar(30) COLLATE utf8_unicode_ci NOT NULL DEFAULT '',
  `contact` tinytext COLLATE utf8_unicode_ci NOT NULL,
  `address` tinytext COLLATE utf8_unicode_ci NOT NULL,
  `inactive` tinyint(1) NOT NULL DEFAULT '0'
) ENGINE=InnoDB DEFAULT CHARSET=utf8 COLLATE=utf8_unicode_ci;

--
-- Dumping data for table `erp_replica_shippers`
--

INSERT INTO `erp_replica_shippers` (`shipper_id`, `shipper_name`, `phone`, `phone2`, `contact`, `address`, `inactive`) VALUES
(1, 'Default', '', '', '', '', 0),
(2, 'Shuja', '', '', '', '', 0);

-- --------------------------------------------------------

--
-- Table structure for table `erp_replica_sql_trail`
--

CREATE TABLE `erp_replica_sql_trail` (
  `id` int(10) UNSIGNED NOT NULL,
  `sql` text COLLATE utf8_unicode_ci NOT NULL,
  `result` tinyint(1) NOT NULL,
  `msg` varchar(255) COLLATE utf8_unicode_ci NOT NULL
) ENGINE=InnoDB DEFAULT CHARSET=utf8 COLLATE=utf8_unicode_ci;

-- --------------------------------------------------------

--
-- Table structure for table `erp_replica_stock_category`
--

CREATE TABLE `erp_replica_stock_category` (
  `category_id` int(11) NOT NULL,
  `description` varchar(60) COLLATE utf8_unicode_ci NOT NULL DEFAULT '',
  `dflt_tax_type` int(11) NOT NULL DEFAULT '1',
  `dflt_units` varchar(20) COLLATE utf8_unicode_ci NOT NULL DEFAULT 'each',
  `dflt_mb_flag` char(1) COLLATE utf8_unicode_ci NOT NULL DEFAULT 'B',
  `dflt_sales_act` varchar(15) COLLATE utf8_unicode_ci NOT NULL DEFAULT '',
  `dflt_cogs_act` varchar(15) COLLATE utf8_unicode_ci NOT NULL DEFAULT '',
  `dflt_inventory_act` varchar(15) COLLATE utf8_unicode_ci NOT NULL DEFAULT '',
  `dflt_adjustment_act` varchar(15) COLLATE utf8_unicode_ci NOT NULL DEFAULT '',
  `dflt_wip_act` varchar(15) COLLATE utf8_unicode_ci NOT NULL DEFAULT '',
  `dflt_dim1` int(11) DEFAULT NULL,
  `dflt_dim2` int(11) DEFAULT NULL,
  `inactive` tinyint(1) NOT NULL DEFAULT '0',
  `dflt_no_sale` tinyint(1) NOT NULL DEFAULT '0',
  `dflt_no_purchase` tinyint(1) NOT NULL DEFAULT '0'
) ENGINE=InnoDB DEFAULT CHARSET=utf8 COLLATE=utf8_unicode_ci;

--
-- Dumping data for table `erp_replica_stock_category`
--

INSERT INTO `erp_replica_stock_category` (`category_id`, `description`, `dflt_tax_type`, `dflt_units`, `dflt_mb_flag`, `dflt_sales_act`, `dflt_cogs_act`, `dflt_inventory_act`, `dflt_adjustment_act`, `dflt_wip_act`, `dflt_dim1`, `dflt_dim2`, `inactive`, `dflt_no_sale`, `dflt_no_purchase`) VALUES
(5, 'Accessories', 2, 'ea', 'B', '4010', '5010', '1510', '5040', '1530', 0, 0, 0, 0, 0),
(6, 'ammad test', 2, 'KG', 'M', '4010', '5010', '1510', '5040', '1530', 0, 0, 0, 0, 0);

-- --------------------------------------------------------

--
-- Table structure for table `erp_replica_stock_fa_class`
--

CREATE TABLE `erp_replica_stock_fa_class` (
  `fa_class_id` varchar(20) COLLATE utf8_unicode_ci NOT NULL DEFAULT '',
  `parent_id` varchar(20) COLLATE utf8_unicode_ci NOT NULL DEFAULT '',
  `description` varchar(200) COLLATE utf8_unicode_ci NOT NULL DEFAULT '',
  `long_description` tinytext COLLATE utf8_unicode_ci NOT NULL,
  `depreciation_rate` double NOT NULL DEFAULT '0',
  `inactive` tinyint(1) NOT NULL DEFAULT '0'
) ENGINE=InnoDB DEFAULT CHARSET=utf8 COLLATE=utf8_unicode_ci;

-- --------------------------------------------------------

--
-- Table structure for table `erp_replica_stock_master`
--

CREATE TABLE `erp_replica_stock_master` (
  `stock_id` varchar(20) COLLATE utf8_unicode_ci NOT NULL DEFAULT '',
  `category_id` int(11) NOT NULL DEFAULT '0',
  `tax_type_id` int(11) NOT NULL DEFAULT '0',
  `description` varchar(200) COLLATE utf8_unicode_ci NOT NULL DEFAULT '',
  `long_description` tinytext COLLATE utf8_unicode_ci NOT NULL,
  `units` varchar(20) COLLATE utf8_unicode_ci NOT NULL DEFAULT 'each',
  `mb_flag` char(1) COLLATE utf8_unicode_ci NOT NULL DEFAULT 'B',
  `sales_account` varchar(15) COLLATE utf8_unicode_ci NOT NULL DEFAULT '',
  `cogs_account` varchar(15) COLLATE utf8_unicode_ci NOT NULL DEFAULT '',
  `inventory_account` varchar(15) COLLATE utf8_unicode_ci NOT NULL DEFAULT '',
  `adjustment_account` varchar(15) COLLATE utf8_unicode_ci NOT NULL DEFAULT '',
  `wip_account` varchar(15) COLLATE utf8_unicode_ci NOT NULL DEFAULT '',
  `dimension_id` int(11) DEFAULT NULL,
  `dimension2_id` int(11) DEFAULT NULL,
  `purchase_cost` double NOT NULL DEFAULT '0',
  `material_cost` double NOT NULL DEFAULT '0',
  `labour_cost` double NOT NULL DEFAULT '0',
  `overhead_cost` double NOT NULL DEFAULT '0',
  `inactive` tinyint(1) NOT NULL DEFAULT '0',
  `no_sale` tinyint(1) NOT NULL DEFAULT '0',
  `no_purchase` tinyint(1) NOT NULL DEFAULT '0',
  `editable` tinyint(1) NOT NULL DEFAULT '0',
  `depreciation_method` char(1) COLLATE utf8_unicode_ci NOT NULL DEFAULT 'S',
  `depreciation_rate` double NOT NULL DEFAULT '0',
  `depreciation_factor` double NOT NULL DEFAULT '1',
  `depreciation_start` date NOT NULL DEFAULT '0000-00-00',
  `depreciation_date` date NOT NULL DEFAULT '0000-00-00',
  `fa_class_id` varchar(20) COLLATE utf8_unicode_ci NOT NULL DEFAULT ''
) ENGINE=InnoDB DEFAULT CHARSET=utf8 COLLATE=utf8_unicode_ci;

--
-- Dumping data for table `erp_replica_stock_master`
--

INSERT INTO `erp_replica_stock_master` (`stock_id`, `category_id`, `tax_type_id`, `description`, `long_description`, `units`, `mb_flag`, `sales_account`, `cogs_account`, `inventory_account`, `adjustment_account`, `wip_account`, `dimension_id`, `dimension2_id`, `purchase_cost`, `material_cost`, `labour_cost`, `overhead_cost`, `inactive`, `no_sale`, `no_purchase`, `editable`, `depreciation_method`, `depreciation_rate`, `depreciation_factor`, `depreciation_start`, `depreciation_date`, `fa_class_id`) VALUES
('1001', 5, 2, 'Steel', '', 'KG', 'B', '4010', '5010', '1510', '5040', '1530', 0, 0, 204, 213.44815792346, 0, 0, 0, 1, 0, 0, '', 0, 0, '0000-00-00', '0000-00-00', ''),
('1002', 5, 2, 'Cement', '', 'Bag', 'B', '4010', '5010', '1510', '5040', '1530', 0, 0, 1170, 1069.7189992745, 0, 0, 0, 1, 0, 0, '', 0, 0, '0000-00-00', '0000-00-00', ''),
('1003', 5, 2, 'Binding Wire', '', 'KG', 'B', '4010', '5010', '1510', '5040', '1530', 0, 0, 400, 381.95209580838, 0, 0, 0, 1, 0, 0, '', 0, 0, '0000-00-00', '0000-00-00', ''),
('1004', 5, 2, 'Raiti', '', 'Sq', 'B', '4010', '5010', '1510', '5040', '1530', 0, 0, 101, 55.056369972385, 0, 0, 0, 1, 0, 0, '', 0, 0, '0000-00-00', '0000-00-00', ''),
('1005', 5, 2, 'Mix', '', 'Sq', 'B', '4010', '5010', '1510', '5040', '1530', 0, 0, 99, 56.544545406359, 0, 0, 0, 1, 0, 0, '', 0, 0, '0000-00-00', '0000-00-00', ''),
('1006', 5, 2, 'Crush', '', 'Sq', 'B', '4010', '5010', '1510', '5040', '1530', 0, 0, 70, 73.625496374501, 0, 0, 0, 1, 0, 0, '', 0, 0, '0000-00-00', '0000-00-00', ''),
('1007', 5, 2, 'Stones for Elevation', 'Different type of stones like, Crystal white,super black Etc', 'Sq', 'B', '4010', '5010', '1510', '5040', '1530', 0, 0, 500, 369.5652173913, 0, 0, 0, 1, 0, 0, '', 0, 0, '0000-00-00', '0000-00-00', ''),
('1008', 5, 2, 'Block', '', 'PCS', 'M', '4010', '5010', '1510', '5040', '1530', 0, 0, 114700, 434.597787747, 0, 0, 0, 0, 0, 0, '', 0, 0, '0000-00-00', '0000-00-00', ''),
('1009', 5, 2, 'Shutering wood', '', 'Sq', 'M', '4010', '5010', '1510', '5040', '1530', 0, 0, 0, 0, 0, 0, 0, 0, 0, 0, '', 0, 0, '0000-00-00', '0000-00-00', ''),
('1010', 5, 2, 'Rori', '', 'Sq', 'M', '4010', '5010', '1510', '5040', '1530', 0, 0, 45.714285, 47.1428565, 0, 0, 0, 0, 0, 0, '', 0, 0, '0000-00-00', '0000-00-00', ''),
('1011', 5, 2, 'Bhalu Mitti', '', 'Sq', 'M', '4010', '5010', '1510', '5040', '1530', 0, 0, 4500, 14.950914167341, 0, 0, 0, 0, 0, 0, '', 0, 0, '0000-00-00', '0000-00-00', ''),
('1012', 5, 2, 'Electric condiute', '', 'PCS', 'M', '4010', '5010', '1510', '5040', '1530', 0, 0, 0, 0, 0, 0, 0, 0, 0, 0, '', 0, 0, '0000-00-00', '0000-00-00', ''),
('1013', 5, 2, 'Chokhat', '', 'Sq', 'M', '4010', '5010', '1510', '5040', '1530', 0, 0, 260, 228.70938389113, 0, 0, 0, 0, 0, 0, '', 0, 0, '0000-00-00', '0000-00-00', ''),
('1014', 5, 2, 'keel', '', 'KG', 'M', '4010', '5010', '1510', '5040', '1530', 0, 0, 175, 11.633663366337, 0, 0, 0, 0, 0, 0, '', 0, 0, '0000-00-00', '0000-00-00', ''),
('1015', 5, 2, 'Patri', '', 'Sq', 'M', '4010', '5010', '1510', '5040', '1530', 0, 0, 0, 0, 0, 0, 0, 0, 0, 0, '', 0, 0, '0000-00-00', '0000-00-00', ''),
('1016', 5, 2, 'Elevator', '', 'PCS', 'M', '4010', '5010', '1510', '5040', '1530', 0, 0, 0, 0, 0, 0, 0, 0, 0, 0, '', 0, 0, '0000-00-00', '0000-00-00', ''),
('1017', 5, 2, 'Shower Tap', '', 'PCS', 'M', '4010', '5010', '1510', '5040', '1530', 0, 0, 0, 0, 0, 0, 0, 0, 0, 0, '', 0, 0, '0000-00-00', '0000-00-00', ''),
('1018', 5, 2, 'Vanity', '', 'PCS', 'M', '4010', '5010', '1510', '5040', '1530', 0, 0, 0, 0, 0, 0, 0, 0, 0, 0, '', 0, 0, '0000-00-00', '0000-00-00', ''),
('1019', 5, 2, 'Basin', '', 'PCS', 'M', '4010', '5010', '1510', '5040', '1530', 0, 0, 0, 0, 0, 0, 0, 0, 0, 0, '', 0, 0, '0000-00-00', '0000-00-00', ''),
('1020', 5, 2, 'Commode', '', 'PCS', 'M', '4010', '5010', '1510', '5040', '1530', 0, 0, 0, 0, 0, 0, 0, 0, 0, 0, '', 0, 0, '0000-00-00', '0000-00-00', ''),
('1021', 5, 2, 'WC', '', 'PCS', 'B', '4010', '5010', '1510', '5040', '1530', 0, 0, 2350, 2350, 0, 0, 0, 0, 0, 0, '', 0, 0, '0000-00-00', '0000-00-00', ''),
('1022', 5, 2, 'Sink Mixer', '', 'PCS', 'M', '4010', '5010', '1510', '5040', '1530', 0, 0, 0, 0, 0, 0, 0, 0, 0, 0, '', 0, 0, '0000-00-00', '0000-00-00', ''),
('1023', 5, 2, 'Floor Tiles', '', 'MTR', 'B', '4010', '5010', '1510', '5040', '1530', 0, 0, 1880, 1996.2901307966, 0, 0, 0, 0, 0, 0, '', 0, 0, '0000-00-00', '0000-00-00', ''),
('1024', 5, 2, 'Chemcal Ultra Powder', 'Ultra Powder', 'Ltr', 'M', '4010', '5010', '1510', '5040', '1530', 0, 0, 20, 20, 0, 0, 0, 0, 0, 0, '', 0, 0, '0000-00-00', '0000-00-00', ''),
('1025', 5, 2, 'Bond', '', 'KG', 'M', '4010', '5010', '1510', '5040', '1530', 0, 0, 520, 519.30555555555, 0, 0, 0, 0, 0, 0, '', 0, 0, '0000-00-00', '0000-00-00', ''),
('1026', 5, 2, 'Chemcal Ultra Accelerator', 'Ultra Accelerator', 'Ltr', 'M', '4010', '5010', '1510', '5040', '1530', 0, 0, 30, 30, 0, 0, 0, 0, 0, 0, '', 0, 0, '0000-00-00', '0000-00-00', ''),
('1027', 5, 2, 'Delivery Charges', '', 'ea', 'D', '4010', '5010', '1510', '5040', '1530', 0, 0, 1755, 0, 0, 0, 0, 0, 0, 0, '', 0, 0, '0000-00-00', '0000-00-00', ''),
('1028', 5, 2, 'Lenter', '', 'FT', 'B', '4010', '5010', '1510', '5040', '1530', 0, 0, 100, 135.74193548387, 0, 0, 0, 0, 0, 0, '', 0, 0, '0000-00-00', '0000-00-00', ''),
('1029', 5, 2, 'Slab', '', 'FT', 'B', '4010', '5010', '1510', '5040', '1530', 0, 0, 80, 80, 0, 0, 0, 0, 0, 0, '', 0, 0, '0000-00-00', '0000-00-00', ''),
('1030', 5, 2, 'Hard ware Item', 'Diferent Hardware Item', 'PCS', 'B', '4010', '5010', '1510', '5040', '1530', 0, 0, 15510, 11113.874999999, 0, 0, 0, 0, 0, 0, '', 0, 0, '0000-00-00', '0000-00-00', ''),
('1031', 5, 2, 'Shuttering Work Material', 'Shuttering Work Material Keel,Patri,Shuttering Oil', 'PCS', 'B', '4010', '5010', '1510', '5040', '1530', 0, 0, 11740, 29077, 0, 0, 0, 0, 0, 0, '', 0, 0, '0000-00-00', '0000-00-00', ''),
('1032', 5, 2, 'Electirc Fitting Multiple Item', 'Band,Socket,Fan Box, Light Box,Lenter Box, Board,', 'PCS', 'B', '4010', '5010', '1510', '5040', '1530', 0, 0, 3120, 24601, 0, 0, 0, 0, 0, 0, '', 0, 0, '0000-00-00', '0000-00-00', ''),
('1033', 5, 2, 'Labour Tools', 'Hammer,Belcha,Gaiti, Grinder,Karandi, Tagari, Tile  Blade, Iron Blade, Golves, Labour Shoes, Level, Dori,level Pipe ', 'PCS', 'B', '4010', '5010', '1510', '5040', '1530', 0, 0, 2690, 2690, 0, 0, 0, 0, 0, 0, '', 0, 0, '0000-00-00', '0000-00-00', ''),
('1034', 5, 2, 'Plumbing Item', 'Hot &amp; Cold Pipe. Solution,Elbow,Socket,T,Bush,bridge band,p trip,plug t , plug Elbow,Union,Ari Blade', 'PCS', 'B', '4010', '5010', '1510', '5040', '1530', 0, 0, 9230, 30719.370370371, 0, 0, 0, 0, 0, 0, '', 0, 0, '0000-00-00', '0000-00-00', ''),
('1035', 5, 2, 'Color in Gallon', 'Different type of color material like Weather,Matt, Emulsion Etc.', 'Gal', 'B', '4010', '5010', '1510', '5040', '1530', 0, 0, 3700, 3257.1428571429, 0, 0, 0, 0, 0, 0, '', 0, 0, '0000-00-00', '0000-00-00', ''),
('1036', 5, 2, 'Color in Drums', '', 'PCS', 'B', '4010', '5010', '1510', '5040', '1530', 0, 0, 14850, 5256.6666666666, 0, 0, 0, 0, 0, 0, '', 0, 0, '0000-00-00', '0000-00-00', ''),
('1037', 5, 2, 'Ventilator', '', 'PCS', 'B', '4010', '5010', '1510', '5040', '1530', 0, 0, 150, 150, 0, 0, 0, 0, 0, 0, '', 0, 0, '0000-00-00', '0000-00-00', ''),
('1038', 5, 2, 'Cable Coil 3/29 1.5 mm', '', 'PCS', 'B', '4010', '5010', '1510', '5040', '1530', 0, 0, 4666.25, 4666.125, 0, 0, 0, 0, 0, 0, '', 0, 0, '0000-00-00', '0000-00-00', ''),
('1039', 5, 2, 'Cable Coil 7/29 2.5 mm', '', 'PCS', 'B', '4010', '5010', '1510', '5040', '1530', 0, 0, 9898, 9898, 0, 0, 0, 0, 0, 0, '', 0, 0, '0000-00-00', '0000-00-00', ''),
('1040', 5, 2, 'Color Mixing Oil', '', 'Ltr', 'B', '4010', '5010', '1510', '5040', '1530', 0, 0, 320, 320, 0, 0, 0, 0, 0, 0, '', 0, 0, '0000-00-00', '0000-00-00', ''),
('1041', 5, 2, 'Cable Coil 7/36 4 mm', '', 'PCS', 'M', '4010', '5010', '1510', '5040', '1530', 0, 0, 13219, 13219, 0, 0, 0, 0, 0, 0, '', 0, 0, '0000-00-00', '0000-00-00', ''),
('1042', 5, 2, 'Cable Coil 7/44 6 mm', '', 'PCS', 'M', '4010', '5010', '1510', '5040', '1530', 0, 0, 19509, 19509, 0, 0, 0, 0, 0, 0, '', 0, 0, '0000-00-00', '0000-00-00', ''),
('1043', 5, 2, '1.5 mm 3/29 Solid ', '', 'PCS', 'M', '4010', '5010', '1510', '5040', '1530', 0, 0, 0, 0, 0, 0, 0, 0, 0, 0, '', 0, 0, '0000-00-00', '0000-00-00', ''),
('1044', 5, 2, 'Color in Quarter', '', 'Quarter', 'B', '4010', '5010', '1510', '5040', '1530', 0, 0, 1200, 1200, 0, 0, 0, 0, 0, 0, '', 0, 0, '0000-00-00', '0000-00-00', ''),
('1045', 5, 2, 'Color Tools', 'Colors Tools like Brush,Roller,Regmall,Mixing Oil,Scraper,Regmal Etc.', 'PCS', 'B', '4010', '5010', '1510', '5040', '1530', 0, 0, 280, 156.53846153846, 0, 0, 0, 0, 0, 0, '', 0, 0, '0000-00-00', '0000-00-00', ''),
('1046', 5, 2, 'Bathroom Tile', '', 'MTR', 'B', '4010', '5010', '1510', '5040', '1530', 0, 0, 47536, 2218.3458083834, 0, 0, 0, 0, 0, 0, '', 0, 0, '0000-00-00', '0000-00-00', ''),
('1047', 5, 2, 'Kitchen Tile', '', 'MTR', 'B', '4010', '5010', '1510', '5040', '1530', 0, 0, 1250, 1250, 0, 0, 0, 0, 0, 0, '', 0, 0, '0000-00-00', '0000-00-00', ''),
('1048', 5, 2, 'Iron Grill', '', 'Sq', 'B', '4010', '5010', '1510', '5040', '1530', 0, 0, 18500, 18500, 0, 0, 0, 0, 0, 0, '', 0, 0, '0000-00-00', '0000-00-00', ''),
('1049', 5, 2, 'Iron Gate', '', 'Sq', 'B', '4010', '5010', '1510', '5040', '1530', 0, 0, 75000, 75000, 0, 0, 0, 0, 0, 0, '', 0, 0, '0000-00-00', '0000-00-00', ''),
('1050', 5, 2, 'Shop Shutter', '', 'Sq', 'B', '4010', '5010', '1510', '5040', '1530', 0, 0, 0, 0, 0, 0, 0, 0, 0, 0, '', 0, 0, '0000-00-00', '0000-00-00', ''),
('1051', 5, 2, 'Mixer Machine 180 Litre', '180 Litre Mixer Machine China', 'PCS', 'B', '4010', '5010', '1510', '5040', '1530', 0, 0, 0, 0, 0, 0, 0, 0, 0, 0, '', 0, 0, '0000-00-00', '0000-00-00', ''),
('1052', 5, 2, 'Plumbing Service', '', 'PCS', 'D', '2101', '2101', '1510', '5040', '1530', 0, 0, 0, 0, 0, 0, 0, 0, 0, 0, '', 0, 0, '0000-00-00', '0000-00-00', ''),
('1053', 5, 2, 'General Electric Services ', '', 'PCS', 'D', '2102', '2102', '1510', '5040', '1530', 0, 0, 0, 0, 0, 0, 0, 0, 0, 0, '', 0, 0, '0000-00-00', '0000-00-00', ''),
('1054', 5, 2, 'Steel Cutting Services', '', 'PCS', 'D', '2103', '2103', '1510', '5040', '1530', 0, 0, 0, 0, 0, 0, 0, 0, 0, 0, '', 0, 0, '0000-00-00', '0000-00-00', ''),
('1055', 5, 2, 'Roof &amp; Column Filling Services', '', 'PCS', 'D', '2104', '2104', '1510', '5040', '1530', 0, 0, 0, 0, 0, 0, 0, 0, 0, 0, '', 0, 0, '0000-00-00', '0000-00-00', ''),
('1060', 5, 2, 'Kitchen Top', 'Kitchen counter Marble &amp; Granite ', 'Sq', 'B', '4010', '5010', '1510', '5040', '1530', 0, 0, 12125, 20600, 0, 0, 0, 0, 0, 0, '', 0, 0, '0000-00-00', '0000-00-00', ''),
('1061', 5, 2, 'Pillar', 'Cement Pillar', 'PCS', 'B', '4010', '5010', '1510', '5040', '1530', 0, 0, 500, 500, 0, 0, 0, 0, 0, 0, '', 0, 0, '0000-00-00', '0000-00-00', ''),
('1063', 5, 2, 'Tile &amp; Marble Cutting Charges', '', 'PCS', 'B', '4010', '5010', '1510', '5040', '1530', 0, 0, 20, 20, 0, 0, 0, 0, 0, 0, '', 0, 0, '0000-00-00', '0000-00-00', ''),
('1070', 5, 2, 'Spacer', 'Tile Spacer', 'PCS', 'B', '4010', '5010', '1510', '5040', '1530', 0, 0, 380, 380, 0, 0, 0, 0, 0, 0, '', 0, 0, '0000-00-00', '0000-00-00', ''),
('1071', 5, 2, 'Tile Riser', '', 'PCS', 'B', '4010', '5010', '1510', '5040', '1530', 0, 0, 128, 128, 0, 0, 0, 0, 0, 0, '', 0, 0, '0000-00-00', '0000-00-00', ''),
('1072', 5, 2, 'Marble Riser', '', 'PCS', 'B', '4010', '5010', '1510', '5040', '1530', 0, 0, 0, 0, 0, 0, 0, 0, 0, 0, '', 0, 0, '0000-00-00', '0000-00-00', ''),
('1073', 5, 2, 'Marble', 'Different type &amp; Size of marble', 'Sq', 'B', '4010', '5010', '1510', '5040', '1530', 0, 0, 10260, 163.68525896415, 0, 0, 0, 0, 0, 0, '', 0, 0, '0000-00-00', '0000-00-00', ''),
('1075', 5, 2, 'Plinth Chemical', '', 'Ltr', 'B', '4010', '5010', '1510', '5040', '1530', 0, 0, 2000, 2000, 0, 0, 0, 0, 0, 0, '', 0, 0, '0000-00-00', '0000-00-00', ''),
('1080', 5, 2, 'Aluminum Door', '', 'Sq', 'B', '4010', '5010', '1510', '5040', '1530', 0, 0, 10000, 10000, 0, 0, 0, 0, 0, 0, '', 0, 0, '0000-00-00', '0000-00-00', ''),
('1081', 5, 2, 'Aluminum Window', '', 'Sq', 'B', '4010', '5010', '1510', '5040', '1530', 0, 0, 25000, 1491.376146789, 0, 0, 0, 0, 0, 0, '', 0, 0, '0000-00-00', '0000-00-00', ''),
('3123', 5, 2, 'service', '', 'ea', 'D', '4010', '5010', '1510', '5040', '1530', 0, 0, 0, 0, 0, 0, 0, 0, 0, 0, '', 0, 0, '0000-00-00', '0000-00-00', '');

-- --------------------------------------------------------

--
-- Table structure for table `erp_replica_stock_moves`
--

CREATE TABLE `erp_replica_stock_moves` (
  `trans_id` int(11) NOT NULL,
  `trans_no` int(11) NOT NULL DEFAULT '0',
  `stock_id` char(20) COLLATE utf8_unicode_ci NOT NULL DEFAULT '',
  `type` smallint(6) NOT NULL DEFAULT '0',
  `loc_code` char(5) COLLATE utf8_unicode_ci NOT NULL DEFAULT '',
  `tran_date` date NOT NULL DEFAULT '0000-00-00',
  `price` double NOT NULL DEFAULT '0',
  `reference` char(40) COLLATE utf8_unicode_ci NOT NULL DEFAULT '',
  `qty` double NOT NULL DEFAULT '1',
  `standard_cost` double NOT NULL DEFAULT '0'
) ENGINE=InnoDB DEFAULT CHARSET=utf8 COLLATE=utf8_unicode_ci;

--
-- Dumping data for table `erp_replica_stock_moves`
--

INSERT INTO `erp_replica_stock_moves` (`trans_id`, `trans_no`, `stock_id`, `type`, `loc_code`, `tran_date`, `price`, `reference`, `qty`, `standard_cost`) VALUES
(1, 1, '1001', 25, '00001', '2022-06-11', 204, '', 10230, 204),
(2, 2, '1026', 25, '00001', '2022-09-22', 30, '', 170, 30),
(3, 2, '1024', 25, '00001', '2022-09-22', 20, '', 150, 20),
(4, 2, '1027', 25, '00001', '2022-09-22', 350, '', 1, 0),
(5, 3, '1026', 25, '00001', '2022-09-29', 30, '', 170, 30),
(6, 3, '1024', 25, '00001', '2022-09-29', 20, '', 150, 20),
(7, 3, '1027', 25, '00001', '2022-09-29', 350, '', 1, 0),
(8, 4, '1011', 25, '00001', '2022-11-07', 15, '', 8100, 15),
(9, 5, '1008', 25, '00001', '2022-09-20', 36, '', 500, 36),
(10, 6, '1008', 25, '00001', '2022-11-13', 35, '', 600, 35.454545454545),
(11, 7, '1008', 25, '00001', '2022-11-15', 37, '', 500, 35.9375),
(12, 7, '1008', 25, '00001', '2022-11-15', 37, '', 500, 36.190476190476),
(13, 7, '1008', 25, '00001', '2022-11-15', 37, '', 500, 36.346153846154),
(14, 7, '1008', 25, '00001', '2022-11-15', 37, '', 500, 36.451612903226),
(15, 7, '1008', 25, '00001', '2022-11-15', 37, '', 500, 36.527777777778),
(16, 7, '1008', 25, '00001', '2022-11-15', 35, '', 250, 36.428571428572),
(17, 7, '1008', 25, '00001', '2022-11-15', 37, '', 500, 36.494252873564),
(18, 8, '1008', 25, '00001', '2022-11-17', 37, '', 500, 36.546391752578),
(19, 8, '1008', 25, '00001', '2022-11-17', 35, '', 600, 36.376146788991),
(20, 8, '1008', 25, '00001', '2022-11-17', 37, '', 500, 36.428571428572),
(21, 8, '1008', 25, '00001', '2022-11-17', 37, '', 500, 36.472868217055),
(22, 8, '1008', 25, '00001', '2022-11-17', 37, '', 500, 36.510791366907),
(23, 8, '1008', 25, '00001', '2022-11-17', 37, '', 500, 36.543624161074),
(24, 8, '1008', 25, '00001', '2022-11-17', 37, '', 500, 36.572327044025),
(25, 8, '1008', 25, '00001', '2022-11-17', 37, '', 500, 36.597633136095),
(26, 8, '1008', 25, '00001', '2022-11-17', 37, '', 500, 36.620111731844),
(27, 9, '1008', 25, '00001', '2023-01-08', 37, '', 500, 36.640211640212),
(28, 9, '1008', 25, '00001', '2023-01-08', 35, '', 600, 36.542288557214),
(29, 9, '1008', 25, '00001', '2023-01-08', 37, '', 500, 36.563981042654),
(30, 9, '1008', 25, '00001', '2023-01-08', 37, '', 1500, 36.618257261411),
(31, 9, '1008', 25, '00001', '2023-01-08', 37, '', 500, 36.633466135458),
(32, 9, '1008', 25, '00001', '2023-01-08', 37, '', 500, 36.647509578544),
(33, 9, '1008', 25, '00001', '2023-01-08', 37, '', 500, 36.660516605166),
(34, 9, '1029', 25, '00001', '2023-01-08', 80, '', 9, 80),
(35, 9, '1028', 25, '00001', '2023-01-08', 100, '', 24, 100),
(36, 9, '1028', 25, '00001', '2023-01-08', 160, '', 36, 136),
(37, 9, '1008', 25, '00001', '2023-01-08', 37, '', 500, 36.672597864769),
(38, 9, '1008', 25, '00001', '2023-01-08', 37, '', 1000, 36.694352159469),
(39, 9, '1008', 25, '00001', '2023-01-08', 37, '', 1000, 36.71339563863),
(40, 9, '1008', 25, '00001', '2023-01-08', 37, '', 300, 36.718654434251),
(41, 10, '1008', 25, '00001', '2023-03-17', 40, '', 500, 36.816023738873),
(42, 10, '1008', 25, '00001', '2023-03-17', 40, '', 500, 36.907780979828),
(43, 10, '1008', 25, '00001', '2023-03-17', 40, '', 350, 36.968926553673),
(44, 10, '1008', 25, '00001', '2023-03-17', 38, '', 200, 36.980446927375),
(45, 10, '1008', 25, '00001', '2023-03-17', 40, '', 1000, 37.140211640212),
(46, 10, '1008', 25, '00001', '2023-03-17', 40, '', 300, 37.184895833334),
(47, 11, '1008', 25, '00001', '2023-04-12', 40, '', 500, 37.256345177666),
(48, 11, '1008', 25, '00001', '2023-04-12', 40, '', 500, 37.324257425744),
(49, 11, '1008', 25, '00001', '2023-04-12', 40, '', 500, 37.38888888889),
(50, 11, '1008', 25, '00001', '2023-04-12', 40, '', 500, 37.450471698114),
(51, 11, '1028', 25, '00001', '2023-04-12', 170, '', 36, 148.75),
(52, 11, '1028', 25, '00001', '2023-04-12', 100, '', 24, 139),
(53, 11, '1008', 25, '00001', '2023-04-12', 38, '', 500, 37.463133640554),
(54, 11, '1008', 25, '00001', '2023-04-12', 38, '', 250, 37.469248291573),
(55, 11, '1008', 25, '00001', '2023-04-12', 36, '', 250, 37.452702702704),
(56, 11, '1008', 25, '00001', '2023-04-12', 38, '', 500, 37.464757709252),
(57, 12, '1008', 25, '00001', '2023-06-17', 40, '', 500, 37.519396551725),
(58, 12, '1008', 25, '00001', '2023-06-17', 40, '', 500, 37.571729957807),
(59, 12, '1008', 25, '00001', '2023-06-17', 40, '', 500, 37.621900826447),
(60, 13, '1030', 25, '00001', '2023-06-07', 2250, '', 1, 2250),
(61, 13, '1030', 25, '00001', '2023-06-07', 13540, '', 1, 7895),
(62, 13, '1030', 25, '00001', '2023-06-07', 6180, '', 1, 7323.3333333333),
(63, 13, '1031', 25, '00001', '2023-06-07', 15930, '', 1, 15930),
(64, 13, '1032', 25, '00001', '2023-06-07', 45439, '', 1, 45439),
(65, 13, '1033', 25, '00001', '2023-06-07', 2690, '', 1, 2690),
(66, 13, '1034', 25, '00001', '2023-06-07', 41630, '', 1, 41630),
(67, 13, '1031', 25, '00001', '2023-06-07', 42170, '', 1, 29050),
(68, 13, '1032', 25, '00001', '2023-06-07', 40796, '', 1, 43117.5),
(69, 13, '1034', 25, '00001', '2023-06-07', 22986, '', 1, 32308),
(70, 13, '1031', 25, '00001', '2023-06-07', 41710, '', 1, 33270),
(71, 13, '1034', 25, '00001', '2023-06-07', 76561, '', 1, 47059),
(72, 13, '1030', 25, '00001', '2023-06-07', 11110, '', 1, 8270),
(73, 13, '1032', 25, '00001', '2023-06-07', 17438, '', 1, 34557.666666667),
(74, 13, '1032', 25, '00001', '2023-06-07', 6960, '', 1, 27658.25),
(75, 13, '1032', 25, '00001', '2023-06-07', 36230, '', 1, 29372.6),
(76, 13, '1031', 25, '00001', '2023-06-07', 33835, '', 1, 33411.25),
(77, 13, '1032', 25, '00001', '2023-06-07', 10250, '', 1, 26185.5),
(78, 13, '1030', 25, '00001', '2023-06-07', 39140, '', 1, 14444),
(79, 14, '1004', 25, '00001', '2023-05-11', 54, '', 500, 54),
(80, 14, '1005', 25, '00001', '2023-05-11', 52, '', 1000, 52),
(81, 14, '1006', 25, '00001', '2023-05-11', 78, '', 1000, 78),
(82, 14, '1005', 25, '00001', '2023-05-11', 52, '', 1000, 52),
(83, 14, '1004', 25, '00001', '2023-05-11', 54, '', 500, 54),
(84, 15, '1010', 25, '00001', '2022-09-25', 48.571428, '', 350, 48.571428),
(85, 15, '1005', 25, '00001', '2022-09-25', 51.428571, '', 350, 51.914893553191),
(86, 15, '1005', 25, '00001', '2022-09-25', 50, '', 500, 51.578947315789),
(87, 15, '1006', 25, '00001', '2022-09-25', 52, '', 500, 69.333333333333),
(88, 15, '1004', 25, '00001', '2022-09-25', 51.428571, '', 350, 53.333333222222),
(89, 16, '1006', 25, '00001', '2022-10-16', 74.2857, '', 350, 70.270267567567),
(90, 16, '1005', 25, '00001', '2022-10-16', 50, '', 500, 51.343283537313),
(91, 16, '1001', 25, '00001', '2022-10-16', 56, '', 1000, 190.82101513802),
(92, 16, '1006', 25, '00001', '2022-10-16', 74.2857, '', 350, 70.909086363636),
(93, 16, '1010', 25, '00001', '2022-10-16', 45.714285, '', 350, 47.1428565),
(94, 16, '1001', 25, '00001', '2022-10-16', 42, '', 500, 184.47740835464),
(95, 17, '1005', 25, '00001', '2022-11-11', 51.428571, '', 350, 51.35135127027),
(96, 17, '1005', 25, '00001', '2022-11-11', 60, '', 350, 52.098765358024),
(97, 17, '1004', 25, '00001', '2022-11-11', 51.428571, '', 350, 52.941176294117),
(98, 17, '1004', 25, '00001', '2022-11-11', 51.428571, '', 350, 52.682926609756),
(99, 18, '1005', 25, '00001', '2022-12-13', 56, '', 500, 52.527472461538),
(100, 18, '1006', 25, '00001', '2022-12-13', 72, '', 500, 71.111107407407),
(101, 18, '1006', 25, '00001', '2022-12-13', 72, '', 500, 71.249996875),
(102, 18, '1005', 25, '00001', '2022-12-13', 56, '', 1000, 53.153153099099),
(103, 18, '1005', 25, '00001', '2022-12-13', 60, '', 350, 53.559321983051),
(104, 18, '1005', 25, '00001', '2022-12-13', 60, '', 150, 53.719008214876),
(105, 19, '1004', 25, '00001', '2023-01-08', 50, '', 500, 52.156862568627),
(106, 19, '1006', 25, '00001', '2023-01-08', 72, '', 500, 71.351348648649),
(107, 19, '1004', 25, '00001', '2023-01-08', 50, '', 500, 51.803278540983),
(108, 19, '1004', 25, '00001', '2023-01-08', 57.142857, '', 350, 52.352941029411),
(109, 19, '1005', 25, '00001', '2023-01-08', 60, '', 500, 54.198473236641),
(110, 20, '1004', 25, '00001', '2023-02-09', 57.142857, '', 350, 52.799999853333),
(111, 21, '1006', 25, '00001', '2023-03-03', 78, '', 500, 72.142854761905),
(112, 21, '1006', 25, '00001', '2023-03-03', 78, '', 500, 72.765955319149),
(113, 21, '1004', 25, '00001', '2023-03-03', 54, '', 500, 52.941176341176),
(114, 21, '1005', 25, '00001', '2023-03-03', 56, '', 500, 54.326241092198),
(115, 22, '1013', 25, '00001', '2023-01-25', 226.0274, '', 292, 226.0274),
(116, 23, '1013', 25, '00001', '2023-03-30', 231.1475, '', 305, 228.64319648241),
(117, 23, '1027', 25, '00001', '2023-03-30', 1500.01, '', 1, 0),
(118, 24, '1013', 25, '00001', '2023-07-12', 225, '', 302, 227.41934182425),
(119, 24, '1027', 25, '00001', '2023-07-12', 50, '', 1, 0),
(120, 25, '1004', 25, '00001', '2023-07-30', 54, '', 500, 53.052631463157),
(121, 25, '1005', 25, '00001', '2023-07-30', 56, '', 500, 54.43708605298),
(122, 25, '1004', 25, '00001', '2023-07-30', 54, '', 500, 53.142857038094),
(123, 25, '1004', 25, '00001', '2023-07-30', 54, '', 500, 53.217391208695),
(124, 25, '1005', 25, '00001', '2023-07-30', 56, '', 500, 54.534161453416),
(125, 25, '1004', 25, '00001', '2023-07-30', 54, '', 500, 53.279999911999),
(126, 26, '1004', 25, '00001', '2023-08-03', 54, '', 500, 53.333333251851),
(127, 26, '1005', 25, '00001', '2023-08-03', 56, '', 500, 54.619883005848),
(128, 26, '1005', 25, '00001', '2023-08-03', 56, '', 500, 54.696132563536),
(129, 26, '1005', 25, '00001', '2023-08-03', 56, '', 500, 54.764397874346),
(130, 26, '1004', 25, '00001', '2023-08-03', 54, '', 500, 53.379310268965),
(131, 27, '1035', 25, '00001', '2023-03-31', 2500, '', 10, 2500),
(132, 27, '1035', 25, '00001', '2023-03-31', 3970, '', 10, 3235),
(133, 28, '1003', 25, '00001', '2022-12-25', 350, '', 20, 350),
(134, 28, '1001', 25, '00001', '2022-12-25', 350, '', 9, 184.60431041826),
(135, 29, '1002', 25, '00001', '2022-09-26', 990, '', 25, 990),
(136, 29, '1002', 25, '00001', '2022-09-26', 990, '', 100, 990),
(137, 29, '1003', 25, '00001', '2022-09-26', 330, '', 10, 343.33333333333),
(138, 29, '1002', 25, '00001', '2022-09-26', 1020, '', 50, 998.57142857143),
(139, 29, '1002', 25, '00001', '2022-09-26', 1020, '', 25, 1001.25),
(140, 29, '1002', 25, '00001', '2022-09-26', 1020, '', 25, 1003.3333333333),
(141, 29, '1003', 25, '00001', '2022-09-26', 330, '', 20, 338),
(142, 29, '1001', 25, '00001', '2022-09-26', 226, '', 511, 186.33110204081),
(143, 29, '1002', 25, '00001', '2022-09-26', 990, '', 100, 999.23076923075),
(144, 29, '1027', 25, '00001', '2022-09-26', 1000, '', 1, 0),
(145, 29, '1002', 25, '00001', '2022-09-26', 1010, '', 40, 1000.4109589041),
(146, 29, '1002', 25, '00001', '2022-09-26', 1030, '', 50, 1003.9759036144),
(147, 29, '1002', 25, '00001', '2022-09-26', 1030, '', 25, 1005.4545454545),
(148, 29, '1002', 25, '00001', '2022-09-26', 1010, '', 100, 1006.2962962963),
(149, 29, '1001', 25, '00001', '2022-09-26', 207, '', 1007, 187.90110884815),
(150, 29, '1001', 25, '00001', '2022-09-26', 207, '', 602, 188.73071650191),
(151, 29, '1001', 25, '00001', '2022-09-26', 212, '', 590, 189.68087756938),
(152, 29, '1001', 25, '00001', '2022-09-26', 207, '', 240, 189.96385050037),
(153, 29, '1001', 25, '00001', '2022-09-26', 207, '', 3219, 193.02613357158),
(154, 29, '1027', 25, '00001', '2022-09-26', 7000, '', 1, 0),
(155, 29, '1001', 25, '00001', '2022-09-26', 215, '', 478, 193.59741107364),
(156, 29, '1027', 25, '00001', '2022-09-26', 600, '', 1, 0),
(157, 29, '1003', 25, '00001', '2022-09-26', 346.5, '', 4, 338.62962962963),
(158, 29, '1027', 25, '00001', '2022-09-26', 500, '', 1, 0),
(159, 29, '1001', 25, '00001', '2022-09-26', 208, '', 236, 193.77993770808),
(160, 29, '1001', 25, '00001', '2022-09-26', 215, '', 204, 194.00987995325),
(161, 29, '1027', 25, '00001', '2022-09-26', 300, '', 1, 0),
(162, 29, '1002', 25, '00001', '2022-09-26', 1010, '', 400, 1007.8723404255),
(163, 30, '1002', 25, '00001', '2023-01-05', 1030, '', 20, 1008.3333333333),
(164, 30, '1002', 25, '00001', '2023-01-05', 1020, '', 60, 1009.0196078431),
(165, 30, '1001', 25, '00001', '2023-01-05', 245, '', 1258, 197.20374427404),
(166, 30, '1001', 25, '00001', '2023-01-05', 238, '', 1204, 199.51108605786),
(167, 30, '1001', 25, '00001', '2023-01-05', 238, '', 2141, 203.02829826282),
(168, 30, '1001', 25, '00001', '2023-01-05', 238, '', 1293, 204.85737399885),
(169, 30, '1001', 25, '00001', '2023-01-05', 238, '', 480, 205.4886120149),
(170, 30, '1027', 25, '00001', '2023-01-05', 7000, '', 1, 0),
(171, 30, '1003', 25, '00001', '2023-01-05', 380, '', 10, 345.09375),
(172, 30, '1002', 25, '00001', '2023-01-05', 1010, '', 120, 1009.1228070175),
(173, 30, '1002', 25, '00001', '2023-01-05', 1070, '', 30, 1010.6837606837),
(174, 30, '1002', 25, '00001', '2023-01-05', 1070, '', 25, 1011.9246861924),
(175, 30, '1002', 25, '00001', '2023-01-05', 1070, '', 25, 1013.1147540983),
(176, 30, '1003', 25, '00001', '2023-01-05', 430, '', 20, 365.30952380952),
(177, 30, '1003', 25, '00001', '2023-01-05', 430, '', 20, 377.75),
(178, 30, '1003', 25, '00001', '2023-01-05', 430, '', 20, 386.17741935484),
(179, 30, '1002', 25, '00001', '2023-01-05', 1100, '', 500, 1038.3720930232),
(180, 30, '1001', 25, '00001', '2023-01-05', 289.02027, '', 148, 205.97629191162),
(181, 30, '1027', 25, '00001', '2023-01-05', 400, '', 1, 0),
(182, 30, '1002', 25, '00001', '2023-01-05', 1120, '', 25, 1039.5415472779),
(183, 31, '1002', 25, '00001', '2022-12-22', 1050, '', 25, 1039.6892655367),
(184, 31, '1001', 25, '00001', '2022-12-22', 207, '', 1295, 206.02604616099),
(185, 31, '1001', 25, '00001', '2022-12-22', 207, '', 178, 206.03250941206),
(186, 31, '1003', 25, '00001', '2022-12-22', 330, '', 10, 381.98507462687),
(187, 31, '1027', 25, '00001', '2022-12-22', 1500, '', 1, 0),
(188, 31, '1002', 25, '00001', '2022-12-22', 1050, '', 25, 1039.8328690808),
(189, 32, '1002', 25, '00001', '2023-01-05', 1030, '', 10, 1039.7783933518),
(190, 32, '1002', 25, '00001', '2023-01-05', 1050, '', 10, 1039.8347107438),
(191, 32, '1027', 25, '00001', '2023-01-05', 1500, '', 1, 0),
(192, 32, '1003', 25, '00001', '2023-01-05', 340, '', 10, 379.06944444445),
(193, 32, '1002', 25, '00001', '2023-01-05', 1030, '', 100, 1039.3211488251),
(194, 32, '1003', 25, '00001', '2023-01-05', 400, '', 8, 380.17105263158),
(195, 32, '1001', 25, '00001', '2023-01-05', 280, '', 144, 206.42748544368),
(196, 32, '1001', 25, '00001', '2023-01-05', 280, '', 495, 207.75362318694),
(197, 32, '1027', 25, '00001', '2023-01-05', 1500, '', 1, 0),
(198, 32, '1001', 25, '00001', '2023-01-05', 275, '', 690, 209.40181869706),
(199, 32, '1027', 25, '00001', '2023-01-05', 400, '', 18, 0),
(200, 32, '1027', 25, '00001', '2023-01-05', 3000, '', 1, 0),
(201, 32, '1001', 25, '00001', '2023-01-05', 275, '', 39, 209.49256854881),
(202, 32, '1001', 25, '00001', '2023-01-05', 275, '', 143, 209.82318062961),
(203, 32, '1027', 25, '00001', '2023-01-05', 500, '', 1, 0),
(204, 32, '1002', 25, '00001', '2023-01-05', 1100, '', 200, 1045.0591016549),
(205, 32, '1001', 25, '00001', '2023-01-05', 290, '', 64, 210.00387351079),
(206, 32, '1002', 25, '00001', '2023-01-05', 1100, '', 40, 1046.078886311),
(207, 32, '1002', 25, '00001', '2023-01-05', 1100, '', 25, 1046.6972477065),
(208, 32, '1002', 25, '00001', '2023-01-05', 1070, '', 25, 1046.9614512472),
(209, 32, '1002', 25, '00001', '2023-01-05', 1070, '', 25, 1047.2197309417),
(210, 32, '1002', 25, '00001', '2023-01-05', 1070, '', 10, 1047.3214285714),
(211, 32, '1001', 25, '00001', '2023-01-05', 270, '', 77, 210.16611062193),
(212, 32, '1001', 25, '00001', '2023-01-05', 260, '', 149, 210.42551704721),
(213, 32, '1027', 25, '00001', '2023-01-05', 500, '', 1, 0),
(214, 33, '1001', 25, '00002', '2023-01-12', 235, '', 590.5, 210.9222303979),
(215, 33, '1001', 25, '00002', '2023-01-12', 235, '', 706.5, 211.49075899734),
(216, 33, '1001', 25, '00002', '2023-01-12', 275, '', 1803.5, 215.10118362652),
(217, 33, '1001', 25, '00002', '2023-01-12', 260, '', 54.5, 215.17818370495),
(218, 34, '1004', 25, '00002', '2022-12-22', 51.428571, '', 350, 53.289473592105),
(219, 34, '1006', 25, '00002', '2022-12-22', 74.285714, '', 350, 72.871285128713),
(220, 34, '1005', 25, '00002', '2022-12-22', 56, '', 500, 54.825870616916),
(221, 34, '1005', 25, '00002', '2022-12-22', 57.142857, '', 350, 54.903846120193),
(222, 34, '1001', 25, '00002', '2022-12-22', 100, '', 80, 214.88896387079),
(223, 34, '1011', 25, '00002', '2022-12-22', 10, '', 500, 14.709302325581),
(224, 34, '1005', 25, '00002', '2022-12-22', 57.142857, '', 350, 54.976744148838),
(225, 34, '1004', 25, '00002', '2022-12-22', 54, '', 500, 53.333333246913),
(226, 34, '1006', 25, '00002', '2022-12-22', 71.428571, '', 350, 72.77777587963),
(227, 34, '1005', 25, '00002', '2022-12-22', 57.142857, '', 350, 55.045045004505),
(228, 34, '1001', 25, '00002', '2022-12-22', 56, '', 1000, 210.05348610607),
(229, 34, '1006', 25, '00002', '2022-12-22', 80, '', 350, 73.217389521739),
(230, 34, '1011', 25, '00002', '2022-12-22', 10, '', 500, 14.450549450549),
(231, 34, '1004', 25, '00002', '2022-12-22', 54, '', 500, 53.37209294186),
(232, 34, '1004', 25, '00002', '2022-12-22', 54.285714, '', 350, 53.407821139664),
(233, 35, '1011', 25, '00002', '2023-03-08', 10.5, '', 2000, 13.738738738738),
(234, 36, '1008', 25, '00002', '2023-03-15', 40, '', 500, 37.670040485831),
(235, 36, '1008', 25, '00002', '2023-03-15', 40, '', 500, 37.716269841271),
(236, 36, '1008', 25, '00002', '2023-03-15', 38, '', 200, 37.718503937009),
(237, 36, '1008', 25, '00002', '2023-03-15', 40, '', 300, 37.745136186772),
(238, 36, '1008', 25, '00002', '2023-03-15', 40, '', 500, 37.788167938933),
(239, 36, '1008', 25, '00002', '2023-03-15', 40, '', 500, 37.829588014983),
(240, 36, '1008', 25, '00002', '2023-03-15', 40, '', 500, 37.869485294119),
(241, 36, '1028', 25, '00002', '2023-03-15', 170, '', 8, 140.9375),
(242, 36, '1028', 25, '00002', '2023-03-15', 160, '', 5, 141.65413533835),
(243, 36, '1028', 25, '00002', '2023-03-15', 100, '', 16, 137.18120805369),
(244, 36, '1028', 25, '00002', '2023-03-15', 100, '', 6, 135.74193548387),
(245, 36, '1037', 25, '00002', '2023-03-15', 150, '', 4, 150),
(246, 36, '1008', 25, '00002', '2023-03-15', 40, '', 500, 37.907942238268),
(247, 36, '1008', 25, '00002', '2023-03-15', 40, '', 500, 37.945035460994),
(248, 36, '1008', 25, '00002', '2023-03-15', 40, '', 200, 37.959507042255),
(249, 37, '1008', 25, '00002', '2023-04-13', 40, '', 500, 37.994809688583),
(250, 37, '1008', 25, '00002', '2023-04-13', 40, '', 185, 38.007564036447),
(251, 37, '1008', 25, '00002', '2023-04-13', 36, '', 15, 38.006529209624),
(252, 38, '1013', 25, '00002', '2023-05-22', 226.223404, '', 188, 227.21250069181),
(253, 39, '1038', 25, '00002', '2023-05-16', 4666, '', 8, 4666),
(254, 39, '1039', 25, '00002', '2023-05-16', 9898, '', 5, 9898),
(255, 39, '1041', 25, '00002', '2023-05-16', 13219, '', 2, 13219),
(256, 39, '1042', 25, '00002', '2023-05-16', 19509, '', 1, 19509),
(257, 39, '1038', 25, '00002', '2023-05-16', 4666.25, '', 8, 4666.125),
(258, 40, '1036', 25, '00002', '2023-11-07', 4850, '', 3, 4850),
(259, 40, '1045', 25, '00002', '2023-11-07', 200, '', 1, 200),
(260, 40, '1036', 25, '00002', '2023-11-07', 3100, '', 4, 3850),
(261, 40, '1045', 25, '00002', '2023-11-07', 80, '', 2, 120),
(262, 40, '1045', 25, '00002', '2023-11-07', 100, '', 1, 115),
(263, 40, '1036', 25, '00002', '2023-11-07', 3100, '', 4, 3577.2727272727),
(264, 40, '1036', 25, '00002', '2023-11-07', 6700, '', 1, 3837.5),
(265, 40, '1045', 25, '00002', '2023-11-07', 350, '', 1, 162),
(266, 40, '1045', 25, '00002', '2023-11-07', 80, '', 12, 104.11764705882),
(267, 40, '1036', 25, '00002', '2023-11-07', 3100, '', 1, 3780.7692307692),
(268, 40, '1040', 25, '00002', '2023-11-07', 320, '', 1, 320),
(269, 40, '1045', 25, '00002', '2023-11-07', 20, '', 2, 95.263157894734),
(270, 40, '1045', 25, '00002', '2023-11-07', 30, '', 2, 89.047619047616),
(271, 40, '1045', 25, '00002', '2023-11-07', 40, '', 1, 86.818181818179),
(272, 40, '1036', 25, '00002', '2023-11-07', 14850, '', 1, 4571.4285714285),
(273, 40, '1045', 25, '00002', '2023-11-07', 650, '', 1, 111.30434782608),
(274, 40, '1045', 25, '00002', '2023-11-07', 550, '', 1, 129.58333333333),
(275, 40, '1035', 25, '00002', '2023-11-07', 3700, '', 1, 3257.1428571429),
(276, 40, '1044', 25, '00002', '2023-11-07', 1200, '', 1, 1200),
(277, 40, '1045', 25, '00002', '2023-11-07', 680, '', 1, 151.6),
(278, 41, '1030', 25, '00002', '2023-07-01', 8770, '', 1, 13498.333333333),
(279, 41, '1030', 25, '00002', '2023-07-01', 4080, '', 1, 12152.857142857),
(280, 41, '1034', 25, '00002', '2023-07-01', 42810, '', 1, 45996.75),
(281, 41, '1031', 25, '00002', '2023-07-01', 11740, '', 1, 29077),
(282, 41, '1032', 25, '00002', '2023-07-01', 47941, '', 1, 29293.428571429),
(283, 41, '1030', 25, '00002', '2023-07-01', 1360, '', 1, 10803.75),
(284, 41, '1032', 25, '00002', '2023-07-01', 13235, '', 1, 27286.125),
(285, 42, '1007', 25, '00002', '2023-11-22', 190, '', 5, 190),
(286, 42, '1007', 25, '00002', '2023-11-22', 110, '', 35, 120),
(287, 42, '1007', 25, '00002', '2023-11-22', 210, '', 20, 150),
(288, 43, '1046', 25, '00002', '2023-11-22', 1530, '', 36, 1530),
(289, 43, '1046', 25, '00002', '2023-11-22', 1530, '', 15.84, 1530),
(290, 43, '1021', 25, '00002', '2023-11-22', 2350, '', 2, 2350),
(291, 44, '1049', 25, '00002', '2023-11-10', 75000, '', 1, 75000),
(292, 44, '1027', 25, '00002', '2023-11-10', 2000, '', 1, 0),
(293, 45, '1030', 25, '00001', '2023-09-13', 20950, '', 1, 11931.111111111),
(294, 46, '1030', 25, '00001', '2023-07-22', 2180, '', 1, 10956),
(295, 46, '1034', 25, '00001', '2023-07-22', 53070, '', 1, 47411.4),
(296, 46, '1034', 25, '00001', '2023-07-22', 11005, '', 1, 41343.666666667),
(297, 46, '1034', 25, '00001', '2023-07-22', 31785, '', 1, 39978.142857143),
(298, 46, '1034', 25, '00001', '2023-07-22', 33040, '', 1, 39110.875),
(299, 46, '1034', 25, '00001', '2023-07-22', 46790, '', 1, 39964.111111111),
(300, 46, '1034', 25, '00001', '2023-07-22', 22542, '', 1, 38221.9),
(301, 46, '1034', 25, '00001', '2023-07-22', 15885, '', 1, 36191.272727273),
(302, 46, '1034', 25, '00001', '2023-07-22', 14190, '', 1, 34357.833333334),
(303, 46, '1034', 25, '00001', '2023-07-22', 12168, '', 1, 32650.923076924),
(304, 46, '1034', 25, '00001', '2023-07-22', 49072, '', 1, 33823.857142858),
(305, 46, '1034', 25, '00001', '2023-07-22', 17306, '', 1, 32722.666666667),
(306, 46, '1034', 25, '00001', '2023-07-22', 57850, '', 1, 34293.125),
(307, 46, '1034', 25, '00001', '2023-07-22', 21310, '', 1, 33529.411764706),
(308, 46, '1034', 25, '00001', '2023-07-22', 42886, '', 1, 34049.222222222),
(309, 46, '1034', 25, '00001', '2023-07-22', 37390, '', 1, 34225.052631579),
(310, 46, '1030', 25, '00001', '2023-07-22', 6850, '', 1, 10582.727272727),
(311, 46, '1034', 25, '00001', '2023-07-22', 37346, '', 1, 34381.1),
(312, 46, '1030', 25, '00001', '2023-07-22', 18802, '', 1, 11267.666666666),
(313, 46, '1034', 25, '00001', '2023-07-22', 31600, '', 1, 34248.666666667),
(314, 46, '1030', 25, '00001', '2023-07-22', 4010, '', 1, 10709.384615384),
(315, 46, '1034', 25, '00001', '2023-07-22', 9455, '', 1, 33121.681818182),
(316, 46, '1034', 25, '00001', '2023-07-22', 25840, '', 1, 32805.086956522),
(317, 46, '1030', 25, '00001', '2023-07-22', 22480, '', 1, 11550.142857142),
(318, 46, '1034', 25, '00001', '2023-07-22', 11420, '', 1, 31914.041666667),
(319, 46, '1034', 25, '00001', '2023-07-22', 39529, '', 1, 32218.64),
(320, 46, '1034', 25, '00001', '2023-07-22', 14727, '', 1, 31545.884615385),
(321, 46, '1032', 25, '00001', '2023-07-22', 3120, '', 1, 24601),
(322, 46, '1034', 25, '00001', '2023-07-22', 9230, '', 1, 30719.370370371),
(323, 46, '1030', 25, '00001', '2023-07-22', 610, '', 1, 10820.799999999),
(326, 48, '1060', 25, '00002', '2024-01-10', 10425, '', 1, 10425),
(327, 49, '1002', 25, '00002', '2023-11-11', 1100, '', 10, 1047.5555555555),
(328, 49, '1002', 25, '00002', '2023-11-11', 1150, '', 5, 1047.7827050997),
(329, 49, '1002', 25, '00002', '2023-11-11', 1800, '', 2, 1048.449268941),
(330, 49, '1025', 25, '00002', '2023-11-11', 450, '', 15, 450),
(331, 49, '1002', 25, '00002', '2023-11-11', 1110, '', 15, 1048.8556338027),
(332, 49, '1002', 25, '00002', '2023-11-11', 1110, '', 25, 1049.5211144971),
(333, 49, '1002', 25, '00002', '2023-11-11', 1150, '', 25, 1050.6029285098),
(334, 49, '1002', 25, '00002', '2023-11-11', 1150, '', 15, 1051.2409071458),
(335, 49, '1002', 25, '00002', '2023-11-11', 1150, '', 15, 1051.8707482992),
(336, 49, '1002', 25, '00002', '2023-11-11', 1135, '', 1, 1051.9060773479),
(337, 49, '1002', 25, '00002', '2023-11-11', 2000, '', 1, 1052.3088360236),
(338, 49, '1025', 25, '00002', '2023-11-11', 400, '', 1, 446.875),
(339, 49, '1002', 25, '00002', '2023-11-11', 1100, '', 1, 1052.3290870486),
(340, 50, '1030', 25, '00002', '2023-12-11', 15510, '', 1, 11113.874999999),
(341, 51, '1036', 25, '00002', '2023-12-28', 14850, '', 1, 5256.6666666666),
(342, 51, '1044', 25, '00002', '2023-12-28', 1200, '', 2, 1200),
(343, 51, '1045', 25, '00002', '2023-12-28', 280, '', 1, 156.53846153846),
(344, 52, '1027', 25, '00001', '2022-12-24', 1500, '', 1, 0),
(345, 53, '1004', 25, '00002', '2023-11-03', 57.142857, '', 350, 53.548387005376),
(346, 53, '1005', 25, '00002', '2023-11-03', 56, '', 500, 55.086206857759),
(347, 54, '1023', 25, '00002', '2023-12-26', 17528, '', 1, 17528),
(348, 55, '1048', 25, '00002', '2024-02-18', 18500, '', 1, 18500),
(349, 56, '1011', 25, '00003', '2023-01-14', 4500, '', 3, 14.950914167341),
(350, 57, '1002', 25, '00006', '2024-02-25', 1100, '', 5, 1052.4300847455),
(351, 57, '1002', 25, '00006', '2024-02-25', 1170, '', 5, 1052.6786469342),
(352, 57, '1001', 25, '00006', '2024-02-25', 265, '', 102, 210.22352173658),
(353, 57, '1001', 25, '00006', '2024-02-25', 265, '', 282, 210.68818999367),
(354, 57, '1027', 25, '00006', '2024-02-25', 2000, '', 1, 0),
(355, 57, '1002', 25, '00006', '2024-02-25', 1100, '', 15, 1052.976890756),
(356, 57, '1027', 25, '00006', '2024-02-25', 2500, '', 1, 0),
(357, 57, '1002', 25, '00006', '2024-02-25', 1170, '', 50, 1055.3847736623),
(358, 57, '1001', 25, '00006', '2024-02-25', 265, '', 444, 211.40402825896),
(359, 57, '1001', 25, '00006', '2024-02-25', 265, '', 849, 212.72158037872),
(360, 57, '1002', 25, '00006', '2024-02-25', 1170, '', 50, 1057.6955645159),
(361, 57, '1002', 25, '00006', '2024-02-25', 1150, '', 25, 1058.6167664668),
(362, 57, '1027', 25, '00006', '2024-02-25', 2500, '', 1, 0),
(363, 57, '1001', 25, '00006', '2024-02-25', 265, '', 301, 213.17327840972),
(364, 57, '1001', 25, '00006', '2024-02-25', 265, '', 143, 213.38514865521),
(365, 57, '1001', 25, '00006', '2024-02-25', 250, '', 96, 213.4853603592),
(366, 57, '1002', 25, '00006', '2024-02-25', 1170, '', 50, 1060.7964774948),
(367, 57, '1002', 25, '00006', '2024-02-25', 1900, '', 1, 1061.1248043815),
(368, 57, '1002', 25, '00006', '2024-02-25', 1170, '', 50, 1063.2137375284),
(369, 57, '1002', 25, '00006', '2024-02-25', 1170, '', 50, 1065.224021084),
(370, 57, '1002', 25, '00006', '2024-02-25', 1170, '', 35, 1066.5867707169),
(371, 57, '1002', 25, '00006', '2024-02-25', 1180, '', 5, 1066.7971068246),
(372, 57, '1002', 25, '00006', '2024-02-25', 2000, '', 2, 1067.488880652),
(373, 57, '1027', 25, '00006', '2024-02-25', 1500, '', 1, 0),
(374, 58, '1002', 25, '00006', '2024-03-11', 1170, '', 35, 1068.8016831318),
(375, 58, '1027', 25, '00006', '2024-03-11', 1500, '', 1, 0),
(376, 58, '1027', 25, '00006', '2024-03-11', 1500, '', 1, 0),
(377, 58, '1002', 25, '00006', '2024-03-11', 1170, '', 15, 1069.3540756911),
(378, 59, '1005', 25, '00006', '2024-01-09', 66.666666, '', 150, 55.234042506383),
(379, 59, '1006', 25, '00006', '2024-01-09', 80, '', 150, 73.389828771186),
(380, 59, '1005', 25, '00006', '2024-01-09', 66.666666, '', 150, 55.378151205882),
(381, 59, '1005', 25, '00006', '2024-01-09', 66.666666, '', 150, 55.518672136929),
(382, 59, '1005', 25, '00006', '2024-01-09', 66.666666, '', 150, 55.655737635245),
(383, 59, '1006', 25, '00006', '2024-01-09', 80, '', 150, 73.553717314049),
(384, 60, '1004', 25, '00006', '2024-02-19', 66.66666, '', 150, 53.756613560846),
(385, 60, '1005', 25, '00006', '2024-02-19', 66.666666, '', 150, 55.789473607287),
(386, 60, '1004', 25, '00006', '2024-02-19', 66.666666, '', 150, 53.958333130208),
(387, 60, '1004', 25, '00006', '2024-02-19', 66.666666, '', 150, 54.153845943589),
(388, 60, '1005', 25, '00006', '2024-02-19', 66.666666, '', 150, 55.919999916),
(389, 60, '1005', 25, '00006', '2024-02-19', 66.666666, '', 150, 56.04743073913),
(390, 60, '1005', 25, '00006', '2024-02-19', 66.666666, '', 150, 56.171874902343),
(391, 60, '1006', 25, '00006', '2024-02-19', 80, '', 125, 73.684208866396),
(392, 60, '1004', 25, '00006', '2024-02-19', 66.666666, '', 150, 54.343434126262),
(393, 60, '1005', 25, '00006', '2024-02-19', 66.666666, '', 150, 56.293436189188),
(394, 60, '1004', 25, '00006', '2024-02-19', 66.666666, '', 150, 54.527362960198),
(395, 60, '1005', 25, '00006', '2024-02-19', 66.666666, '', 150, 56.41221362977),
(396, 60, '1004', 25, '00006', '2024-02-19', 66.666666, '', 150, 54.705882122548),
(397, 60, '1004', 25, '00006', '2024-02-19', 66.666666, '', 150, 54.879226816424),
(398, 61, '1006', 25, '00006', '2024-01-27', 70, '', 100, 73.625496374501),
(399, 62, '1005', 25, '00006', '2024-03-17', 60, '', 50, 56.425855403041),
(400, 63, '1013', 25, '00006', '2024-02-22', 260, '', 52, 228.70938389113),
(401, 63, '1027', 25, '00006', '2024-02-22', 800, '', 1, 0),
(402, 64, '1023', 25, '00006', '2024-02-19', 1880, '', 123.84, 2005.3444408843),
(403, 64, '1046', 25, '00006', '2024-02-19', 2230, '', 24.48, 1754.5283018868),
(404, 64, '1046', 25, '00006', '2024-02-19', 1880, '', 14.4, 1774.4444444445),
(405, 64, '1046', 25, '00006', '2024-02-19', 2230, '', 5.76, 1801.6417910448),
(406, 64, '1046', 25, '00006', '2024-02-19', 1880, '', 25.92, 1818.2352941177),
(407, 64, '1046', 25, '00006', '2024-02-19', 2400, '', 7.2, 1850.5555555556),
(408, 64, '1025', 25, '00006', '2024-02-19', 540, '', 50, 517.42424242424),
(409, 64, '1070', 25, '00006', '2024-02-19', 380, '', 2, 380),
(410, 64, '1025', 25, '00006', '2024-02-19', 580, '', 2, 519.26470588235),
(411, 64, '1027', 25, '00006', '2024-02-19', 10998, '', 1, 0),
(412, 65, '1046', 25, '00006', '2024-02-26', 1000, '', 1, 1844.04287902),
(413, 65, '1046', 25, '00006', '2024-02-26', 1100, '', 1, 1838.3890577509),
(414, 66, '1023', 25, '00006', '2024-04-23', 1880, '', 9.72, 1996.2901307966),
(415, 66, '1025', 25, '00006', '2024-04-23', 520, '', 4, 519.30555555555),
(416, 67, '1046', 25, '00001', '2024-03-03', 6903, '', 1, 1876.5837104074),
(417, 68, '1071', 25, '00006', '2024-03-08', 128, '', 114, 128),
(418, 69, '1046', 25, '00001', '2024-03-20', 47536, '', 1, 2218.3458083834),
(419, 70, '1047', 25, '00006', '2024-03-15', 1250, '', 10.5, 1250),
(420, 71, '1073', 25, '00006', '2024-01-30', 72, '', 250, 72),
(421, 71, '1061', 25, '00006', '2024-01-30', 500, '', 1, 500),
(422, 71, '1063', 25, '00006', '2024-01-30', 20, '', 20, 20),
(423, 71, '1073', 25, '00006', '2024-01-30', 30, '', 250, 51),
(424, 71, '1027', 25, '00006', '2024-01-30', 1200, '', 1, 0),
(425, 72, '1080', 25, '00003', '2024-03-20', 10000, '', 3, 10000),
(426, 72, '1081', 25, '00003', '2024-03-20', 1120, '', 27.5, 1120),
(427, 72, '1081', 25, '00003', '2024-03-20', 980, '', 26, 1051.9626168224),
(428, 72, '1027', 25, '00003', '2024-03-20', 2500, '', 1, 0),
(429, 72, '1081', 25, '00003', '2024-03-20', 25000, '', 1, 1491.376146789),
(430, 73, '1075', 25, '00001', '2024-01-01', 2000, '', 1, 2000),
(431, 74, '1008', 25, '00001', '2024-03-04', 114700, '', 1, 41.946668499366),
(432, 75, '1005', 25, '00006', '2024-02-28', 66.666666, '', 150, 56.541353266916),
(433, 75, '1004', 25, '00006', '2024-02-28', 66.666666, '', 150, 55.047618804761),
(434, 76, '1060', 25, '00001', '2024-03-23', 39250, '', 1, 24837.5),
(435, 76, '1060', 25, '00001', '2024-03-23', 12125, '', 1, 20600),
(436, 76, '1027', 25, '00001', '2024-03-23', 1200, '', 1, 0),
(437, 76, '1073', 25, '00001', '2024-03-23', 46410, '', 1, 143.53293413174),
(438, 76, '1073', 25, '00001', '2024-03-23', 10260, '', 1, 163.68525896415),
(439, 76, '1027', 25, '00001', '2024-03-23', 1755, '', 1, 0),
(440, 2, '135', 13, '00006', '2024-04-29', 90000, 'auto', -1, 0),
(441, 77, '1002', 25, '00006', '2024-04-30', 1170, '', 10, 1069.7189992745),
(442, 78, '1008', 25, '00006', '2024-04-30', 114700, '', 100, 434.597787747),
(443, 79, '1014', 25, '00006', '2024-04-30', 10, '', 200, 10),
(444, 80, '3123', 25, '00001', '2024-04-30', 9000, '', 1, 0),
(445, 81, '1003', 25, '00005', '2024-05-01', 400, '', 12, 381.62195121951),
(446, 82, '1003', 25, '00005', '2024-05-01', 400, '', 1, 381.73333333333),
(447, 82, '1001', 25, '00005', '2024-05-01', 250, '', 1, 213.48640134445),
(448, 83, '1001', 25, '00001', '2024-05-01', 250, '', 1, 213.48744227035),
(449, 83, '1003', 25, '00001', '2024-05-01', 400, '', 2, 381.95209580838),
(450, 84, '1001', 25, '00002', '2024-05-01', 500, '', 1, 213.4956099079),
(451, 85, '1014', 25, '00001', '2024-05-02', 175, '', 2, 11.633663366337),
(452, 86, '1001', 25, '00005', '2024-05-03', 204, '', 10, 213.49290375785),
(453, 87, '1001', 25, '00005', '2024-05-03', 204, '', 20, 213.48749608246),
(454, 88, '1001', 25, '00005', '2024-05-03', 204, '', 20, 213.48209456458),
(455, 89, '1007', 25, '00005', '2024-05-03', 500, '', 101, 369.5652173913),
(456, 90, '1001', 25, '00001', '2024-05-03', 250, '', 1, 213.48313407228),
(457, 91, '1005', 25, '00002', '2024-05-03', 99, '', 1, 56.544545406359),
(458, 92, '1001', 25, '00005', '2024-05-03', 66, '', 1, 213.4789359813),
(459, 93, '1001', 25, '00005', '2024-05-03', 77, '', 1, 213.47505123418),
(460, 94, '1004', 25, '00001', '2024-05-05', 101, '', 2, 55.056369972385),
(461, 95, '1001', 25, '00005', '2024-05-06', 204, '', 100, 213.44815792346);

-- --------------------------------------------------------

--
-- Table structure for table `erp_replica_suppliers`
--

CREATE TABLE `erp_replica_suppliers` (
  `supplier_id` int(11) NOT NULL,
  `supp_name` varchar(60) COLLATE utf8_unicode_ci NOT NULL DEFAULT '',
  `supp_ref` varchar(30) COLLATE utf8_unicode_ci NOT NULL DEFAULT '',
  `address` tinytext COLLATE utf8_unicode_ci NOT NULL,
  `supp_address` tinytext COLLATE utf8_unicode_ci NOT NULL,
  `gst_no` varchar(25) COLLATE utf8_unicode_ci NOT NULL DEFAULT '',
  `contact` varchar(60) COLLATE utf8_unicode_ci NOT NULL DEFAULT '',
  `supp_account_no` varchar(40) COLLATE utf8_unicode_ci NOT NULL DEFAULT '',
  `website` varchar(100) COLLATE utf8_unicode_ci NOT NULL DEFAULT '',
  `bank_account` varchar(60) COLLATE utf8_unicode_ci NOT NULL DEFAULT '',
  `curr_code` char(3) COLLATE utf8_unicode_ci DEFAULT NULL,
  `payment_terms` int(11) DEFAULT NULL,
  `tax_included` tinyint(1) NOT NULL DEFAULT '0',
  `dimension_id` int(11) DEFAULT '0',
  `dimension2_id` int(11) DEFAULT '0',
  `tax_group_id` int(11) DEFAULT NULL,
  `credit_limit` double NOT NULL DEFAULT '0',
  `purchase_account` varchar(15) COLLATE utf8_unicode_ci NOT NULL DEFAULT '',
  `payable_account` varchar(15) COLLATE utf8_unicode_ci NOT NULL DEFAULT '',
  `payment_discount_account` varchar(15) COLLATE utf8_unicode_ci NOT NULL DEFAULT '',
  `notes` tinytext COLLATE utf8_unicode_ci NOT NULL,
  `inactive` tinyint(1) NOT NULL DEFAULT '0'
) ENGINE=InnoDB DEFAULT CHARSET=utf8 COLLATE=utf8_unicode_ci;

--
-- Dumping data for table `erp_replica_suppliers`
--

INSERT INTO `erp_replica_suppliers` (`supplier_id`, `supp_name`, `supp_ref`, `address`, `supp_address`, `gst_no`, `contact`, `supp_account_no`, `website`, `bank_account`, `curr_code`, `payment_terms`, `tax_included`, `dimension_id`, `dimension2_id`, `tax_group_id`, `credit_limit`, `purchase_account`, `payable_account`, `payment_discount_account`, `notes`, `inactive`) VALUES
(7, 'Minhaj Steel', 'Minhaj Steel', '', 'Plot # C-357 Muhammad\r\nKhan Colony Madras Chowk\r\nPCSIR Lab, Karachi\r\n', 'N/A', '', '', 'non', 'BAH / ALLAUDDIN FAYAZ UDDIN', 'PKR', 4, 0, 0, 0, 3, 0, '', '2100', '5060', 'Steel &amp; Cement Supplier\r\n', 0),
(8, 'Zahoor Shahzad Steel', 'Zahoor Shahzad Steel', '', 'Shop # 1-4 Plot # A-169 Sector\r\n18-A Quetta Town Sch 33 Khi.\r\n', 'N/A', '', '', 'non', 'Meezan Bank / Zahoor Shah BAH / Zahoor S', 'PKR', 4, 0, 0, 0, 3, 0, '', '2100', '5060', 'Steel &amp; Cement Supplier\r\n', 0),
(9, 'F.F. Steel', 'F.F. Steel', '', 'B-98 Block 2 PECHS Shahra-e\r\nQadeen Karachi.\r\n', 'N/A', '', '', 'non', '', 'PKR', 4, 0, 0, 0, 3, 0, '', '2100', '5060', 'Steel Supplier\r\n', 0),
(10, 'Adil Steel', 'Adil Steel', '', 'Plot # 29, Sector F Bhitai Colony\r\nKorangi Crossing Karachi\r\n', 'N/A', '', '', 'non', 'BAH / Muhammad Akram Meezan Bank / Adil ', 'PKR', 4, 0, 0, 0, 3, 0, '', '2100', '5060', 'Steel &amp; Cement Supplier\r\n', 0),
(11, 'Abdul Samad Steel', 'Abdul Samad Steel', '', 'Shop # 1 Plot # 5 Central Information\r\nSociety Sec. 36/A Sch. 33 Khi.\r\n', 'N/A', '', '', 'non', 'BAH / Muhammad Zeeshan', 'PKR', 4, 0, 0, 0, 3, 0, '', '2100', '5060', 'Steel &amp; Cement Supplier\r\n', 0),
(12, 'Ilyas Khan &amp; Naveed Khan', 'Ilyas Khan &amp; Naveed Khan', '', 'H. # B-45, Sector 23-A PCSIR\r\nSociety Scheme 33 Karachi\r\n', 'N/A', '', '', 'non', 'Meezan Bank / Ilyas Khan BAH / Naveed Kh', 'PKR', 4, 0, 0, 0, 3, 0, '', '2100', '5060', 'Bajri, Raiti &amp; Crush Supplier\r\n', 0),
(13, 'Munir &amp; Co.', 'Munir &amp; Co.', '', 'Super Market, Super Highway \r\nSohrab Goth, Karachi\r\n', 'N/A', '', '', 'non', 'BAH / Muneer Ahmed Meezan Bank / Munir A', 'PKR', 4, 0, 0, 0, 3, 0, '', '2100', '5060', 'Bajri, Raiti &amp; Crush Supplier\r\n', 0),
(14, 'Muhammadi Hard Ware', 'Muhammadi Hard Ware', '', 'Shop # 1, WSA 15/16 Block 16\r\nWater Pump F.B. Area Karachi\r\n', 'non', '', '', 'non', 'BAH / Ali Raza', 'PKR', 4, 0, 0, 0, 4, 0, '', '2100', '5060', 'Hare Ware Supplier\r\n', 0),
(15, 'Master Khan Hard ware Sanitary &amp; Electric Store', 'Master Khan ', '', 'Shop # 332, Madras Chowk\r\nMuhammad Khan Colony Sch 33 Khi\r\n', 'N/A', '', '', 'non', 'MCB Islamic / Mastar Khan', 'PKR', 4, 0, 0, 0, 3, 0, '', '2100', '5060', 'Hardware, Plumbing &amp;\r\nElectrical item supplier\r\n', 0),
(16, 'SUBHAN ALLAH Marble', 'SUBHAN ALLAH Marble', '', 'Plot # C-18m Quetta Town \r\nSumaira Chowk Karachi\r\n', 'N/A', '', '', 'non', 'Meezan Bank / Anum Farooq', 'PKR', 9, 0, 0, 0, 4, 0, '', '2100', '5060', 'Marble Supplier\r\n', 0),
(17, 'Al-Aziz Marble', 'Al-Aziz Marble', '', 'Shop # 4, Noor Centre Near\r\nChapal Sun City Sch 33 Khi.\r\n', 'N/A', '', '', 'non', '', 'PKR', 4, 0, 0, 0, 3, 0, '', '2100', '5060', 'Kitchen Top Supplier\r\n', 0),
(19, 'Al Makkah Stone', 'Al Makkah Stone', '', 'Shop # 1 Plot A-7 University Road\r\nOpp. Race Club Karachi.\r\n', 'N/A', '', '', 'non', '', 'PKR', 4, 0, 0, 0, 4, 0, '', '2100', '5060', 'Elevation Stone Supplier\r\n', 0),
(20, 'Saleem Khan Block', 'Saleem Khan Block', '', 'Block G, Ghazi Goth Scheme\r\n33, Karachi\r\n', 'N/A', '', '', 'non', 'Meezan Bank / Saleem', 'PKR', 4, 0, 0, 0, 4, 0, '', '2100', '5060', 'Block Supplier\r\n', 0),
(21, 'Ali Haider Block', 'Ali Haider Block', '', 'Main Road Dhani Bux Brohi \r\nGoth Gulshan e Maymar sch 33\r\n', 'N/A', '', '', 'non', 'Allied Bank / Ali Akber', 'PKR', 4, 0, 0, 0, 3, 0, '', '2100', '5060', 'Block Supplier\r\n', 0),
(22, 'Bismillah Steel Works', 'Bismillah Steel Works', '', 'R-28 Shop # 2, Scout Colony\r\nGulshan e Iqbal Karachi\r\n', 'N/A', '', '', 'non', 'Habib Metro / Omair Amin', 'PKR', 4, 0, 0, 0, 3, 0, '', '2100', '5060', 'Threshold Supplier\r\n', 0),
(23, 'Kopak Paints Ltd.', 'Kopak Paints Ltd.', '', 'H.O. C-49, KDA Scheme # 1\r\nMain Karsaz Road, Karachi\r\n', 'N/A', '', '', 'non', 'Habib Metro / Kopak Chemicals ', 'PKR', 4, 0, 0, 0, 4, 0, '', '2100', '5060', 'Paint Supplier\r\n', 0),
(24, 'Nadir Elevator Ser.', 'Nadir Elevator Ser.', '', 'The Comfort Near Gulshan e\r\nShamim Yaseenabad Karachi\r\n', 'N/A', '', '', 'non', 'BAH / Waji Ali', 'PKR', 4, 0, 0, 0, 4, 0, '', '2100', '5060', 'Elevator Supplier\r\n', 0),
(25, 'YAM Electronics', 'YAM Electronics', '', 'Shop # 4 Nawaz Court Anar Kali\r\nMarket Water Pump Karachi\r\n', 'N/A', '', '', 'non', 'BAH / Muhammad Ali', 'PKR', 4, 0, 0, 0, 4, 0, '', '2100', '5060', 'General Electronic Appliance Supplier\r\n', 0),
(26, 'Zain Traders', 'Zain Traders', '', 'Shop # 6 BS-11 Saher Arcade\r\nWater Pump F.B. Area Karachi\r\n', 'N/A', '', '', 'non', 'Meezan Bank / Ali Zain', 'PKR', 4, 0, 0, 0, 4, 0, '', '2100', '5060', 'Water Motor Supplier\r\n', 0),
(27, 'Dua Ceramic', 'Dua Ceramic', '', '', 'N/A', '', '', 'non', '', 'PKR', 4, 0, 0, 0, 4, 0, '', '2100', '5060', 'Tile &amp; Ceramic Supplier\r\n', 0),
(28, 'Syed Sons ( Sanitary)', 'Syed Sons ( Sanitary)', '', 'Shop # 1097, Nishtar Colony\r\nGulbahar  No. 1 Karachi', 'N/A', '', '', 'non', '', 'PKR', 4, 0, 0, 0, 4, 0, '', '2100', '5060', 'Sanitary &amp; Ceramic Supplier\r\n', 0),
(29, 'Shujai Sanitry', 'Shujai Sanitry', '', 'Plot # 1143, Main Petal Gali\r\nGulbahar No. 1  Karachi', 'N/A', '', '', 'non', 'Habib Metropolitan / Ammar Ezzi', 'PKR', 4, 0, 0, 0, 4, 0, '', '2100', '5060', 'Sanitary &amp; Ceramic Supplier\r\n', 0),
(30, 'Ultra Constr. Chemical', 'Ultra Constr. Chemical', '', 'Plot # A-495 Sector 6-G, Near \r\nHilal Food Mehran Town Korangi\r\nIndustrial Area Karachi.', 'N/A', '', '', 'non', '', 'PKR', 4, 0, 0, 0, 4, 0, '', '2100', '5060', 'Construction Chemical Supp.\r\n', 0),
(31, 'Ejaz Chemical', 'Ejaz Chemical', '', 'Shah Faisal Colony Karachi\r\n', 'N/A', '', '', 'non', '', 'PKR', 4, 0, 0, 0, 4, 0, '', '2100', '5060', 'Construction Chemical Supp.\r\n\r\n', 0),
(32, 'Imran Timber ', 'Imran Timber ', '', 'A/73 Sector 11-E North Karachi\r\n', 'N/A', '', '', 'non', 'BAH / Ahmed Ramzani', 'PKR', 4, 0, 0, 0, 4, 0, '', '2100', '5060', 'Shuttering Wood Supplier\r\n', 0),
(34, 'Faisal Timber', 'Faisal Timber', '', 'Bagh korangi, Gulshan e Millat\r\nNear CNG Pump Korangi Khi.\r\n', 'N/A', '', '', 'non', 'BAH / Faisal Timber Mart', 'PKR', 4, 0, 0, 0, 4, 0, '', '2100', '5060', 'Shuttering Wood Supplier\r\n', 0),
(35, 'Vetement Corporation', 'Vetement Corporation', '', 'Office No. 1 Moon Plaza \r\nSialkot Road Sambrial\r\n', 'N/A', '', '', 'non', 'Allied Bank 0380-0010045207140018', 'PKR', 7, 0, 0, 0, 3, 0, '', '2100', '5060', 'Winch Machine and Mixer machine Supplier\r\nCell # 0321-7191879\r\nEmail:Info@VetementCO.com\r\n', 0),
(36, 'Steel Iron', 'Steel Iron', '', 'DT-23 Block Al Noor Society\r\nF.B. Area Karachi\r\n', 'N/A', '', '', 'non', 'HBL / Muhammad Yameen', 'PKR', 4, 0, 0, 0, 3, 0, '', '2100', '5060', 'Iron Gate &amp; Grill Supplier\r\n', 0),
(37, 'Jasmine Wood Work', 'Jasmine Wood Work', '', 'Malik Anwar Goth, Main Godhra\r\nStop Near Noor Masjid New Karachi\r\n', 'N/A', '', '', 'non', '', 'PKR', 4, 0, 0, 0, 4, 0, '', '2100', '5060', 'Wood Door Supplier\r\n', 0),
(38, 'Shahzad Water Tanker', 'Shahzad Water Tanker', '', '', 'N/A', '', '', 'non', '', 'PKR', 4, 0, 0, 0, 4, 0, '', '2100', '5060', 'Water Tanker Supplier\r\n', 0),
(40, 'Abdullah Catering', 'Abdullah Catering', '', 'Shop # 11, Faria Appartment Opp:\r\nGulzare Hijri Police Station Sch 33 Khi\r\n', 'N/A', '', '', 'non', '', 'PKR', 4, 0, 0, 0, 4, 0, '', '2100', '5060', 'Catering Supplier\r\n', 0),
(41, 'Al Khair Pakwan', 'Al Khair Pakwan', '', 'Ancholi Society, Sector 24-A S\r\nGulzare Hijri Scheme 33 Karachi\r\n', 'N/A', '', '', 'non', '', 'PKR', 4, 0, 0, 0, 4, 0, '', '2100', '5060', 'Food Supplier\r\n', 0),
(42, 'Adeel News Paper Agency', 'Adeel News Paper Agency', '', 'Faria Chowk, near Gulzar e Hijri\r\nPolice Station Sch, 33 Khi\r\n', 'N/A', '', '', 'non', '', 'PKR', 4, 0, 0, 0, 4, 0, '', '2100', '5060', 'News Paper Supplier\r\n', 0),
(43, 'Zafar Arain Electrician', 'Zafar Arain Electrician', '', 'Plot # A1/11 State Bank Society\r\nSector 17-A Scheme 33 Karachi\r\n', 'N/A', '', '', '', 'BAH / Muzaffar Hussain', 'PKR', 4, 0, 0, 0, 3, 0, '', '2100', '5060', 'Electric Work Contractor\r\n', 0),
(44, 'Ejaz Plumber', 'Ejaz Plumber', '', '', 'N/A', '', '', '', '', 'PKR', 4, 0, 0, 0, 4, 0, '', '2100', '5060', 'Plumbing Work Contractor\r\n', 0),
(46, 'Jamshed Painter', 'Jamshed Painter', '', 'Mr. Jamshed\r\n', 'N/A', '', '', 'non', '', 'PKR', 4, 0, 0, 0, 4, 0, '5070', '2100', '5060', 'Paint Work Contractor\r\n', 0),
(47, 'Asif Painter', 'Asif Painter', '', '', 'N/A', '', '', '', '', 'PKR', 4, 0, 0, 0, 4, 0, '', '2100', '5060', 'Paint Work Contractor\r\n', 0),
(48, 'Shahid Painter', 'Shahid Painter', '', '', 'N/A', '', '', 'non', '', 'PKR', 4, 0, 0, 0, 4, 0, '5070', '2100', '5060', 'Paint Work Contractor\r\n', 0),
(49, 'Carpenter', 'Carpenter', '', 'New Liyari Town Karachi\r\n', 'N/A', '', '', 'non', 'BAH / A/c # 05260081002719019 M.Ali', 'PKR', 4, 0, 0, 0, 4, 0, '', '2100', '5060', 'All Types of Woodwork\r\n', 0),
(51, 'Asad Steel Cutting Contractor ', 'Asad Steel Cutting Contractor ', '', '', '', '', '', '', '', 'PKR', 4, 0, 0, 0, 3, 0, '5070', '2100', '5060', '', 0),
(53, 'Plumbing Work Contractor', 'Ghazanfar Plumber', '', '', '', '', '', '', '', 'PKR', 4, 0, 0, 0, 3, 0, '5070', '2100', '5060', '', 0),
(54, 'Wisal Khan Construction Co. Material Supplier', 'Wisal Khan Material Supplier', '', '', '', '', '', '', '', 'PKR', 4, 0, 0, 0, 3, 0, '', '2100', '5060', '', 0),
(55, 'Universal Cable', 'Universal Cable', 'Nazimzabad', 'Nazimabad ', '', '', '', '', '', 'PKR', 4, 0, 0, 0, 3, 0, '', '2100', '5060', '', 0),
(56, 'Madina Paint', 'Madina Paint', 'Shop # 01, Ancholi Society Scheme 33, Karachi', 'Shop # 01, Ancholi Society Scheme 33, Karachi', '', '', '', '', '', 'PKR', 4, 0, 0, 0, 3, 0, '', '2100', '5060', '', 0),
(57, 'Yousuf Stone', 'Yousuf Stone', 'Showroom: Super Highway, Jamali Pull Near Rabbani Jamia Masjid Karachi', 'Showroom: Super Highway, Jamali Pull Near Rabbani Jamia Masjid Karachi', '', '', '', '', '', 'PKR', 4, 0, 0, 0, 3, 0, '', '2100', '5060', '', 0),
(58, 'Adnan Tiles', 'Adnan Tiles', 'Shop # 9, Noor Center Plot # 142, Sector 29 Near Al Azhar Garden Scheme 33, Karachi', 'Shop # 9, Noor Center Plot # 142, Sector 29 Near Al Azhar Garden Scheme 33, Karachi', '', '', '', '', '', 'PKR', 4, 0, 0, 0, 3, 0, '', '2100', '5060', 'Tile &amp; Sanitary items', 0),
(59, 'Shahid Khan Material Supplier', 'Shahid Khan', '', '', '', '', '', '', '', 'PKR', 4, 0, 0, 0, 3, 0, '', '2100', '5060', '', 0),
(60, 'ABC Material', 'ABC Material', 'New Unknown Vendor', '', '', '', '', '', '', 'PKR', 4, 0, 0, 0, 3, 0, '', '2100', '5060', '', 0),
(61, 'ABC Tile', 'ABC Tile', '', '', '', '', '', '', '', 'PKR', 4, 0, 0, 0, 3, 0, '', '2100', '5060', '', 0),
(62, 'Al Falah Tiles &amp; Marble Showroom', 'Al Falah TIles &amp; Marble', 'Plot # C-18 Sumera Chowk Jamali pul Quetta Town Karachi.', 'Plot # C-18 Sumera Chowk Jamali pul Quetta Town Karachi.', '', '', '', '', '', 'PKR', 4, 0, 0, 0, 3, 0, '', '2100', '5060', '', 0),
(63, 'Zam Zam Aluminum &amp; Glass Works', 'Zam Zam Aluminum &amp; Glass', '', '', '', '', '', '', '', 'PKR', 4, 0, 0, 0, 3, 0, '', '2100', '5060', '', 0),
(64, 'ABC Chemical', 'ABC Chemical', 'Karachi.', '', '', '', '', '', '', 'PKR', 4, 0, 0, 0, 3, 0, '', '2100', '5060', '', 0),
(65, 'ABC Block', 'ABC Block', '', '', '', '', '', '', '', 'PKR', 4, 0, 0, 0, 3, 0, '', '2100', '5060', '', 0);

-- --------------------------------------------------------

--
-- Table structure for table `erp_replica_supp_allocations`
--

CREATE TABLE `erp_replica_supp_allocations` (
  `id` int(11) NOT NULL,
  `person_id` int(11) DEFAULT NULL,
  `amt` double UNSIGNED DEFAULT NULL,
  `date_alloc` date NOT NULL DEFAULT '0000-00-00',
  `trans_no_from` int(11) DEFAULT NULL,
  `trans_type_from` int(11) DEFAULT NULL,
  `trans_no_to` int(11) DEFAULT NULL,
  `trans_type_to` int(11) DEFAULT NULL
) ENGINE=InnoDB DEFAULT CHARSET=utf8 COLLATE=utf8_unicode_ci;

--
-- Dumping data for table `erp_replica_supp_allocations`
--

INSERT INTO `erp_replica_supp_allocations` (`id`, `person_id`, `amt`, `date_alloc`, `trans_no_from`, `trans_type_from`, `trans_no_to`, `trans_type_to`) VALUES
(1, 10, 100000, '2022-05-28', 2, 22, 1, 20),
(2, 10, 500000, '2022-06-30', 3, 22, 1, 20),
(3, 30, 8450, '2022-09-23', 3, 22, 2, 20),
(4, 51, 3000, '2022-09-29', 4, 22, 4, 20),
(5, 30, 8450, '2022-09-29', 5, 22, 3, 20),
(6, 54, 50000, '2022-11-07', 8, 22, 5, 20),
(7, 54, 50000, '2022-11-15', 9, 22, 5, 20),
(8, 54, 21500, '2022-11-29', 14, 22, 5, 20),
(9, 21, 100000, '2022-12-05', 15, 22, 8, 20),
(10, 21, 172560, '2023-06-30', 28, 22, 31, 20),
(11, 22, 42529.999952, '2023-05-27', 35, 22, 33, 20),
(12, 55, 170095, '2023-05-16', 37, 22, 34, 20),
(13, 13, 21000, '2023-06-19', 42, 22, 30, 20),
(14, 57, 9000, '2023-11-22', 50, 22, 37, 20),
(15, 58, 84015.2, '2023-11-22', 51, 22, 38, 20),
(16, 36, 77000, '2023-11-10', 52, 22, 39, 20),
(17, 17, 10425, '2024-01-10', 53, 22, 44, 20),
(18, 7, 100000, '2023-11-11', 54, 22, 45, 20),
(19, 7, 39385, '2024-02-08', 56, 22, 45, 20),
(20, 7, 150000, '2023-01-14', 57, 22, 27, 20),
(21, 59, 13500, '2023-01-14', 58, 22, 52, 20),
(22, 58, 15523, '2024-01-10', 60, 22, 50, 20),
(23, 58, 2005, '2024-03-31', 61, 22, 50, 20),
(24, 12, 47999.99995, '2024-04-02', 62, 22, 49, 20),
(25, 36, 18500, '2024-04-04', 63, 22, 51, 20),
(31, 64, 2000, '2024-01-01', 67, 22, 69, 20),
(32, 51, 4000, '2023-12-19', 68, 22, 75, 18),
(33, 51, 2000, '2024-01-08', 69, 22, 76, 18),
(34, 51, 3000, '2024-01-23', 70, 22, 77, 18),
(35, 51, 4000, '2024-01-24', 71, 22, 78, 18),
(36, 51, 2000, '2024-01-26', 72, 22, 79, 18),
(37, 51, 2000, '2024-01-27', 73, 22, 80, 18),
(38, 51, 2000, '2024-02-06', 74, 22, 81, 18),
(39, 65, 4400, '2023-12-23', 75, 22, 70, 20),
(40, 65, 5000, '2024-01-01', 76, 22, 70, 20),
(41, 65, 21250, '2024-01-11', 77, 22, 70, 20),
(42, 65, 23200, '2024-01-14', 78, 22, 70, 20),
(43, 65, 9600, '2024-01-17', 79, 22, 70, 20),
(44, 65, 20350, '2024-01-18', 80, 22, 70, 20),
(45, 65, 4000, '2024-01-23', 81, 22, 70, 20),
(46, 65, 3600, '2024-01-23', 82, 22, 70, 20),
(47, 65, 22200, '2024-01-24', 83, 22, 70, 20),
(48, 65, 1100, '2024-03-04', 84, 22, 70, 20),
(49, 7, 250000, '2024-01-03', 85, 22, 53, 20),
(50, 7, 200000, '2024-01-11', 86, 22, 53, 20),
(51, 12, 100000, '2024-04-26', 87, 22, 56, 20),
(52, 7, 250000, '2024-01-25', 88, 22, 53, 20),
(53, 60, 7000, '2024-01-27', 89, 22, 57, 20),
(54, 58, 200000, '2024-02-26', 90, 22, 60, 20),
(55, 58, 200000, '2024-02-26', 91, 22, 60, 20),
(56, 60, 3000, '2024-03-17', 92, 22, 58, 20),
(57, 7, 100000, '2024-04-03', 93, 22, 53, 20),
(58, 7, 100000, '2024-04-19', 94, 22, 53, 20),
(59, 58, 20353.6, '2024-03-11', 95, 22, 62, 20),
(60, 58, 29647, '2024-03-11', 95, 22, 60, 20),
(61, 58, 3607, '2024-04-18', 96, 22, 60, 20),
(62, 58, 2100, '2024-04-18', 96, 22, 61, 20),
(63, 58, 6903, '2024-04-18', 96, 22, 63, 20),
(64, 58, 14592, '2024-04-18', 96, 22, 64, 20),
(65, 58, 27798, '2024-04-18', 96, 22, 65, 20),
(66, 58, 19738, '2024-04-19', 97, 22, 65, 20),
(67, 22, 14320, '2024-02-29', 98, 22, 59, 20),
(68, 7, 96415, '2024-02-28', 99, 22, 53, 20),
(69, 7, 53585, '2024-02-28', 99, 22, 54, 20),
(70, 12, 63999.9996, '2024-03-05', 100, 22, 55, 20),
(71, 12, 6000.0006, '2024-03-05', 100, 22, 56, 20),
(72, 12, 19999.9998, '2024-03-05', 100, 22, 71, 20),
(73, 12, 33999.9972, '2024-04-02', 101, 22, 56, 20),
(74, 7, 11700, '2024-04-30', 102, 22, 73, 20),
(75, 65, 11470000, '2024-04-30', 103, 22, 74, 20),
(77, 64, 9000, '2024-04-30', 105, 22, 91, 18),
(78, 7, 650, '2024-05-01', 106, 22, 77, 20),
(79, 7, 1050, '2024-05-01', 107, 22, 78, 20),
(80, 7, 4800, '2024-05-01', 108, 22, 76, 20),
(81, 64, 500, '2024-05-01', 109, 22, 79, 20),
(82, 10, 2040, '2024-05-03', 110, 22, 81, 20),
(83, 19, 50500, '2024-05-03', 111, 22, 82, 20),
(84, 43, 10000, '2024-05-05', 112, 22, 108, 18),
(85, 10, 40000, '2024-05-06', 113, 22, 1, 20),
(86, 7, 1500, '2024-05-07', 114, 22, 48, 20),
(87, 65, 2050, '2024-05-07', 115, 22, 75, 20),
(88, 65, 99, '2024-05-07', 115, 22, 84, 20),
(89, 65, 66, '2024-05-07', 115, 22, 85, 20),
(90, 65, 46, '2024-05-07', 115, 22, 85, 18),
(91, 65, 1500, '2024-05-07', 115, 22, 86, 18),
(92, 7, 300000, '2024-05-07', 116, 22, 26, 20);

-- --------------------------------------------------------

--
-- Table structure for table `erp_replica_supp_invoice_items`
--

CREATE TABLE `erp_replica_supp_invoice_items` (
  `id` int(11) NOT NULL,
  `supp_trans_no` int(11) DEFAULT NULL,
  `supp_trans_type` int(11) DEFAULT NULL,
  `gl_code` varchar(15) COLLATE utf8_unicode_ci NOT NULL DEFAULT '',
  `grn_item_id` int(11) DEFAULT NULL,
  `po_detail_item_id` int(11) DEFAULT NULL,
  `stock_id` varchar(20) COLLATE utf8_unicode_ci NOT NULL DEFAULT '',
  `description` tinytext COLLATE utf8_unicode_ci,
  `quantity` double NOT NULL DEFAULT '0',
  `unit_price` double NOT NULL DEFAULT '0',
  `unit_tax` double NOT NULL DEFAULT '0',
  `memo_` tinytext COLLATE utf8_unicode_ci,
  `dimension_id` int(11) NOT NULL DEFAULT '0',
  `dimension2_id` int(11) NOT NULL DEFAULT '0'
) ENGINE=InnoDB DEFAULT CHARSET=utf8 COLLATE=utf8_unicode_ci;

--
-- Dumping data for table `erp_replica_supp_invoice_items`
--

INSERT INTO `erp_replica_supp_invoice_items` (`id`, `supp_trans_no`, `supp_trans_type`, `gl_code`, `grn_item_id`, `po_detail_item_id`, `stock_id`, `description`, `quantity`, `unit_price`, `unit_tax`, `memo_`, `dimension_id`, `dimension2_id`) VALUES
(1, 1, 20, '0', 1, 1, '1001', 'Steel', 10230, 204, 0, '', 0, 0),
(2, 2, 20, '0', 2, 2, '1026', 'Chemcal Ultra Accelerator', 170, 30, 0, '', 0, 0),
(3, 2, 20, '0', 3, 3, '1024', 'Chemcal Ultra Powder', 150, 20, 0, '', 0, 0),
(4, 2, 20, '0', 4, 4, '1027', 'Delivery Charges', 1, 350, 0, '', 0, 0),
(5, 3, 20, '0', 5, 5, '1026', 'Chemcal Ultra Accelerator', 170, 30, 0, '', 0, 0),
(6, 3, 20, '0', 6, 6, '1024', 'Chemcal Ultra Powder', 150, 20, 0, '', 0, 0),
(7, 3, 20, '0', 7, 7, '1027', 'Delivery Charges', 1, 350, 0, '', 0, 0),
(8, 4, 20, '5070', -1, 0, '', '', 0, 3000, 0, 'Paid to Asad Lohar', 17, 0),
(9, 5, 20, '0', 8, 13, '1011', 'Bhalu Mitti', 8100, 15, 0, '', 0, 0),
(10, 6, 20, '0', 10, 21, '1008', 'Block', 0, 0, 0, '', 0, 0),
(11, 7, 20, '0', 60, 73, '1030', 'Hard ware Item', 1, 2250, 0, '', 0, 0),
(12, 7, 20, '0', 61, 74, '1030', 'Hard ware Item', 1, 13540, 0, '', 0, 0),
(13, 7, 20, '0', 62, 75, '1030', 'Hard ware Item', 1, 6180, 0, '', 0, 0),
(14, 7, 20, '0', 63, 76, '1031', 'Shuttering Work Material', 1, 15930, 0, '', 0, 0),
(15, 7, 20, '0', 64, 77, '1032', 'Electirc Fitting Multiple Item', 1, 45439, 0, '', 0, 0),
(16, 7, 20, '0', 65, 78, '1033', 'Labour Tools', 1, 2690, 0, '', 0, 0),
(17, 7, 20, '0', 66, 79, '1034', 'Plumbing Item', 1, 41630, 0, '', 0, 0),
(18, 7, 20, '0', 67, 80, '1031', 'Shuttering Work Material', 1, 42170, 0, '', 0, 0),
(19, 7, 20, '0', 68, 81, '1032', 'Electirc Fitting Multiple Item', 1, 40796, 0, '', 0, 0),
(20, 7, 20, '0', 69, 82, '1034', 'Plumbing Item', 1, 22986, 0, '', 0, 0),
(21, 7, 20, '0', 70, 83, '1031', 'Shuttering Work Material', 1, 41710, 0, '', 0, 0),
(22, 7, 20, '0', 71, 84, '1034', 'Plumbing Item', 1, 76561, 0, '', 0, 0),
(23, 7, 20, '0', 72, 85, '1030', 'Hard ware Item', 1, 11110, 0, '', 0, 0),
(24, 7, 20, '0', 73, 86, '1032', 'Electirc Fitting Multiple Item', 1, 17438, 0, '', 0, 0),
(25, 7, 20, '0', 74, 87, '1032', 'Electirc Fitting Multiple Item', 1, 6960, 0, '', 0, 0),
(26, 7, 20, '0', 75, 88, '1032', 'Electirc Fitting Multiple Item', 1, 36230, 0, '', 0, 0),
(27, 7, 20, '0', 76, 89, '1031', 'Shuttering Work Material', 1, 33835, 0, '', 0, 0),
(28, 7, 20, '0', 77, 90, '1032', 'Electirc Fitting Multiple Item', 1, 10250, 0, '', 0, 0),
(29, 7, 20, '0', 78, 91, '1030', 'Hard ware Item', 1, 39140, 0, '', 0, 0),
(30, 8, 20, '0', 9, 20, '1008', 'Block', 500, 36, 0, '', 0, 0),
(31, 8, 20, '0', 10, 21, '1008', 'Block', 600, 35, 0, '', 0, 0),
(32, 8, 20, '0', 11, 22, '1008', 'Block', 500, 37, 0, '', 0, 0),
(33, 8, 20, '0', 12, 25, '1008', 'Block', 500, 37, 0, '', 0, 0),
(34, 8, 20, '0', 13, 26, '1008', 'Block', 500, 37, 0, '', 0, 0),
(35, 8, 20, '0', 14, 27, '1008', 'Block', 500, 37, 0, '', 0, 0),
(36, 8, 20, '0', 15, 28, '1008', 'Block', 500, 37, 0, '', 0, 0),
(37, 8, 20, '0', 16, 29, '1008', 'Block', 250, 35, 0, '', 0, 0),
(38, 8, 20, '0', 17, 30, '1008', 'Block', 500, 37, 0, '', 0, 0),
(39, 8, 20, '0', 18, 31, '1008', 'Block', 500, 37, 0, '', 0, 0),
(40, 8, 20, '0', 19, 32, '1008', 'Block', 600, 35, 0, '', 0, 0),
(41, 8, 20, '0', 20, 33, '1008', 'Block', 500, 37, 0, '', 0, 0),
(42, 8, 20, '0', 21, 34, '1008', 'Block', 500, 37, 0, '', 0, 0),
(43, 8, 20, '0', 22, 35, '1008', 'Block', 500, 37, 0, '', 0, 0),
(44, 8, 20, '0', 23, 36, '1008', 'Block', 500, 37, 0, '', 0, 0),
(45, 8, 20, '0', 24, 37, '1008', 'Block', 500, 37, 0, '', 0, 0),
(46, 8, 20, '0', 25, 38, '1008', 'Block', 500, 37, 0, '', 0, 0),
(47, 8, 20, '0', 26, 39, '1008', 'Block', 500, 37, 0, '', 0, 0),
(48, 8, 20, '0', 27, 40, '1008', 'Block', 500, 37, 0, '', 0, 0),
(49, 8, 20, '0', 28, 41, '1008', 'Block', 600, 35, 0, '', 0, 0),
(50, 8, 20, '0', 29, 42, '1008', 'Block', 500, 37, 0, '', 0, 0),
(51, 8, 20, '0', 30, 43, '1008', 'Block', 1500, 37, 0, '', 0, 0),
(52, 8, 20, '0', 31, 44, '1008', 'Block', 500, 37, 0, '', 0, 0),
(53, 8, 20, '0', 32, 45, '1008', 'Block', 500, 37, 0, '', 0, 0),
(54, 8, 20, '0', 33, 46, '1008', 'Block', 500, 37, 0, '', 0, 0),
(55, 8, 20, '0', 34, 47, '1029', 'Slab', 9, 80, 0, '', 0, 0),
(56, 8, 20, '0', 35, 48, '1028', 'Lenter', 24, 100, 0, '', 0, 0),
(57, 8, 20, '0', 36, 49, '1028', 'Lenter', 36, 160, 0, '', 0, 0),
(58, 8, 20, '0', 37, 50, '1008', 'Block', 500, 37, 0, '', 0, 0),
(59, 8, 20, '0', 38, 51, '1008', 'Block', 1000, 37, 0, '', 0, 0),
(60, 8, 20, '0', 39, 52, '1008', 'Block', 1000, 37, 0, '', 0, 0),
(61, 8, 20, '0', 40, 53, '1008', 'Block', 300, 37, 0, '', 0, 0),
(62, 8, 20, '0', 41, 54, '1008', 'Block', 500, 40, 0, '', 0, 0),
(63, 8, 20, '0', 42, 55, '1008', 'Block', 500, 40, 0, '', 0, 0),
(64, 8, 20, '0', 43, 56, '1008', 'Block', 350, 40, 0, '', 0, 0),
(65, 8, 20, '0', 44, 57, '1008', 'Block', 200, 38, 0, '', 0, 0),
(66, 8, 20, '0', 45, 58, '1008', 'Block', 1000, 40, 0, '', 0, 0),
(67, 8, 20, '0', 46, 59, '1008', 'Block', 300, 40, 0, '', 0, 0),
(68, 8, 20, '0', 47, 60, '1008', 'Block', 500, 40, 0, '', 0, 0),
(69, 8, 20, '0', 48, 61, '1008', 'Block', 500, 40, 0, '', 0, 0),
(70, 8, 20, '0', 49, 62, '1008', 'Block', 500, 40, 0, '', 0, 0),
(71, 8, 20, '0', 50, 63, '1008', 'Block', 500, 40, 0, '', 0, 0),
(72, 8, 20, '0', 51, 64, '1028', 'Lenter', 36, 170, 0, '', 0, 0),
(73, 8, 20, '0', 52, 65, '1028', 'Lenter', 24, 100, 0, '', 0, 0),
(74, 8, 20, '0', 53, 66, '1008', 'Block', 500, 38, 0, '', 0, 0),
(75, 8, 20, '0', 54, 67, '1008', 'Block', 250, 38, 0, '', 0, 0),
(76, 8, 20, '0', 55, 68, '1008', 'Block', 250, 36, 0, '', 0, 0),
(77, 8, 20, '0', 56, 69, '1008', 'Block', 500, 38, 0, '', 0, 0),
(78, 8, 20, '0', 57, 70, '1008', 'Block', 500, 40, 0, '', 0, 0),
(79, 8, 20, '0', 58, 71, '1008', 'Block', 500, 40, 0, '', 0, 0),
(80, 8, 20, '0', 59, 72, '1008', 'Block', 500, 40, 0, '', 0, 0),
(81, 9, 20, '0', 79, 115, '1004', 'Raiti', 500, 54, 0, '', 0, 0),
(82, 9, 20, '0', 80, 116, '1005', 'Mix', 1000, 52, 0, '', 0, 0),
(83, 9, 20, '0', 81, 117, '1006', 'Crush', 1000, 78, 0, '', 0, 0),
(84, 9, 20, '0', 82, 118, '1005', 'Mix', 1000, 52, 0, '', 0, 0),
(85, 9, 20, '0', 83, 119, '1004', 'Raiti', 500, 54, 0, '', 0, 0),
(86, 10, 20, '0', 84, 8, '1010', 'Rori', 350, 48.571428, 0, '', 0, 0),
(87, 10, 20, '0', 85, 9, '1005', 'Mix', 350, 51.428571, 0, '', 0, 0),
(88, 10, 20, '0', 86, 10, '1005', 'Mix', 500, 50, 0, '', 0, 0),
(89, 10, 20, '0', 87, 11, '1006', 'Crush', 500, 52, 0, '', 0, 0),
(90, 10, 20, '0', 88, 12, '1004', 'Raiti', 350, 51.428571, 0, '', 0, 0),
(91, 11, 20, '0', 89, 14, '1006', 'Crush', 350, 74.2857, 0, '', 0, 0),
(92, 11, 20, '0', 90, 15, '1005', 'Mix', 500, 50, 0, '', 0, 0),
(93, 11, 20, '0', 91, 16, '1001', 'Steel', 1000, 56, 0, '', 0, 0),
(94, 11, 20, '0', 92, 17, '1006', 'Crush', 350, 74.2857, 0, '', 0, 0),
(95, 11, 20, '0', 93, 18, '1010', 'Rori', 350, 45.714285, 0, '', 0, 0),
(96, 11, 20, '0', 94, 19, '1001', 'Steel', 500, 42, 0, '', 0, 0),
(97, 12, 20, '0', 95, 95, '1005', 'Mix', 350, 51.428571, 0, '', 0, 0),
(98, 12, 20, '0', 96, 96, '1005', 'Mix', 350, 60, 0, '', 0, 0),
(99, 12, 20, '0', 97, 97, '1004', 'Raiti', 350, 51.428571, 0, '', 0, 0),
(100, 12, 20, '0', 98, 98, '1004', 'Raiti', 350, 51.428571, 0, '', 0, 0),
(101, 13, 20, '0', 99, 99, '1005', 'Mix', 500, 56, 0, '', 0, 0),
(102, 13, 20, '0', 100, 100, '1006', 'Crush', 500, 72, 0, '', 0, 0),
(103, 13, 20, '0', 101, 101, '1006', 'Crush', 500, 72, 0, '', 0, 0),
(104, 13, 20, '0', 102, 102, '1005', 'Mix', 1000, 56, 0, '', 0, 0),
(105, 13, 20, '0', 103, 103, '1005', 'Mix', 350, 60, 0, '', 0, 0),
(106, 13, 20, '0', 104, 104, '1005', 'Mix', 150, 60, 0, '', 0, 0),
(107, 14, 20, '0', 105, 105, '1004', 'Raiti', 500, 50, 0, '', 0, 0),
(108, 14, 20, '0', 106, 106, '1006', 'Crush', 500, 72, 0, '', 0, 0),
(109, 14, 20, '0', 107, 107, '1004', 'Raiti', 500, 50, 0, '', 0, 0),
(110, 14, 20, '0', 108, 108, '1004', 'Raiti', 350, 57.142857, 0, '', 0, 0),
(111, 14, 20, '0', 109, 109, '1005', 'Mix', 500, 60, 0, '', 0, 0),
(112, 15, 20, '0', 110, 110, '1004', 'Raiti', 350, 57.142857, 0, '', 0, 0),
(113, 16, 20, '0', 111, 111, '1006', 'Crush', 500, 78, 0, '', 0, 0),
(114, 16, 20, '0', 112, 112, '1006', 'Crush', 500, 78, 0, '', 0, 0),
(115, 16, 20, '0', 113, 113, '1004', 'Raiti', 500, 54, 0, '', 0, 0),
(116, 16, 20, '0', 114, 114, '1005', 'Mix', 500, 56, 0, '', 0, 0),
(117, 17, 20, '0', 115, 92, '1013', 'Chokhat', 292, 226.0274, 0, '', 0, 0),
(118, 18, 20, '0', 116, 93, '1013', 'Chokhat', 305, 231.1475, 0, '', 0, 0),
(119, 18, 20, '0', 117, 94, '1027', 'Delivery Charges', 1, 1500.01, 0, '', 0, 0),
(120, 19, 20, '0', 118, 120, '1013', 'Chokhat', 302, 225, 0, '', 0, 0),
(121, 19, 20, '0', 119, 121, '1027', 'Delivery Charges', 1, 50, 0, '', 0, 0),
(122, 20, 20, '0', 126, 128, '1004', 'Raiti', 0, 0, 0, '', 0, 0),
(123, 20, 20, '0', 127, 129, '1005', 'Mix', 0, 0, 0, '', 0, 0),
(124, 20, 20, '0', 128, 130, '1005', 'Mix', 0, 0, 0, '', 0, 0),
(125, 20, 20, '0', 129, 131, '1005', 'Mix', 0, 0, 0, '', 0, 0),
(126, 20, 20, '0', 130, 132, '1004', 'Raiti', 0, 0, 0, '', 0, 0),
(127, 21, 20, '0', 120, 122, '1004', 'Raiti', 0, 0, 0, '', 0, 0),
(128, 21, 20, '0', 121, 123, '1005', 'Mix', 0, 0, 0, '', 0, 0),
(129, 21, 20, '0', 122, 124, '1004', 'Raiti', 0, 0, 0, '', 0, 0),
(130, 21, 20, '0', 123, 125, '1004', 'Raiti', 0, 0, 0, '', 0, 0),
(131, 21, 20, '0', 124, 126, '1005', 'Mix', 0, 0, 0, '', 0, 0),
(132, 21, 20, '0', 125, 127, '1004', 'Raiti', 0, 0, 0, '', 0, 0),
(133, 22, 20, '0', 131, 133, '1035', 'Color Material', 10, 2500, 0, '', 0, 0),
(134, 22, 20, '0', 132, 134, '1035', 'Color Material', 10, 3970, 0, '', 0, 0),
(135, 23, 20, '0', 133, 135, '1003', 'Binding Wire', 20, 350, 0, '', 0, 0),
(136, 23, 20, '0', 134, 136, '1001', 'Steel', 9, 350, 0, '', 0, 0),
(137, 24, 20, '0', 135, 137, '1002', 'Cement', 25, 990, 0, '', 0, 0),
(138, 24, 20, '0', 136, 138, '1002', 'Cement', 100, 990, 0, '', 0, 0),
(139, 24, 20, '0', 137, 139, '1003', 'Binding Wire', 10, 330, 0, '', 0, 0),
(140, 24, 20, '0', 138, 140, '1002', 'Cement', 50, 1020, 0, '', 0, 0),
(141, 24, 20, '0', 139, 141, '1002', 'Cement', 25, 1020, 0, '', 0, 0),
(142, 24, 20, '0', 140, 142, '1002', 'Cement', 25, 1020, 0, '', 0, 0),
(143, 24, 20, '0', 141, 143, '1003', 'Binding Wire', 20, 330, 0, '', 0, 0),
(144, 24, 20, '0', 142, 144, '1001', 'Steel', 511, 226, 0, '', 0, 0),
(145, 24, 20, '0', 143, 145, '1002', 'Cement', 100, 990, 0, '', 0, 0),
(146, 24, 20, '0', 144, 146, '1027', 'Delivery Charges', 1, 1000, 0, '', 0, 0),
(147, 24, 20, '0', 145, 147, '1002', 'Cement', 40, 1010, 0, '', 0, 0),
(148, 24, 20, '0', 146, 148, '1002', 'Cement', 50, 1030, 0, '', 0, 0),
(149, 24, 20, '0', 147, 149, '1002', 'Cement', 25, 1030, 0, '', 0, 0),
(150, 24, 20, '0', 148, 150, '1002', 'Cement', 100, 1010, 0, '', 0, 0),
(151, 24, 20, '0', 149, 151, '1001', 'Steel', 1007, 207, 0, '', 0, 0),
(152, 24, 20, '0', 150, 152, '1001', 'Steel', 602, 207, 0, '', 0, 0),
(153, 24, 20, '0', 151, 153, '1001', 'Steel', 590, 212, 0, '', 0, 0),
(154, 24, 20, '0', 152, 154, '1001', 'Steel', 240, 207, 0, '', 0, 0),
(155, 24, 20, '0', 153, 155, '1001', 'Steel', 3219, 207, 0, '', 0, 0),
(156, 24, 20, '0', 154, 156, '1027', 'Delivery Charges', 1, 7000, 0, '', 0, 0),
(157, 24, 20, '0', 155, 157, '1001', 'Steel', 478, 215, 0, '', 0, 0),
(158, 24, 20, '0', 156, 158, '1027', 'Delivery Charges', 1, 600, 0, '', 0, 0),
(159, 24, 20, '0', 157, 159, '1003', 'Binding Wire', 4, 346.5, 0, '', 0, 0),
(160, 24, 20, '0', 158, 160, '1027', 'Delivery Charges', 1, 500, 0, '', 0, 0),
(161, 24, 20, '0', 159, 161, '1001', 'Steel', 236, 208, 0, '', 0, 0),
(162, 24, 20, '0', 160, 162, '1001', 'Steel', 204, 215, 0, '', 0, 0),
(163, 24, 20, '0', 161, 163, '1027', 'Delivery Charges', 1, 300, 0, '', 0, 0),
(164, 24, 20, '0', 162, 164, '1002', 'Cement', 400, 1010, 0, '', 0, 0),
(165, 25, 20, '0', 163, 165, '1002', 'Cement', 20, 1030, 0, '', 0, 0),
(166, 25, 20, '0', 164, 166, '1002', 'Cement', 60, 1020, 0, '', 0, 0),
(167, 25, 20, '0', 165, 167, '1001', 'Steel', 1258, 245, 0, '', 0, 0),
(168, 25, 20, '0', 166, 168, '1001', 'Steel', 1204, 238, 0, '', 0, 0),
(169, 25, 20, '0', 167, 169, '1001', 'Steel', 2141, 238, 0, '', 0, 0),
(170, 25, 20, '0', 168, 170, '1001', 'Steel', 1293, 238, 0, '', 0, 0),
(171, 25, 20, '0', 169, 171, '1001', 'Steel', 480, 238, 0, '', 0, 0),
(172, 25, 20, '0', 170, 172, '1027', 'Delivery Charges', 1, 7000, 0, '', 0, 0),
(173, 25, 20, '0', 171, 173, '1003', 'Binding Wire', 10, 380, 0, '', 0, 0),
(174, 25, 20, '0', 172, 174, '1002', 'Cement', 120, 1010, 0, '', 0, 0),
(175, 25, 20, '0', 173, 175, '1002', 'Cement', 30, 1070, 0, '', 0, 0),
(176, 25, 20, '0', 174, 176, '1002', 'Cement', 25, 1070, 0, '', 0, 0),
(177, 25, 20, '0', 175, 177, '1002', 'Cement', 25, 1070, 0, '', 0, 0),
(178, 25, 20, '0', 176, 178, '1003', 'Binding Wire', 20, 430, 0, '', 0, 0),
(179, 25, 20, '0', 177, 179, '1003', 'Binding Wire', 20, 430, 0, '', 0, 0),
(180, 25, 20, '0', 178, 180, '1003', 'Binding Wire', 20, 430, 0, '', 0, 0),
(181, 25, 20, '0', 179, 181, '1002', 'Cement', 500, 1100, 0, '', 0, 0),
(182, 25, 20, '0', 180, 182, '1001', 'Steel', 148, 289.02027, 0, '', 0, 0),
(183, 25, 20, '0', 181, 183, '1027', 'Delivery Charges', 1, 400, 0, '', 0, 0),
(184, 25, 20, '0', 182, 184, '1002', 'Cement', 25, 1120, 0, '', 0, 0),
(185, 26, 20, '0', 183, 185, '1002', 'Cement', 25, 1050, 0, '', 0, 0),
(186, 26, 20, '0', 184, 186, '1001', 'Steel', 1295, 207, 0, '', 0, 0),
(187, 26, 20, '0', 185, 187, '1001', 'Steel', 178, 207, 0, '', 0, 0),
(188, 26, 20, '0', 186, 188, '1003', 'Binding Wire', 10, 330, 0, '', 0, 0),
(189, 26, 20, '0', 187, 189, '1027', 'Delivery Charges', 1, 1500, 0, '', 0, 0),
(190, 26, 20, '0', 188, 190, '1002', 'Cement', 25, 1050, 0, '', 0, 0),
(191, 27, 20, '0', 189, 191, '1002', 'Cement', 10, 1030, 0, '', 0, 0),
(192, 27, 20, '0', 190, 192, '1002', 'Cement', 10, 1050, 0, '', 0, 0),
(193, 27, 20, '0', 191, 193, '1027', 'Delivery Charges', 1, 1500, 0, '', 0, 0),
(194, 27, 20, '0', 192, 194, '1003', 'Binding Wire', 10, 340, 0, '', 0, 0),
(195, 27, 20, '0', 193, 195, '1002', 'Cement', 100, 1030, 0, '', 0, 0),
(196, 27, 20, '0', 194, 196, '1003', 'Binding Wire', 8, 400, 0, '', 0, 0),
(197, 27, 20, '0', 195, 197, '1001', 'Steel', 144, 280, 0, '', 0, 0),
(198, 27, 20, '0', 196, 198, '1001', 'Steel', 495, 280, 0, '', 0, 0),
(199, 27, 20, '0', 197, 199, '1027', 'Delivery Charges', 1, 1500, 0, '', 0, 0),
(200, 27, 20, '0', 198, 200, '1001', 'Steel', 690, 275, 0, '', 0, 0),
(201, 27, 20, '0', 199, 201, '1027', 'Delivery Charges', 18, 400, 0, '', 0, 0),
(202, 27, 20, '0', 200, 202, '1027', 'Delivery Charges', 1, 3000, 0, '', 0, 0),
(203, 27, 20, '0', 201, 203, '1001', 'Steel', 39, 275, 0, '', 0, 0),
(204, 27, 20, '0', 202, 204, '1001', 'Steel', 143, 275, 0, '', 0, 0),
(205, 27, 20, '0', 203, 205, '1027', 'Delivery Charges', 1, 500, 0, '', 0, 0),
(206, 27, 20, '0', 204, 206, '1002', 'Cement', 200, 1100, 0, '', 0, 0),
(207, 27, 20, '0', 205, 207, '1001', 'Steel', 64, 290, 0, '', 0, 0),
(208, 27, 20, '0', 206, 208, '1002', 'Cement', 40, 1100, 0, '', 0, 0),
(209, 27, 20, '0', 207, 209, '1002', 'Cement', 25, 1100, 0, '', 0, 0),
(210, 27, 20, '0', 208, 210, '1002', 'Cement', 25, 1070, 0, '', 0, 0),
(211, 27, 20, '0', 209, 211, '1002', 'Cement', 25, 1070, 0, '', 0, 0),
(212, 27, 20, '0', 210, 212, '1002', 'Cement', 10, 1070, 0, '', 0, 0),
(213, 27, 20, '0', 211, 213, '1001', 'Steel', 77, 270, 0, '', 0, 0),
(214, 27, 20, '0', 212, 214, '1001', 'Steel', 149, 260, 0, '', 0, 0),
(215, 27, 20, '0', 213, 215, '1027', 'Delivery Charges', 1, 500, 0, '', 0, 0),
(216, 28, 20, '0', 214, 216, '1001', 'Steel', 590.5, 235, 0, '', 0, 0),
(217, 28, 20, '0', 215, 217, '1001', 'Steel', 706.5, 235, 0, '', 0, 0),
(218, 28, 20, '0', 216, 218, '1001', 'Steel', 1803.5, 275, 0, '', 0, 0),
(219, 28, 20, '0', 217, 219, '1001', 'Steel', 54.5, 260, 0, '', 0, 0),
(220, 29, 20, '0', 218, 220, '1004', 'Raiti', 350, 51.428571, 0, '', 0, 0),
(221, 29, 20, '0', 219, 221, '1006', 'Crush', 350, 74.285714, 0, '', 0, 0),
(222, 29, 20, '0', 220, 222, '1005', 'Mix', 500, 56, 0, '', 0, 0),
(223, 29, 20, '0', 221, 223, '1005', 'Mix', 350, 57.142857, 0, '', 0, 0),
(224, 29, 20, '0', 222, 224, '1001', 'Steel', 80, 100, 0, '', 0, 0),
(225, 29, 20, '0', 223, 225, '1011', 'Bhalu Mitti', 500, 10, 0, '', 0, 0),
(226, 29, 20, '0', 224, 226, '1005', 'Mix', 350, 57.142857, 0, '', 0, 0),
(227, 29, 20, '0', 225, 227, '1004', 'Raiti', 500, 54, 0, '', 0, 0),
(228, 29, 20, '0', 226, 228, '1006', 'Crush', 350, 71.428571, 0, '', 0, 0),
(229, 29, 20, '0', 227, 229, '1005', 'Mix', 350, 57.142857, 0, '', 0, 0),
(230, 29, 20, '0', 228, 230, '1001', 'Steel', 1000, 56, 0, '', 0, 0),
(231, 29, 20, '0', 229, 231, '1006', 'Crush', 350, 80, 0, '', 0, 0),
(232, 29, 20, '0', 230, 232, '1011', 'Bhalu Mitti', 500, 10, 0, '', 0, 0),
(233, 29, 20, '0', 231, 233, '1004', 'Raiti', 500, 54, 0, '', 0, 0),
(234, 29, 20, '0', 232, 234, '1004', 'Raiti', 350, 54.285714, 0, '', 0, 0),
(235, 30, 20, '0', 233, 235, '1011', 'Bhalu Mitti', 2000, 10.5, 0, '', 0, 0),
(236, 31, 20, '0', 234, 236, '1008', 'Block', 500, 40, 0, '', 0, 0),
(237, 31, 20, '0', 235, 237, '1008', 'Block', 500, 40, 0, '', 0, 0),
(238, 31, 20, '0', 236, 238, '1008', 'Block', 200, 38, 0, '', 0, 0),
(239, 31, 20, '0', 237, 239, '1008', 'Block', 300, 40, 0, '', 0, 0),
(240, 31, 20, '0', 238, 240, '1008', 'Block', 500, 40, 0, '', 0, 0),
(241, 31, 20, '0', 239, 241, '1008', 'Block', 500, 40, 0, '', 0, 0),
(242, 31, 20, '0', 240, 242, '1008', 'Block', 500, 40, 0, '', 0, 0),
(243, 31, 20, '0', 241, 243, '1028', 'Lenter', 8, 170, 0, '', 0, 0),
(244, 31, 20, '0', 242, 244, '1028', 'Lenter', 5, 160, 0, '', 0, 0),
(245, 31, 20, '0', 243, 245, '1028', 'Lenter', 16, 100, 0, '', 0, 0),
(246, 31, 20, '0', 244, 246, '1028', 'Lenter', 6, 100, 0, '', 0, 0),
(247, 31, 20, '0', 245, 247, '1037', 'Ventilator', 4, 150, 0, '', 0, 0),
(248, 31, 20, '0', 246, 248, '1008', 'Block', 500, 40, 0, '', 0, 0),
(249, 31, 20, '0', 247, 249, '1008', 'Block', 500, 40, 0, '', 0, 0),
(250, 31, 20, '0', 248, 250, '1008', 'Block', 200, 40, 0, '', 0, 0),
(251, 32, 20, '0', 249, 251, '1008', 'Block', 500, 40, 0, '', 0, 0),
(252, 32, 20, '0', 250, 252, '1008', 'Block', 185, 40, 0, '', 0, 0),
(253, 32, 20, '0', 251, 253, '1008', 'Block', 15, 36, 0, '', 0, 0),
(254, 33, 20, '0', 252, 254, '1013', 'Chokhat', 188, 226.223404, 0, '', 0, 0),
(255, 34, 20, '0', 253, 255, '1038', 'Cable Coil 3/29 1.5 mm', 8, 4666, 0, '', 0, 0),
(256, 34, 20, '0', 254, 256, '1039', 'Cable Coil 7/29 2.5 mm', 5, 9898, 0, '', 0, 0),
(257, 34, 20, '0', 255, 257, '1041', 'Cable Coil 7/36 4 mm', 2, 13219, 0, '', 0, 0),
(258, 34, 20, '0', 256, 258, '1042', 'Cable Coil 7/44 6 mm', 1, 19509, 0, '', 0, 0),
(259, 34, 20, '0', 257, 259, '1038', 'Cable Coil 3/29 1.5 mm', 8, 4666.25, 0, '', 0, 0),
(260, 35, 20, '0', 258, 260, '1036', 'Color in Drums', 3, 4850, 0, '', 0, 0),
(261, 35, 20, '0', 259, 261, '1045', 'Color Tools', 1, 200, 0, '', 0, 0),
(262, 35, 20, '0', 260, 262, '1036', 'Color in Drums', 4, 3100, 0, '', 0, 0),
(263, 35, 20, '0', 261, 263, '1045', 'Color Tools', 2, 80, 0, '', 0, 0),
(264, 35, 20, '0', 262, 264, '1045', 'Color Tools', 1, 100, 0, '', 0, 0),
(265, 35, 20, '0', 263, 265, '1036', 'Color in Drums', 4, 3100, 0, '', 0, 0),
(266, 35, 20, '0', 264, 266, '1036', 'Color in Drums', 1, 6700, 0, '', 0, 0),
(267, 35, 20, '0', 265, 267, '1045', 'Color Tools', 1, 350, 0, '', 0, 0),
(268, 35, 20, '0', 266, 268, '1045', 'Color Tools', 12, 80, 0, '', 0, 0),
(269, 35, 20, '0', 267, 269, '1036', 'Color in Drums', 1, 3100, 0, '', 0, 0),
(270, 35, 20, '0', 268, 270, '1040', 'Color Mixing Oil', 1, 320, 0, '', 0, 0),
(271, 35, 20, '0', 269, 271, '1045', 'Color Tools', 2, 20, 0, '', 0, 0),
(272, 35, 20, '0', 270, 272, '1045', 'Color Tools', 2, 30, 0, '', 0, 0),
(273, 35, 20, '0', 271, 273, '1045', 'Color Tools', 1, 40, 0, '', 0, 0),
(274, 35, 20, '0', 272, 274, '1036', 'Color in Drums', 1, 14850, 0, '', 0, 0),
(275, 35, 20, '0', 273, 275, '1045', 'Color Tools', 1, 650, 0, '', 0, 0),
(276, 35, 20, '0', 274, 276, '1045', 'Color Tools', 1, 550, 0, '', 0, 0),
(277, 35, 20, '0', 275, 277, '1035', 'Color in Gallon', 1, 3700, 0, '', 0, 0),
(278, 35, 20, '0', 276, 278, '1044', 'Color in Quarter', 1, 1200, 0, '', 0, 0),
(279, 35, 20, '0', 277, 279, '1045', 'Color Tools', 1, 680, 0, '', 0, 0),
(280, 36, 20, '0', 278, 280, '1030', 'Hard ware Item', 1, 8770, 0, '', 0, 0),
(281, 36, 20, '0', 279, 281, '1030', 'Hard ware Item', 1, 4080, 0, '', 0, 0),
(282, 36, 20, '0', 280, 282, '1034', 'Plumbing Item', 1, 42810, 0, '', 0, 0),
(283, 36, 20, '0', 281, 283, '1031', 'Shuttering Work Material', 1, 11740, 0, '', 0, 0),
(284, 36, 20, '0', 282, 284, '1032', 'Electirc Fitting Multiple Item', 1, 47941, 0, '', 0, 0),
(285, 36, 20, '0', 283, 285, '1030', 'Hard ware Item', 1, 1360, 0, '', 0, 0),
(286, 36, 20, '0', 284, 286, '1032', 'Electirc Fitting Multiple Item', 1, 13235, 0, '', 0, 0),
(287, 37, 20, '0', 285, 287, '1007', 'Stones for Elevation', 5, 190, 0, '', 0, 0),
(288, 37, 20, '0', 286, 288, '1007', 'Stones for Elevation', 35, 110, 0, '', 0, 0),
(289, 37, 20, '0', 287, 289, '1007', 'Stones for Elevation', 20, 210, 0, '', 0, 0),
(290, 38, 20, '0', 288, 290, '1046', 'Bathroom Tile', 36, 1530, 0, '', 0, 0),
(291, 38, 20, '0', 289, 291, '1046', 'Bathroom Tile', 15.84, 1530, 0, '', 0, 0),
(292, 38, 20, '0', 290, 292, '1021', 'WC', 2, 2350, 0, '', 0, 0),
(293, 39, 20, '0', 291, 293, '1049', 'Iron Gate', 1, 75000, 0, '', 0, 0),
(294, 39, 20, '0', 292, 294, '1027', 'Delivery Charges', 1, 2000, 0, '', 0, 0),
(295, 40, 20, '0', 293, 295, '1030', 'Hard ware Item', 1, 20950, 0, '', 0, 0),
(296, 41, 20, '0', 120, 122, '1004', 'Raiti', 500, 54, 0, '', 0, 0),
(297, 41, 20, '0', 121, 123, '1005', 'Mix', 500, 56, 0, '', 0, 0),
(298, 41, 20, '0', 122, 124, '1004', 'Raiti', 500, 54, 0, '', 0, 0),
(299, 41, 20, '0', 123, 125, '1004', 'Raiti', 500, 54, 0, '', 0, 0),
(300, 41, 20, '0', 124, 126, '1005', 'Mix', 500, 56, 0, '', 0, 0),
(301, 41, 20, '0', 125, 127, '1004', 'Raiti', 500, 54, 0, '', 0, 0),
(302, 42, 20, '0', 126, 128, '1004', 'Raiti', 500, 54, 0, '', 0, 0),
(303, 42, 20, '0', 127, 129, '1005', 'Mix', 500, 56, 0, '', 0, 0),
(304, 42, 20, '0', 128, 130, '1005', 'Mix', 500, 56, 0, '', 0, 0),
(305, 42, 20, '0', 129, 131, '1005', 'Mix', 500, 56, 0, '', 0, 0),
(306, 42, 20, '0', 130, 132, '1004', 'Raiti', 500, 54, 0, '', 0, 0),
(307, 43, 20, '0', 294, 296, '1030', 'Hard ware Item', 1, 2180, 0, '', 0, 0),
(308, 43, 20, '0', 295, 297, '1034', 'Plumbing Item', 1, 53070, 0, '', 0, 0),
(309, 43, 20, '0', 296, 298, '1034', 'Plumbing Item', 1, 11005, 0, '', 0, 0),
(310, 43, 20, '0', 297, 299, '1034', 'Plumbing Item', 1, 31785, 0, '', 0, 0),
(311, 43, 20, '0', 298, 300, '1034', 'Plumbing Item', 1, 33040, 0, '', 0, 0),
(312, 43, 20, '0', 299, 301, '1034', 'Plumbing Item', 1, 46790, 0, '', 0, 0),
(313, 43, 20, '0', 300, 302, '1034', 'Plumbing Item', 1, 22542, 0, '', 0, 0),
(314, 43, 20, '0', 301, 303, '1034', 'Plumbing Item', 1, 15885, 0, '', 0, 0),
(315, 43, 20, '0', 302, 304, '1034', 'Plumbing Item', 1, 14190, 0, '', 0, 0),
(316, 43, 20, '0', 303, 305, '1034', 'Plumbing Item', 1, 12168, 0, '', 0, 0),
(317, 43, 20, '0', 304, 306, '1034', 'Plumbing Item', 1, 49072, 0, '', 0, 0),
(318, 43, 20, '0', 305, 307, '1034', 'Plumbing Item', 1, 17306, 0, '', 0, 0),
(319, 43, 20, '0', 306, 308, '1034', 'Plumbing Item', 1, 57850, 0, '', 0, 0),
(320, 43, 20, '0', 307, 309, '1034', 'Plumbing Item', 1, 21310, 0, '', 0, 0),
(321, 43, 20, '0', 308, 310, '1034', 'Plumbing Item', 1, 42886, 0, '', 0, 0),
(322, 43, 20, '0', 309, 311, '1034', 'Plumbing Item', 1, 37390, 0, '', 0, 0),
(323, 43, 20, '0', 310, 312, '1030', 'Hard ware Item', 1, 6850, 0, '', 0, 0),
(324, 43, 20, '0', 311, 313, '1034', 'Plumbing Item', 1, 37346, 0, '', 0, 0),
(325, 43, 20, '0', 312, 314, '1030', 'Hard ware Item', 1, 18802, 0, '', 0, 0),
(326, 43, 20, '0', 313, 315, '1034', 'Plumbing Item', 1, 31600, 0, '', 0, 0),
(327, 43, 20, '0', 314, 316, '1030', 'Hard ware Item', 1, 4010, 0, '', 0, 0),
(328, 43, 20, '0', 315, 317, '1034', 'Plumbing Item', 1, 9455, 0, '', 0, 0),
(329, 43, 20, '0', 316, 318, '1034', 'Plumbing Item', 1, 25840, 0, '', 0, 0),
(330, 43, 20, '0', 317, 319, '1030', 'Hard ware Item', 1, 22480, 0, '', 0, 0),
(331, 43, 20, '0', 318, 320, '1034', 'Plumbing Item', 1, 11420, 0, '', 0, 0),
(332, 43, 20, '0', 319, 321, '1034', 'Plumbing Item', 1, 39529, 0, '', 0, 0),
(333, 43, 20, '0', 320, 322, '1034', 'Plumbing Item', 1, 14727, 0, '', 0, 0),
(334, 43, 20, '0', 321, 323, '1032', 'Electirc Fitting Multiple Item', 1, 3120, 0, '', 0, 0),
(335, 43, 20, '0', 322, 324, '1034', 'Plumbing Item', 1, 9230, 0, '', 0, 0),
(336, 43, 20, '0', 323, 325, '1030', 'Hard ware Item', 1, 610, 0, '', 0, 0),
(337, 44, 20, '0', 325, 328, '1060', 'Kitchen Top', 1, 10425, 0, '', 0, 0),
(338, 45, 20, '0', 326, 329, '1002', 'Cement', 10, 1100, 0, '', 0, 0),
(339, 45, 20, '0', 327, 330, '1002', 'Cement', 5, 1150, 0, '', 0, 0),
(340, 45, 20, '0', 328, 331, '1002', 'Cement', 2, 1800, 0, '', 0, 0),
(341, 45, 20, '0', 329, 332, '1025', 'Bond', 15, 450, 0, '', 0, 0),
(342, 45, 20, '0', 330, 333, '1002', 'Cement', 15, 1110, 0, '', 0, 0),
(343, 45, 20, '0', 331, 334, '1002', 'Cement', 25, 1110, 0, '', 0, 0),
(344, 45, 20, '0', 332, 335, '1002', 'Cement', 25, 1150, 0, '', 0, 0),
(345, 45, 20, '0', 333, 336, '1002', 'Cement', 15, 1150, 0, '', 0, 0),
(346, 45, 20, '0', 334, 337, '1002', 'Cement', 15, 1150, 0, '', 0, 0),
(347, 45, 20, '0', 335, 338, '1002', 'Cement', 1, 1135, 0, '', 0, 0),
(348, 45, 20, '0', 336, 339, '1002', 'Cement', 1, 2000, 0, '', 0, 0),
(349, 45, 20, '0', 337, 340, '1025', 'Bond', 1, 400, 0, '', 0, 0),
(350, 45, 20, '0', 338, 341, '1002', 'Cement', 1, 1100, 0, '', 0, 0),
(351, 46, 20, '0', 339, 342, '1030', 'Hard ware Item', 1, 15510, 0, '', 0, 0),
(352, 47, 20, '0', 340, 343, '1036', 'Color in Drums', 1, 14850, 0, '', 0, 0),
(353, 47, 20, '0', 341, 344, '1044', 'Color in Quarter', 2, 1200, 0, '', 0, 0),
(354, 47, 20, '0', 342, 345, '1045', 'Color Tools', 1, 280, 0, '', 0, 0),
(355, 48, 20, '0', 343, 346, '1027', 'Delivery Charges', 1, 1500, 0, '', 0, 0),
(356, 49, 20, '0', 344, 347, '1004', 'Raiti', 350, 57.142857, 0, '', 0, 0),
(357, 49, 20, '0', 345, 348, '1005', 'Mix', 500, 56, 0, '', 0, 0),
(358, 50, 20, '0', 346, 349, '1023', 'Floor Tiles', 1, 17528, 0, '', 0, 0),
(359, 51, 20, '0', 347, 350, '1048', 'Iron Grill', 1, 18500, 0, '', 0, 0),
(360, 52, 20, '0', 348, 351, '1011', 'Bhalu Mitti', 3, 4500, 0, '', 0, 0),
(361, 53, 20, '0', 349, 352, '1002', 'Cement', 5, 1100, 0, '', 0, 0),
(362, 53, 20, '0', 350, 353, '1002', 'Cement', 5, 1170, 0, '', 0, 0),
(363, 53, 20, '0', 351, 354, '1001', 'Steel', 102, 265, 0, '', 0, 0),
(364, 53, 20, '0', 352, 355, '1001', 'Steel', 282, 265, 0, '', 0, 0),
(365, 53, 20, '0', 353, 356, '1027', 'Delivery Charges', 1, 2000, 0, '', 0, 0),
(366, 53, 20, '0', 354, 357, '1002', 'Cement', 15, 1100, 0, '', 0, 0),
(367, 53, 20, '0', 355, 358, '1027', 'Delivery Charges', 1, 2500, 0, '', 0, 0),
(368, 53, 20, '0', 356, 359, '1002', 'Cement', 50, 1170, 0, '', 0, 0),
(369, 53, 20, '0', 357, 360, '1001', 'Steel', 444, 265, 0, '', 0, 0),
(370, 53, 20, '0', 358, 361, '1001', 'Steel', 849, 265, 0, '', 0, 0),
(371, 53, 20, '0', 359, 362, '1002', 'Cement', 50, 1170, 0, '', 0, 0),
(372, 53, 20, '0', 360, 363, '1002', 'Cement', 25, 1150, 0, '', 0, 0),
(373, 53, 20, '0', 361, 364, '1027', 'Delivery Charges', 1, 2500, 0, '', 0, 0),
(374, 53, 20, '0', 362, 365, '1001', 'Steel', 301, 265, 0, '', 0, 0),
(375, 53, 20, '0', 363, 366, '1001', 'Steel', 143, 265, 0, '', 0, 0),
(376, 53, 20, '0', 364, 367, '1001', 'Steel', 96, 250, 0, '', 0, 0),
(377, 53, 20, '0', 365, 368, '1002', 'Cement', 50, 1170, 0, '', 0, 0),
(378, 53, 20, '0', 366, 369, '1002', 'Cement', 1, 1900, 0, '', 0, 0),
(379, 53, 20, '0', 367, 370, '1002', 'Cement', 50, 1170, 0, '', 0, 0),
(380, 53, 20, '0', 368, 371, '1002', 'Cement', 50, 1170, 0, '', 0, 0),
(381, 53, 20, '0', 369, 372, '1002', 'Cement', 35, 1170, 0, '', 0, 0),
(382, 53, 20, '0', 370, 373, '1002', 'Cement', 5, 1180, 0, '', 0, 0),
(383, 53, 20, '0', 371, 374, '1002', 'Cement', 2, 2000, 0, '', 0, 0),
(384, 53, 20, '0', 372, 375, '1027', 'Delivery Charges', 1, 1500, 0, '', 0, 0),
(385, 54, 20, '0', 373, 376, '1002', 'Cement', 35, 1170, 0, '', 0, 0),
(386, 54, 20, '0', 374, 377, '1027', 'Delivery Charges', 1, 1500, 0, '', 0, 0),
(387, 54, 20, '0', 375, 378, '1027', 'Delivery Charges', 1, 1500, 0, '', 0, 0),
(388, 54, 20, '0', 376, 379, '1002', 'Cement', 15, 1170, 0, '', 0, 0),
(389, 55, 20, '0', 377, 380, '1005', 'Mix', 150, 66.666666, 0, '', 0, 0),
(390, 55, 20, '0', 378, 381, '1006', 'Crush', 150, 80, 0, '', 0, 0),
(391, 55, 20, '0', 379, 382, '1005', 'Mix', 150, 66.666666, 0, '', 0, 0),
(392, 55, 20, '0', 380, 383, '1005', 'Mix', 150, 66.666666, 0, '', 0, 0),
(393, 55, 20, '0', 381, 384, '1005', 'Mix', 150, 66.666666, 0, '', 0, 0),
(394, 55, 20, '0', 382, 385, '1006', 'Crush', 150, 80, 0, '', 0, 0),
(395, 56, 20, '0', 383, 386, '1004', 'Raiti', 150, 66.66666, 0, '', 0, 0),
(396, 56, 20, '0', 384, 387, '1005', 'Mix', 150, 66.666666, 0, '', 0, 0),
(397, 56, 20, '0', 385, 388, '1004', 'Raiti', 150, 66.666666, 0, '', 0, 0),
(398, 56, 20, '0', 386, 389, '1004', 'Raiti', 150, 66.666666, 0, '', 0, 0),
(399, 56, 20, '0', 387, 390, '1005', 'Mix', 150, 66.666666, 0, '', 0, 0),
(400, 56, 20, '0', 388, 391, '1005', 'Mix', 150, 66.666666, 0, '', 0, 0),
(401, 56, 20, '0', 389, 392, '1005', 'Mix', 150, 66.666666, 0, '', 0, 0),
(402, 56, 20, '0', 390, 393, '1006', 'Crush', 125, 80, 0, '', 0, 0),
(403, 56, 20, '0', 391, 394, '1004', 'Raiti', 150, 66.666666, 0, '', 0, 0),
(404, 56, 20, '0', 392, 395, '1005', 'Mix', 150, 66.666666, 0, '', 0, 0),
(405, 56, 20, '0', 393, 396, '1004', 'Raiti', 150, 66.666666, 0, '', 0, 0),
(406, 56, 20, '0', 394, 397, '1005', 'Mix', 150, 66.666666, 0, '', 0, 0),
(407, 56, 20, '0', 395, 398, '1004', 'Raiti', 150, 66.666666, 0, '', 0, 0),
(408, 56, 20, '0', 396, 399, '1004', 'Raiti', 150, 66.666666, 0, '', 0, 0),
(409, 57, 20, '0', 397, 400, '1006', 'Crush', 100, 70, 0, '', 0, 0),
(410, 58, 20, '0', 398, 401, '1005', 'Mix', 50, 60, 0, '', 0, 0),
(411, 59, 20, '0', 399, 402, '1013', 'Chokhat', 52, 260, 0, '', 0, 0),
(412, 59, 20, '0', 400, 403, '1027', 'Delivery Charges', 1, 800, 0, '', 0, 0),
(413, 60, 20, '0', 401, 406, '1023', 'Floor Tiles', 123.84, 1880, 0, '', 0, 0),
(414, 60, 20, '0', 402, 407, '1046', 'Bathroom Tile', 24.48, 2230, 0, '', 0, 0),
(415, 60, 20, '0', 403, 408, '1046', 'Bathroom Tile', 14.4, 1880, 0, '', 0, 0),
(416, 60, 20, '0', 404, 409, '1046', 'Bathroom Tile', 5.76, 2230, 0, '', 0, 0),
(417, 60, 20, '0', 405, 410, '1046', 'Bathroom Tile', 25.92, 1880, 0, '', 0, 0),
(418, 60, 20, '0', 406, 411, '1046', 'Bathroom Tile', 7.2, 2400, 0, '', 0, 0),
(419, 60, 20, '0', 407, 412, '1025', 'Bond', 50, 540, 0, '', 0, 0),
(420, 60, 20, '0', 408, 413, '1070', 'Spacer', 2, 380, 0, '', 0, 0),
(421, 60, 20, '0', 409, 414, '1025', 'Bond', 2, 580, 0, '', 0, 0),
(422, 60, 20, '0', 410, 415, '1027', 'Delivery Charges', 1, 10998, 0, '', 0, 0),
(423, 61, 20, '0', 411, 416, '1046', 'Bathroom Tile', 1, 1000, 0, '', 0, 0),
(424, 61, 20, '0', 412, 417, '1046', 'Bathroom Tile', 1, 1100, 0, '', 0, 0),
(425, 62, 20, '0', 413, 404, '1023', 'Floor Tiles', 9.72, 1880, 0, '', 0, 0),
(426, 62, 20, '0', 414, 405, '1025', 'Bond', 4, 520, 0, '', 0, 0),
(427, 63, 20, '0', 415, 418, '1046', 'Bathroom Tile', 1, 6903, 0, '', 0, 0),
(428, 64, 20, '0', 416, 419, '1071', 'Tile Riser', 114, 128, 0, '', 0, 0),
(429, 65, 20, '0', 417, 420, '1046', 'Bathroom Tile', 1, 47536, 0, '', 0, 0),
(430, 66, 20, '0', 418, 421, '1047', 'Kitchen Tile', 10.5, 1250, 0, '', 0, 0),
(431, 67, 20, '0', 419, 422, '1073', 'Marble', 250, 72, 0, '', 0, 0),
(432, 67, 20, '0', 420, 423, '1061', 'Pillar', 1, 500, 0, '', 0, 0),
(433, 67, 20, '0', 421, 424, '1063', 'Tile &amp; Marble Cutting Charges', 20, 20, 0, '', 0, 0),
(434, 67, 20, '0', 422, 425, '1073', 'Marble', 250, 30, 0, '', 0, 0),
(435, 67, 20, '0', 423, 426, '1027', 'Delivery Charges', 1, 1200, 0, '', 0, 0),
(436, 68, 20, '0', 424, 427, '1080', 'Aluminum Door', 3, 10000, 0, '', 0, 0),
(437, 68, 20, '0', 425, 428, '1081', 'Aluminum Window', 27.5, 1120, 0, '', 0, 0),
(438, 68, 20, '0', 426, 429, '1081', 'Aluminum Window', 26, 980, 0, '', 0, 0),
(439, 68, 20, '0', 427, 430, '1027', 'Delivery Charges', 1, 2500, 0, '', 0, 0),
(440, 68, 20, '0', 428, 431, '1081', 'Aluminum Window', 1, 25000, 0, '', 0, 0),
(441, 69, 20, '0', 429, 433, '1075', 'Plinth Chemical', 1, 2000, 0, '', 0, 0),
(442, 70, 20, '0', 430, 441, '1008', 'Block', 1, 114700, 0, '', 0, 0),
(443, 71, 20, '0', 431, 442, '1005', 'Mix', 150, 66.666666, 0, '', 0, 0),
(444, 71, 20, '0', 432, 443, '1004', 'Raiti', 150, 66.666666, 0, '', 0, 0),
(445, 72, 20, '0', 433, 444, '1060', 'Kitchen Top', 1, 39250, 0, '', 0, 0),
(446, 72, 20, '0', 434, 445, '1060', 'Kitchen Top', 1, 12125, 0, '', 0, 0),
(447, 72, 20, '0', 435, 446, '1027', 'Delivery Charges', 1, 1200, 0, '', 0, 0),
(448, 72, 20, '0', 436, 447, '1073', 'Marble', 1, 46410, 0, '', 0, 0),
(449, 72, 20, '0', 437, 448, '1073', 'Marble', 1, 10260, 0, '', 0, 0),
(450, 72, 20, '0', 438, 449, '1027', 'Delivery Charges', 1, 1755, 0, '', 0, 0),
(451, 73, 20, '0', 439, 452, '1002', 'Cement', 10, 1170, 0, '', 0, 0),
(452, 74, 20, '0', 440, 453, '1008', 'Block', 100, 114700, 0, '', 0, 0),
(453, 75, 20, '5613', -1, 0, '', '', 0, 50, 0, '', 0, 0),
(454, 75, 20, '0', 441, 454, '1014', 'keel', 200, 10, 0, '', 0, 0),
(455, 76, 20, '0', 443, 457, '1003', 'Binding Wire', 12, 400, 0, '', 0, 0),
(456, 77, 20, '0', 445, 459, '1001', 'Steel', 1, 250, 0, '', 0, 0),
(457, 77, 20, '0', 444, 458, '1003', 'Binding Wire', 1, 400, 0, '', 0, 0),
(458, 78, 20, '0', 446, 460, '1001', 'Steel', 1, 250, 0, '', 0, 0),
(459, 78, 20, '0', 447, 461, '1003', 'Binding Wire', 2, 400, 0, '', 0, 0),
(460, 79, 20, '0', 448, 462, '1001', 'Steel', 1, 500, 0, '', 0, 0),
(461, 80, 20, '0', 449, 463, '1014', 'keel', 2, 175, 0, '', 0, 0),
(462, 81, 20, '0', 450, 464, '1001', 'Steel', 10, 204, 0, '', 0, 0),
(463, 82, 20, '0', 453, 468, '1007', 'Stones for Elevation', 101, 500, 0, '', 0, 0),
(464, 83, 20, '0', 454, 469, '1001', 'Steel', 1, 250, 0, '', 0, 0),
(465, 84, 20, '0', 455, 470, '1005', 'Mix', 1, 99, 0, '', 0, 0),
(466, 85, 20, '0', 456, 471, '1001', 'Steel', 1, 66, 0, '', 0, 0),
(467, 86, 20, '0', 457, 472, '1001', 'Steel', 1, 77, 0, '', 0, 0),
(468, 87, 20, '0', 458, 474, '1004', 'Raiti', 2, 101, 0, '', 0, 0),
(469, 88, 20, '0', 459, 476, '1001', 'Steel', 100, 204, 0, '', 0, 0),
(470, 88, 20, '0', 451, 465, '1001', 'Steel', 20, 204, 0, '', 0, 0),
(471, 88, 20, '0', 452, 467, '1001', 'Steel', 20, 204, 0, '', 0, 0);

-- --------------------------------------------------------

--
-- Table structure for table `erp_replica_supp_trans`
--

CREATE TABLE `erp_replica_supp_trans` (
  `trans_no` int(10) UNSIGNED NOT NULL DEFAULT '0',
  `type` smallint(5) UNSIGNED NOT NULL DEFAULT '0',
  `supplier_id` int(10) UNSIGNED NOT NULL,
  `reference` tinytext COLLATE utf8_unicode_ci NOT NULL,
  `supp_reference` varchar(60) COLLATE utf8_unicode_ci NOT NULL DEFAULT '',
  `tran_date` date NOT NULL DEFAULT '0000-00-00',
  `due_date` date NOT NULL DEFAULT '0000-00-00',
  `ov_amount` double NOT NULL DEFAULT '0',
  `ov_discount` double NOT NULL DEFAULT '0',
  `ov_gst` double NOT NULL DEFAULT '0',
  `rate` double NOT NULL DEFAULT '1',
  `alloc` double NOT NULL DEFAULT '0',
  `tax_included` tinyint(1) NOT NULL DEFAULT '0'
) ENGINE=InnoDB DEFAULT CHARSET=utf8 COLLATE=utf8_unicode_ci;

--
-- Dumping data for table `erp_replica_supp_trans`
--

INSERT INTO `erp_replica_supp_trans` (`trans_no`, `type`, `supplier_id`, `reference`, `supp_reference`, `tran_date`, `due_date`, `ov_amount`, `ov_discount`, `ov_gst`, `rate`, `alloc`, `tax_included`) VALUES
(2, 1, 10, '002/2022	', '', '2022-06-13', '0000-00-00', -1000000, 0, 0, 1, 0, 0),
(3, 1, 10, '003/2022	', '', '2022-06-18', '0000-00-00', -500000, 0, 0, 1, 0, 0),
(5, 1, 10, '005/2022	', '', '2022-06-18', '0000-00-00', -486920, 0, 0, 1, 0, 0),
(40, 1, 51, '037/2022	', '', '2022-10-30', '0000-00-00', -10000, 0, 0, 1, 0, 0),
(73, 1, 51, '006/2023	', '', '2023-01-14', '0000-00-00', -9000, 0, 0, 1, 0, 0),
(77, 1, 53, '009/2023	', '', '2023-03-07', '0000-00-00', -1000, 0, 0, 1, 0, 0),
(78, 1, 51, '010/2023	', '', '2023-03-20', '0000-00-00', -5000, 0, 0, 1, 0, 0),
(101, 1, 56, '028/2023	', '', '2023-12-21', '0000-00-00', -73010, 0, 0, 1, 0, 0),
(102, 1, 43, '029/2023	', '', '2023-12-27', '0000-00-00', -2000, 0, 0, 1, 0, 0),
(110, 1, 58, '003/2024	', '', '2024-01-10', '0000-00-00', 0, 0, 0, 1, 0, 0),
(111, 1, 7, '004/2024	', '', '2024-02-08', '0000-00-00', 0, 0, 0, 1, 0, 0),
(112, 1, 43, '005/2024	', '', '2024-02-10', '0000-00-00', -8000, 0, 0, 1, 0, 0),
(113, 1, 15, '006/2024	', '', '2024-02-28', '0000-00-00', -76396, 0, 0, 1, 0, 0),
(114, 1, 56, '007/2024	', '', '2024-03-18', '0000-00-00', -3530, 0, 0, 1, 0, 0),
(115, 1, 7, '008/2024	', '', '2024-04-16', '0000-00-00', 0, 0, 0, 1, 0, 0),
(125, 1, 53, '010/2024	', '', '2024-04-30', '0000-00-00', -2000, 0, 0, 1, 0, 0),
(126, 1, 61, '011/2024	', '', '2024-04-30', '0000-00-00', -900, 0, 0, 1, 0, 0),
(130, 1, 65, '015/2024	', '', '2024-05-06', '0000-00-00', -2, 0, 0, 1, 0, 0),
(131, 1, 10, '016/2024	', '', '2024-05-06', '0000-00-00', -90000, 0, 0, 1, 0, 0),
(1, 20, 10, '001/2022	', 'invoice # 2319', '2022-05-28', '2022-06-11', 2086920, 0, 0, 1, 640000, 0),
(2, 20, 30, '001/2023	', 'Invoice # 89 ', '2022-09-22', '2022-09-22', 8450, 0, 0, 1, 8450, 0),
(3, 20, 30, '002/2023	', 'Invoice # 10', '2022-09-29', '2022-09-29', 8450, 0, 0, 1, 8450, 0),
(4, 20, 51, '003/2023	', '1', '2022-09-29', '2022-09-29', 3000, 0, 0, 1, 3000, 0),
(5, 20, 54, '004/2023	', '1', '2022-11-07', '2022-11-07', 121500, 0, 0, 1, 121500, 0),
(6, 20, 21, '005/2023	', 'ud', '2023-06-30', '2023-06-30', 0, 0, 0, 1, 0, 0),
(7, 20, 15, '005/2023	', 'Enter diff bill from jul 22 to Jun 23 Bill#568,346,345,386,3', '2023-06-30', '2023-06-30', 506845, 0, 0, 1, 0, 0),
(8, 20, 21, '006/2023	', 'Inv # 316 and others', '2022-11-20', '2022-11-20', 927850, 0, 0, 1, 100000, 0),
(9, 20, 12, '007/2023	', 'Invoce # 945', '2023-05-11', '2023-05-11', 236000, 0, 0, 1, 0, 0),
(10, 20, 12, '008/2023	', 'Invoice  # 625', '2022-09-25', '2022-09-25', 103999.9995, 0, 0, 1, 0, 0),
(11, 20, 12, '009/2023	', 'Invoice  # 997', '2022-10-16', '2022-10-16', 169999.98975, 0, 0, 1, 0, 0),
(12, 20, 12, '010/2023	', 'invioce # 639', '2022-11-11', '2022-11-11', 74999.99955, 0, 0, 1, 0, 0),
(13, 20, 12, '011/2023	', 'Invioce # 647', '2022-12-13', '2022-12-13', 186000, 0, 0, 1, 0, 0),
(14, 20, 12, '012/2023	', 'Invoice # 656', '2023-01-08', '2023-01-08', 135999.99995, 0, 0, 1, 0, 0),
(15, 20, 12, '013/2023	', 'Invoice # 663', '2023-02-09', '2023-02-09', 19999.99995, 0, 0, 1, 0, 0),
(16, 20, 12, '014/2023	', 'Invoice # 673', '2023-03-03', '2023-03-03', 133000, 0, 0, 1, 0, 0),
(17, 20, 22, '015/2023	', 'Bill # 175', '2023-01-25', '2023-01-25', 66000.0008, 0, 0, 1, 0, 0),
(18, 20, 22, '016/2023	', 'Bill # 164', '2023-03-30', '2023-03-30', 71999.9975, 0, 0, 1, 0, 0),
(19, 20, 22, '017/2023	', 'Bill # 160', '2023-07-12', '2023-07-12', 68000, 0, 0, 1, 0, 0),
(20, 20, 12, '018/2023	', 'Bill # 961', '2023-08-03', '2023-08-03', 0, 0, 0, 1, 0, 0),
(21, 20, 12, '019/2023	', 'Bill # 953', '2023-07-30', '2023-07-30', 0, 0, 0, 1, 0, 0),
(22, 20, 23, '020/2023	', 'Invoice # 500340', '2023-03-31', '2023-03-31', 64700, 0, 0, 1, 0, 0),
(23, 20, 8, '021/2023	', 'Invoice # 11661 &amp; 11753', '2022-12-25', '2022-12-25', 10150, 0, 0, 1, 0, 0),
(24, 20, 7, '022/2023	', 'From 26-9-22 to 31-12-22 Invoice # 6057 6139 6285 6384 6400 ', '2022-09-26', '2022-09-26', 2453446, 0, 0, 1, 0, 0),
(25, 20, 7, '023/2023	', 'Invoices from 05-01-23 to 31-03-2023  # 7675 7742 7912 7932 ', '2023-01-05', '2023-01-05', 2472668.99996, 0, 0, 1, 0, 0),
(26, 20, 7, '024/2023	', 'Invoice # 7465-69-7501', '2022-12-22', '2022-12-22', 362211, 0, 0, 1, 300000, 0),
(27, 20, 7, '025/2023	', 'oice # 7665 7744 7781 7785', '2023-01-05', '2023-01-05', 997110, 0, 0, 1, 150000, 0),
(28, 20, 7, '026/2023	', 'Invoice # 7781 Dt.12-1-23 Invoice # 9083 Dt.29-3-23 Invoice ', '2023-01-12', '2023-01-12', 814927.5, 0, 0, 1, 0, 0),
(29, 20, 12, '027/2023	', 'nvoice # 649 Dated 8-1-23 Invoice # 658 Dated 8-2-23 Invoice', '2022-12-22', '2022-12-22', 331999.99935, 0, 0, 1, 0, 0),
(30, 20, 13, '028/2023	', '5 dumper Bahlu Matti Invoice # 3734', '2023-03-08', '2023-03-08', 21000, 0, 0, 1, 21000, 0),
(31, 20, 21, '029/2023	', 'Invoice # 1127-28-31-32- 621-626-27-29-30-31-36 dated from 1', '2023-03-15', '2023-03-15', 172560, 0, 0, 1, 172560, 0),
(32, 20, 21, '030/2023	', 'Invoice # 648 6658 659', '2023-04-13', '2023-04-13', 27940, 0, 0, 1, 0, 0),
(33, 20, 22, '031/2023	', 'Invoice # 288', '2023-05-22', '2023-05-22', 42529.999952, 0, 0, 1, 42529.999952, 0),
(34, 20, 55, '032/2023	', 'Invoice # 33 &amp; 67', '2023-05-16', '2023-05-16', 170095, 0, 0, 1, 170095, 0),
(35, 20, 56, '033/2023	', 'Invoice # 1403-12 Paint and paint material from 7-11 to 30 ', '2023-11-07', '2023-11-07', 73010, 0, 0, 1, 0, 0),
(36, 20, 15, '034/2023	', 'nvoice # 354,362,392,668,687,688,691 invoice date from 21-12', '2023-07-01', '2023-07-01', 129936, 0, 0, 1, 0, 0),
(37, 20, 57, '035/2023	', 'Invoice # 3052 1- Crystal White 2- Super Black 3 China cutti', '2023-11-22', '2023-11-22', 9000, 0, 0, 1, 9000, 0),
(38, 20, 58, '036/2023	', 'Invoice # 542', '2023-11-22', '2023-11-22', 84015.2, 0, 0, 1, 84015.2, 0),
(39, 20, 36, '037/2023	', 'Invoice # 612', '2023-11-10', '2023-11-10', 77000, 0, 0, 1, 77000, 0),
(40, 20, 15, '038/2023	', 'Inv # 902 Total Bill 21460-510 Personal Bill Bal 20950 UBD A', '2023-09-13', '2023-09-13', 20950, 0, 0, 1, 0, 0),
(41, 20, 12, '019/2023	', 'Bill # 953', '2023-07-30', '2023-07-30', 164000, 0, 0, 1, 0, 0),
(42, 20, 12, '018/2023	', 'Bill # 961', '2023-08-03', '2023-08-03', 138000, 0, 0, 1, 0, 0),
(43, 20, 15, '039/2023	', 'Invoice # 696 697 698 484 485 487 488 489 490 495-499 190-19', '2023-07-22', '2023-07-22', 703488, 0, 0, 1, 0, 0),
(44, 20, 17, '001/2024	', 'Invoice # 0001', '2024-03-19', '2024-01-10', 10425, 0, 0, 1, 10425, 0),
(45, 20, 7, '002/2024	', 'Inv # 12229,99, 12451,513,55,631,748,775 dt.11-11-23 to 27-1', '2023-11-11', '2023-11-11', 139385, 0, 0, 1, 139385, 0),
(46, 20, 15, '003/2024	', 'Inv # 910', '2023-12-11', '2023-12-11', 15510, 0, 0, 1, 0, 0),
(47, 20, 56, '004/2024	', 'invoice # 1415-01', '2024-01-15', '2024-01-15', 17530, 0, 0, 1, 0, 0),
(48, 20, 7, '040/2023	', 'Invoice # 7465', '2022-12-24', '2022-12-24', 1500, 0, 0, 1, 1500, 0),
(49, 20, 12, '005/2024	', 'Invoice # 684', '2023-11-03', '2023-11-03', 47999.99995, 0, 0, 1, 47999.99995, 0),
(50, 20, 58, '006/2024	', 'Invoice # 237', '2024-03-25', '2023-12-26', 17528, 0, 0, 1, 17528, 0),
(51, 20, 36, '007/2024	', 'Invoice # 825', '2024-02-18', '2024-02-18', 18500, 0, 0, 1, 18500, 0),
(52, 20, 59, '041/2023	', 'Invoice # 55', '2023-01-14', '2023-01-14', 13500, 0, 0, 1, 13500, 0),
(53, 20, 7, '008/2024	', 'Inv  # 12620-48-55-885-13003-117-219-336-454-556- Date from ', '2024-02-25', '2024-02-25', 996415, 0, 0, 1, 996415, 0),
(54, 20, 7, '009/2024	', 'Inv # 13632-13741', '2024-03-11', '2024-03-11', 61500, 0, 0, 1, 53585, 0),
(55, 20, 12, '010/2024	', 'Inv # 516', '2024-01-09', '2024-01-09', 63999.9996, 0, 0, 1, 63999.9996, 0),
(56, 20, 12, '011/2024	', 'Inv # 527 From 12-1-24 to 19-2-24', '2024-02-19', '2024-02-19', 139999.9978, 0, 0, 1, 139999.9978, 0),
(57, 20, 60, '012/2024	', 'Inv # 38', '2024-01-27', '2024-01-27', 7000, 0, 0, 1, 7000, 0),
(58, 20, 60, '013/2024	', 'Inv # 39', '2024-03-17', '2024-03-17', 3000, 0, 0, 1, 3000, 0),
(59, 20, 22, '014/2024	', 'Inv # 75 Three Chokhat @ 260 total 2 sq ft', '2024-02-22', '2024-02-22', 14320, 0, 0, 1, 14320, 0),
(60, 20, 58, '015/2024	', 'Inv # 1162', '2024-02-19', '2024-02-19', 433254, 0, 0, 1, 433254, 0),
(61, 20, 58, '016/2024	', 'Inv # 1162 Both item 1 Piece Each', '2024-02-26', '2024-02-26', 2100, 0, 0, 1, 2100, 0),
(62, 20, 58, '017/2024	', 'Inv # 1131', '2024-02-05', '2024-02-05', 20353.6, 0, 0, 1, 20353.6, 0),
(63, 20, 58, '018/2024	', 'Inv # 1202 Different Article + L Patti + Spacer ', '2024-03-03', '2024-03-03', 6903, 0, 0, 1, 6903, 0),
(64, 20, 58, '019/2024	', 'Inv # 1218', '2024-03-08', '2024-03-08', 14592, 0, 0, 1, 14592, 0),
(65, 20, 58, '020/2024	', 'Inv # 1257 ( Diff Article+Cartage+adj discount Rs.2027 on Bi', '2024-03-20', '2024-03-20', 47536, 0, 0, 1, 47536, 0),
(66, 20, 61, '021/2024	', 'Inv # 54 Kitchen White Tile from LS-4 Ac', '2024-03-15', '2024-03-15', 13125, 0, 0, 1, 0, 0),
(67, 20, 62, '022/2024	', 'Inv # 1478 for Itme # 1073 Polish Charges Rs.7500', '2024-01-30', '2024-01-30', 27600, 0, 0, 1, 0, 0),
(68, 20, 63, '023/2024	', 'Inv # 01', '2024-04-23', '2024-03-20', 113780, 0, 0, 1, 0, 0),
(69, 20, 64, '024/2024	', 'Inv # 42', '2024-01-01', '2024-01-01', 2000, 0, 0, 1, 2000, 0),
(70, 20, 65, '025/2024	', 'Inv # 56', '2024-03-04', '2024-03-04', 114700, 0, 0, 1, 114700, 0),
(71, 20, 12, '026/2024	', 'These two transection add to Inv # 527 infrom to Naveed he w', '2024-04-26', '2024-02-28', 19999.9998, 0, 0, 1, 19999.9998, 0),
(72, 20, 17, '027/2024	', 'Inv # 1', '2024-04-26', '2024-04-26', 111000, 0, 0, 1, 0, 0),
(73, 20, 7, '028/2024	', '12345', '2024-04-30', '2024-04-30', 11700, 0, 0, 1, 11700, 0),
(74, 20, 65, '029/2024	', '1122', '2024-04-30', '2024-04-30', 11470000, 0, 0, 1, 11470000, 0),
(75, 20, 65, '030/2024	', '9797', '2024-04-30', '2024-04-30', 2050, 0, 0, 1, 2050, 0),
(76, 20, 7, '031/2024	', '66', '2024-05-01', '2024-05-01', 4800, 0, 0, 1, 4800, 0),
(77, 20, 7, '0134/2024	', '0134', '2024-05-01', '2024-05-01', 650, 0, 0, 1, 650, 0),
(78, 20, 7, '135/2024	', '002', '2024-05-01', '2024-05-01', 1050, 0, 0, 1, 1050, 0),
(79, 20, 64, '136/2024	', 'ABC chemical', '2024-05-01', '2024-05-01', 500, 0, 0, 1, 500, 0),
(80, 20, 7, '137/2024	', '1332', '2024-05-02', '2024-05-02', 350, 0, 0, 1, 0, 0),
(81, 20, 10, '138/2024	', 'adil steel', '2024-05-03', '2024-05-03', 2040, 0, 0, 1, 2040, 0),
(82, 20, 19, '139/2024	', 'al makkah ', '2024-05-03', '2024-05-03', 50500, 0, 0, 1, 50500, 0),
(83, 20, 7, '140/2024	', '141', '2024-05-03', '2024-05-03', 250, 0, 0, 1, 0, 0),
(84, 20, 65, '141/2024	', '77', '2024-05-03', '2024-05-03', 99, 0, 0, 1, 99, 0),
(85, 20, 65, '142/2024	', '74', '2024-05-03', '2024-05-03', 66, 0, 0, 1, 66, 0),
(86, 20, 60, '143/2024	', 'ww', '2024-05-03', '2024-05-03', 77, 0, 0, 1, 0, 0),
(87, 20, 60, '144/2024	', '444', '2024-05-05', '2024-05-05', 202, 0, 0, 1, 0, 0),
(88, 20, 10, '145/2024	', 'steel', '2024-05-06', '2024-05-06', 28560, 0, 0, 1, 0, 0),
(1, 22, 10, '001/2022	', '', '2022-05-28', '2022-05-28', -100000, 0, 0, 1, 0, 0),
(2, 22, 10, '002/2022	', '', '2022-05-28', '2022-05-28', -100000, 0, 0, 1, 100000, 0),
(3, 22, 30, '001/2023	', '', '2022-09-23', '2022-09-23', -8450, 0, 0, 1, 8450, 0),
(4, 22, 51, '003/2022	', '', '2022-09-29', '2022-09-29', -3000, 0, 0, 1, 3000, 0),
(5, 22, 30, '002/2023	', '', '2022-09-29', '2022-09-29', -8450, 0, 0, 1, 8450, 0),
(6, 22, 51, '003/2023	', '', '2022-10-08', '2022-10-08', -8000, 0, 0, 1, 0, 0),
(7, 22, 51, '004/2023	', '', '2022-10-28', '2022-10-28', -12000, 0, 0, 1, 0, 0),
(8, 22, 54, '004/2022	', '', '2022-11-07', '2022-11-07', -50000, 0, 0, 1, 50000, 0),
(9, 22, 54, '005/2023	', '', '2022-11-15', '2022-11-15', -50000, 0, 0, 1, 50000, 0),
(10, 22, 21, '006/2023	', '', '2022-11-25', '2022-11-25', -50000, 0, 0, 1, 0, 0),
(11, 22, 21, '007/2023	', '', '2022-11-25', '2022-11-25', 0, 0, 0, 1, 0, 0),
(12, 22, 51, '007/2023	', '', '2022-11-27', '2022-11-27', -2000, 0, 0, 1, 0, 0),
(13, 22, 51, '008/2023	', '', '2022-11-29', '2022-11-29', -2000, 0, 0, 1, 0, 0),
(14, 22, 54, '009/2023	', '', '2022-11-29', '2022-11-29', -21500, 0, 0, 1, 21500, 0),
(15, 22, 21, '010/2023	', '', '2022-12-05', '2022-12-05', -100000, 0, 0, 1, 100000, 0),
(16, 22, 51, '011/2023	', '', '2022-12-24', '2022-12-24', -5000, 0, 0, 1, 0, 0),
(17, 22, 7, '012/2023	', '', '2022-12-13', '2022-12-13', -250000, 0, 0, 1, 0, 0),
(18, 22, 8, '013/2023	', '', '2022-12-25', '2022-12-25', -7000, 0, 0, 1, 0, 0),
(19, 22, 51, '014/2023	', '', '2022-12-25', '2022-12-25', -7000, 0, 0, 1, 0, 0),
(20, 22, 51, '015/2023	', '', '2022-12-27', '2022-12-27', -8000, 0, 0, 1, 0, 0),
(21, 22, 51, '016/2023	', '', '2022-12-28', '2022-12-28', -7000, 0, 0, 1, 0, 0),
(22, 22, 51, '017/2023	', '', '2022-12-29', '2022-12-29', -7000, 0, 0, 1, 0, 0),
(23, 22, 7, '018/2023	', '', '2023-02-10', '2023-02-10', -400000, 0, 0, 1, 0, 0),
(24, 22, 7, '019/2023	', '', '2023-03-21', '2023-03-21', -250000, 0, 0, 1, 0, 0),
(25, 22, 51, '020/2023	', '', '2023-04-03', '2023-04-03', -3000, 0, 0, 1, 0, 0),
(26, 22, 12, '021/2023	', '', '2023-04-05', '2023-04-05', -131000, 0, 0, 1, 0, 0),
(27, 22, 51, '022/2023	', '', '2023-04-05', '2023-04-05', -3000, 0, 0, 1, 0, 0),
(28, 22, 21, '023/2023	', '', '2023-06-30', '2023-06-30', -172560, 0, 0, 1, 172560, 0),
(29, 22, 51, '024/2023	', '', '2023-04-11', '2023-04-11', -10000, 0, 0, 1, 0, 0),
(30, 22, 12, '025/2023	', '', '2023-04-14', '2023-04-14', -150000, 0, 0, 1, 0, 0),
(31, 22, 7, '026/2023	', '', '2023-04-19', '2023-04-19', -500000, 0, 0, 1, 0, 0),
(32, 22, 7, '027/2023	', '', '2023-04-20', '2023-04-20', -500000, 0, 0, 1, 0, 0),
(33, 22, 7, '028/2023	', '', '2023-05-13', '2023-05-13', -100000, 0, 0, 1, 0, 0),
(34, 22, 43, '029/2023	', '', '2023-05-25', '2023-05-25', -10000, 0, 0, 1, 0, 0),
(35, 22, 22, '030/2023	', '', '2023-05-27', '2023-05-27', -42530, 0, 0, 1, 42529.999952, 0),
(36, 22, 21, '031/2023	', '', '2023-05-29', '2023-05-29', -16820, 0, 0, 1, 0, 0),
(37, 22, 55, '032/2023	', '', '2023-05-16', '2023-05-16', -170095, 0, 0, 1, 170095, 0),
(38, 22, 7, '033/2023	', '', '2023-06-08', '2023-06-08', -205757, 0, 0, 1, 0, 0),
(39, 22, 51, '034/2023	', '', '2023-06-21', '2023-06-21', -2000, 0, 0, 1, 0, 0),
(40, 22, 21, '035/2023	', '', '2023-06-24', '2023-06-24', -11120, 0, 0, 1, 0, 0),
(41, 22, 43, '036/2023	', '', '2023-06-26', '2023-06-26', -20000, 0, 0, 1, 0, 0),
(42, 22, 13, '037/2023	', '', '2023-06-19', '2023-06-19', -21000, 0, 0, 1, 21000, 0),
(43, 22, 12, '038/2023	', '', '2023-07-13', '2023-07-13', -12750, 0, 0, 1, 0, 0),
(44, 22, 7, '039/2023	', '', '2023-08-13', '2023-08-13', -68491.5, 0, 0, 1, 0, 0),
(45, 22, 12, '040/2023	', '', '2023-08-22', '2023-08-22', -38250, 0, 0, 1, 0, 0),
(46, 22, 53, '041/2023	', '', '2023-10-18', '2023-10-18', -5000, 0, 0, 1, 0, 0),
(47, 22, 53, '042/2023	', '', '2023-10-24', '2023-10-24', -10000, 0, 0, 1, 0, 0),
(48, 22, 53, '043/2023	', '', '2023-10-30', '2023-10-30', -7500, 0, 0, 1, 0, 0),
(49, 22, 15, '044/2023	', '', '2023-08-09', '2023-08-09', -90000, 0, 0, 1, 0, 0),
(50, 22, 57, '045/2023	', '', '2023-11-22', '2023-11-22', -9000, 0, 0, 1, 9000, 0),
(51, 22, 58, '046/2023	', '', '2023-11-22', '2023-11-22', -84000, -15.2, 0, 1, 84015.2, 0),
(52, 22, 36, '047/2023	', '', '2023-11-10', '2023-11-10', -77000, 0, 0, 1, 77000, 0),
(53, 22, 17, '001/2024	', '', '2024-01-10', '2024-01-10', -10425, 0, 0, 1, 10425, 0),
(54, 22, 7, '048/2023	', '', '2023-11-11', '2023-11-11', -100000, 0, 0, 1, 100000, 0),
(55, 22, 56, '002/2024	', '', '2024-03-12', '2024-03-12', -14000, 0, 0, 1, 0, 0),
(56, 22, 7, '003/2024	', '', '2024-02-08', '2024-02-08', -39385, 0, 0, 1, 39385, 0),
(57, 22, 7, '004/2024	', '', '2023-01-14', '2023-01-14', -150000, 0, 0, 1, 150000, 0),
(58, 22, 59, '049/2023	', '', '2023-01-14', '2023-01-14', -13500, 0, 0, 1, 13500, 0),
(59, 22, 51, '005/2024	', '', '2024-03-31', '2024-03-31', -8003, 0, 0, 1, 0, 0),
(60, 22, 58, '006/2024	', '', '2024-01-10', '2024-01-10', -15523, 0, 0, 1, 15523, 0),
(61, 22, 58, '007/2024	', '', '2024-03-31', '2024-03-31', -2005, 0, 0, 1, 2005, 0),
(62, 22, 12, '008/2024	', '', '2024-04-02', '2024-04-02', -47999.99995, 0, 0, 1, 47999.99995, 0),
(63, 22, 36, '009/2024	', '', '2024-04-04', '2024-04-04', -18500, 0, 0, 1, 18500, 0),
(64, 22, 7, '010/2024	', '', '2024-04-16', '2024-04-16', 0, 0, 0, 1, 0, 0),
(65, 22, 17, '010/2024	', '', '2024-04-23', '2024-04-23', 0, 0, 0, 1, 0, 0),
(66, 22, 47, '010/2024	', '', '2024-04-23', '2024-04-23', 0, 0, 0, 1, 0, 0),
(67, 22, 64, '010/2024	', '', '2024-01-01', '2024-01-01', -2000, 0, 0, 1, 2000, 0),
(68, 22, 51, '011/2024	', '', '2023-12-19', '2023-12-19', -4000, 0, 0, 1, 4000, 0),
(69, 22, 51, '012/2024	', '', '2024-01-08', '2024-01-08', -2000, 0, 0, 1, 2000, 0),
(70, 22, 51, '013/2024	', '', '2024-01-23', '2024-01-23', -3000, 0, 0, 1, 3000, 0),
(71, 22, 51, '014/2024	', '', '2024-01-24', '2024-01-24', -4000, 0, 0, 1, 4000, 0),
(72, 22, 51, '015/2024	', '', '2024-01-26', '2024-01-26', -2000, 0, 0, 1, 2000, 0),
(73, 22, 51, '016/2024	', '', '2024-01-27', '2024-01-27', -2000, 0, 0, 1, 2000, 0),
(74, 22, 51, '017/2024	', '', '2024-02-06', '2024-02-06', -2000, 0, 0, 1, 2000, 0),
(75, 22, 65, '018/2024	', '', '2023-12-23', '2023-12-23', -4400, 0, 0, 1, 4400, 0),
(76, 22, 65, '019/2024	', '', '2024-01-01', '2024-01-01', -5000, 0, 0, 1, 5000, 0),
(77, 22, 65, '020/2024	', '', '2024-01-11', '2024-01-11', -21250, 0, 0, 1, 21250, 0),
(78, 22, 65, '021/2024	', '', '2024-01-14', '2024-01-14', -23200, 0, 0, 1, 23200, 0),
(79, 22, 65, '022/2024	', '', '2024-01-17', '2024-01-17', -9600, 0, 0, 1, 9600, 0),
(80, 22, 65, '023/2024	', '', '2024-01-18', '2024-01-18', -20350, 0, 0, 1, 20350, 0),
(81, 22, 65, '024/2024	', '', '2024-01-23', '2024-01-23', -4000, 0, 0, 1, 4000, 0),
(82, 22, 65, '025/2024	', '', '2024-01-23', '2024-01-23', -3600, 0, 0, 1, 3600, 0),
(83, 22, 65, '026/2024	', '', '2024-01-24', '2024-01-24', -22200, 0, 0, 1, 22200, 0),
(84, 22, 65, '027/2024	', '', '2024-03-04', '2024-03-04', -1100, 0, 0, 1, 1100, 0),
(85, 22, 7, '028/2024	', '', '2024-01-03', '2024-01-03', -250000, 0, 0, 1, 250000, 0),
(86, 22, 7, '029/2024	', '', '2024-01-11', '2024-01-11', -200000, 0, 0, 1, 200000, 0),
(87, 22, 12, '030/2024	', '', '2024-04-26', '2024-04-26', -100000, 0, 0, 1, 100000, 0),
(88, 22, 7, '031/2024	', '', '2024-01-25', '2024-01-25', -250000, 0, 0, 1, 250000, 0),
(89, 22, 60, '032/2024	', '', '2024-01-27', '2024-01-27', -7000, 0, 0, 1, 7000, 0),
(90, 22, 58, '033/2024	', '', '2024-02-26', '2024-02-26', -200000, 0, 0, 1, 200000, 0),
(91, 22, 58, '034/2024	', '', '2024-02-26', '2024-02-26', -200000, 0, 0, 1, 200000, 0),
(92, 22, 60, '035/2024	', '', '2024-03-17', '2024-03-17', -3000, 0, 0, 1, 3000, 0),
(93, 22, 7, '036/2024	', '', '2024-04-03', '2024-04-03', -100000, 0, 0, 1, 100000, 0),
(94, 22, 7, '037/2024	', '', '2024-04-19', '2024-04-19', -100000, 0, 0, 1, 100000, 0),
(95, 22, 58, '038/2024	', '', '2024-03-11', '2024-03-11', -50000.6, 0, 0, 1, 50000.6, 0),
(96, 22, 58, '039/2024	', '', '2024-04-18', '2024-04-18', -55000, 0, 0, 1, 55000, 0),
(97, 22, 58, '040/2024	', '', '2024-04-19', '2024-04-19', -19738, 0, 0, 1, 19738, 0),
(98, 22, 22, '041/2024	', '', '2024-02-29', '2024-02-29', -14320, 0, 0, 1, 14320, 0),
(99, 22, 7, '042/2024	', '', '2024-02-28', '2024-02-28', -150000, 0, 0, 1, 150000, 0),
(100, 22, 12, '043/2024	', '', '2024-03-05', '2024-03-05', -90000, 0, 0, 1, 90000.00000000001, 0),
(101, 22, 12, '044/2024	', '', '2024-04-02', '2024-04-02', -33999.9972, 0, 0, 1, 33999.9972, 0),
(102, 22, 7, '045/2024	', '', '2024-04-30', '2024-04-30', -11700, 0, 0, 1, 11700, 0),
(103, 22, 65, '046/2024	', '', '2024-04-30', '2024-04-30', -11470000, 0, 0, 1, 11470000, 0),
(104, 22, 64, '047/2024	', '', '2024-04-30', '2024-04-30', 0, 0, 0, 1, 0, 0),
(105, 22, 64, '047/2024	', '', '2024-04-30', '2024-04-30', -9000, 0, 0, 1, 9000, 0),
(106, 22, 7, '0134/2024	', '', '2024-05-01', '2024-05-01', -650, 0, 0, 1, 650, 0),
(107, 22, 7, '135/2024	', '', '2024-05-01', '2024-05-01', -1050, 0, 0, 1, 1050, 0),
(108, 22, 7, '135/2024	', '', '2024-05-01', '2024-05-01', -4800, 0, 0, 1, 4800, 0),
(109, 22, 64, '136/2024	', '', '2024-05-01', '2024-05-01', -500, 0, 0, 1, 500, 0),
(110, 22, 10, '137/2024	', '', '2024-05-03', '2024-05-03', -2040, 0, 0, 1, 2040, 0),
(111, 22, 19, '138/2024	', '', '2024-05-03', '2024-05-03', -50500, 0, 0, 1, 50500, 0),
(112, 22, 43, '139/2024	', '', '2024-05-05', '2024-05-05', -10000, 0, 0, 1, 10000, 0),
(113, 22, 10, '140/2024	', '', '2024-05-06', '2024-05-06', -40000, 0, 0, 1, 40000, 0),
(114, 22, 7, '141/2024	', '', '2024-05-07', '2024-05-07', -1500, 0, 0, 1, 1500, 0),
(115, 22, 65, '142/2024	', '', '2024-05-07', '2024-05-07', -3761, 0, 0, 1, 3761, 0),
(116, 22, 7, '143/2024	', '', '2024-05-07', '2024-05-07', -300000, 0, 0, 1, 300000, 0);

-- --------------------------------------------------------

--
-- Table structure for table `erp_replica_sys_prefs`
--

CREATE TABLE `erp_replica_sys_prefs` (
  `name` varchar(35) COLLATE utf8_unicode_ci NOT NULL DEFAULT '',
  `category` varchar(30) COLLATE utf8_unicode_ci DEFAULT NULL,
  `type` varchar(20) COLLATE utf8_unicode_ci NOT NULL DEFAULT '',
  `length` smallint(6) DEFAULT NULL,
  `value` text COLLATE utf8_unicode_ci NOT NULL
) ENGINE=InnoDB DEFAULT CHARSET=utf8 COLLATE=utf8_unicode_ci;

--
-- Dumping data for table `erp_replica_sys_prefs`
--

INSERT INTO `erp_replica_sys_prefs` (`name`, `category`, `type`, `length`, `value`) VALUES
('accounts_alpha', 'glsetup.general', 'tinyint', 1, '0'),
('accumulate_shipping', 'glsetup.customer', 'tinyint', 1, '0'),
('add_pct', 'setup.company', 'int', 5, '-1'),
('allow_negative_prices', 'glsetup.inventory', 'tinyint', 1, '1'),
('allow_negative_stock', 'glsetup.inventory', 'tinyint', 1, '0'),
('alternative_tax_include_on_docs', 'setup.company', 'tinyint', 1, ''),
('auto_curr_reval', 'setup.company', 'smallint', 6, ''),
('bank_charge_act', 'glsetup.general', 'varchar', 15, '5690'),
('barcodes_on_stock', 'setup.company', 'tinyint', 1, '0'),
('base_sales', 'setup.company', 'int', 11, '0'),
('bcc_email', 'setup.company', 'varchar', 100, ''),
('company_logo_report', 'setup.company', 'tinyint', 1, '1'),
('coy_logo', 'setup.company', 'varchar', 100, 'WhatsApp_Image_2024-05-04_at_07.06.50_62ce7f2d.jpg'),
('coy_name', 'setup.company', 'varchar', 60, 'Horizon Engineering'),
('coy_no', 'setup.company', 'varchar', 25, ''),
('creditors_act', 'glsetup.purchase', 'varchar', 15, '2100'),
('curr_default', 'setup.company', 'char', 3, 'PKR'),
('debtors_act', 'glsetup.sales', 'varchar', 15, '1200'),
('default_adj_act', 'glsetup.items', 'varchar', 15, '5040'),
('default_cogs_act', 'glsetup.items', 'varchar', 15, '5010'),
('default_credit_limit', 'glsetup.customer', 'int', 11, '1000'),
('default_delivery_required', 'glsetup.sales', 'smallint', 6, '1'),
('default_dim_required', 'glsetup.dims', 'int', 11, '20'),
('default_inv_sales_act', 'glsetup.items', 'varchar', 15, '4010'),
('default_inventory_act', 'glsetup.items', 'varchar', 15, '1510'),
('default_loss_on_asset_disposal_act', 'glsetup.items', 'varchar', 15, '5660'),
('default_prompt_payment_act', 'glsetup.sales', 'varchar', 15, '4500'),
('default_quote_valid_days', 'glsetup.sales', 'smallint', 6, '30'),
('default_receival_required', 'glsetup.purchase', 'smallint', 6, '10'),
('default_sales_act', 'glsetup.sales', 'varchar', 15, '4010'),
('default_sales_discount_act', 'glsetup.sales', 'varchar', 15, '4510'),
('default_wip_act', 'glsetup.items', 'varchar', 15, '1530'),
('default_workorder_required', 'glsetup.manuf', 'int', 11, '20'),
('deferred_income_act', 'glsetup.sales', 'varchar', 15, '2105'),
('depreciation_period', 'glsetup.company', 'tinyint', 1, '1'),
('dim_on_recurrent_invoice', 'setup.company', 'tinyint', 1, '0'),
('domicile', 'setup.company', 'varchar', 55, 'Local'),
('email', 'setup.company', 'varchar', 100, ''),
('exchange_diff_act', 'glsetup.general', 'varchar', 15, '4450'),
('f_year', 'setup.company', 'int', 11, '14'),
('fax', 'setup.company', 'varchar', 30, '-'),
('freight_act', 'glsetup.customer', 'varchar', 15, '4430'),
('gl_closing_date', 'setup.closing_date', 'date', 8, '2023-06-30'),
('grn_clearing_act', 'glsetup.purchase', 'varchar', 15, '1550'),
('gst_no', 'setup.company', 'varchar', 25, '3242619-4'),
('legal_text', 'glsetup.customer', 'tinytext', 0, ''),
('loc_notification', 'glsetup.inventory', 'tinyint', 1, '0'),
('login_tout', 'setup.company', 'smallint', 6, '90000'),
('long_description_invoice', 'setup.company', 'tinyint', 1, '0'),
('max_days_in_docs', 'setup.company', 'smallint', 5, '360'),
('no_customer_list', 'setup.company', 'tinyint', 1, '0'),
('no_item_list', 'setup.company', 'tinyint', 1, '0'),
('no_supplier_list', 'setup.company', 'tinyint', 1, '0'),
('no_zero_lines_amount', 'glsetup.sales', 'tinyint', 1, '1'),
('past_due_days', 'glsetup.general', 'int', 11, '30'),
('phone', 'setup.company', 'varchar', 30, ''),
('po_over_charge', 'glsetup.purchase', 'int', 11, '10'),
('po_over_receive', 'glsetup.purchase', 'int', 11, '10'),
('postal_address', 'setup.company', 'tinytext', 0, ''),
('print_dialog_direct', 'setup.company', 'tinyint', 1, '0'),
('print_invoice_no', 'glsetup.sales', 'tinyint', 1, '0'),
('print_item_images_on_quote', 'glsetup.inventory', 'tinyint', 1, '0'),
('profit_loss_year_act', 'glsetup.general', 'varchar', 15, '9990'),
('pyt_discount_act', 'glsetup.purchase', 'varchar', 15, '5060'),
('ref_no_auto_increase', 'setup.company', 'tinyint', 1, '0'),
('retained_earnings_act', 'glsetup.general', 'varchar', 15, '3590'),
('round_to', 'setup.company', 'int', 5, '1'),
('shortname_name_in_list', 'setup.company', 'tinyint', 1, ''),
('show_po_item_codes', 'glsetup.purchase', 'tinyint', 1, '0'),
('suppress_tax_rates', 'setup.company', 'tinyint', 1, ''),
('tax_algorithm', 'glsetup.customer', 'tinyint', 1, '1'),
('tax_last', 'setup.company', 'int', 11, '1'),
('tax_prd', 'setup.company', 'int', 11, '1'),
('time_zone', 'setup.company', 'tinyint', 1, '1'),
('use_dimension', 'setup.company', 'tinyint', 1, '1'),
('use_fixed_assets', 'setup.company', 'tinyint', 1, ''),
('use_manufacturing', 'setup.company', 'tinyint', 1, ''),
('version_id', 'system', 'varchar', 11, '2.4.1');

-- --------------------------------------------------------

--
-- Table structure for table `erp_replica_tags`
--

CREATE TABLE `erp_replica_tags` (
  `id` int(11) NOT NULL,
  `type` smallint(6) NOT NULL,
  `name` varchar(30) COLLATE utf8_unicode_ci NOT NULL,
  `description` varchar(60) COLLATE utf8_unicode_ci DEFAULT NULL,
  `inactive` tinyint(1) NOT NULL DEFAULT '0'
) ENGINE=InnoDB DEFAULT CHARSET=utf8 COLLATE=utf8_unicode_ci;

-- --------------------------------------------------------

--
-- Table structure for table `erp_replica_tag_associations`
--

CREATE TABLE `erp_replica_tag_associations` (
  `record_id` varchar(15) COLLATE utf8_unicode_ci NOT NULL,
  `tag_id` int(11) NOT NULL
) ENGINE=InnoDB DEFAULT CHARSET=utf8 COLLATE=utf8_unicode_ci;

-- --------------------------------------------------------

--
-- Table structure for table `erp_replica_tax_groups`
--

CREATE TABLE `erp_replica_tax_groups` (
  `id` int(11) NOT NULL,
  `name` varchar(60) COLLATE utf8_unicode_ci NOT NULL DEFAULT '',
  `inactive` tinyint(1) NOT NULL DEFAULT '0'
) ENGINE=InnoDB DEFAULT CHARSET=utf8 COLLATE=utf8_unicode_ci;

--
-- Dumping data for table `erp_replica_tax_groups`
--

INSERT INTO `erp_replica_tax_groups` (`id`, `name`, `inactive`) VALUES
(3, 'GST', 0),
(4, 'SRB', 0),
(5, 'BRA', 0),
(6, 'NON Tax', 0);

-- --------------------------------------------------------

--
-- Table structure for table `erp_replica_tax_group_items`
--

CREATE TABLE `erp_replica_tax_group_items` (
  `tax_group_id` int(11) NOT NULL DEFAULT '0',
  `tax_type_id` int(11) NOT NULL DEFAULT '0',
  `tax_shipping` tinyint(1) NOT NULL DEFAULT '0'
) ENGINE=InnoDB DEFAULT CHARSET=utf8 COLLATE=utf8_unicode_ci;

-- --------------------------------------------------------

--
-- Table structure for table `erp_replica_tax_types`
--

CREATE TABLE `erp_replica_tax_types` (
  `id` int(11) NOT NULL,
  `rate` double NOT NULL DEFAULT '0',
  `sales_gl_code` varchar(15) COLLATE utf8_unicode_ci NOT NULL DEFAULT '',
  `purchasing_gl_code` varchar(15) COLLATE utf8_unicode_ci NOT NULL DEFAULT '',
  `name` varchar(60) COLLATE utf8_unicode_ci NOT NULL DEFAULT '',
  `inactive` tinyint(1) NOT NULL DEFAULT '0'
) ENGINE=InnoDB DEFAULT CHARSET=utf8 COLLATE=utf8_unicode_ci;

--
-- Dumping data for table `erp_replica_tax_types`
--

INSERT INTO `erp_replica_tax_types` (`id`, `rate`, `sales_gl_code`, `purchasing_gl_code`, `name`, `inactive`) VALUES
(2, 18, '1060', '1060', 'Tax Exempt', 0);

-- --------------------------------------------------------

--
-- Table structure for table `erp_replica_template`
--

CREATE TABLE `erp_replica_template` (
  `template_id` int(11) NOT NULL,
  `name` varchar(60) NOT NULL,
  `template` text NOT NULL,
  `inactive` tinyint(1) NOT NULL DEFAULT '0'
) ENGINE=InnoDB DEFAULT CHARSET=utf8mb4;

-- --------------------------------------------------------

--
-- Table structure for table `erp_replica_term_condition`
--

CREATE TABLE `erp_replica_term_condition` (
  `term_id` int(11) NOT NULL,
  `inactive` tinyint(1) NOT NULL DEFAULT '0',
  `applicant` varchar(60) NOT NULL,
  `cost_plot` varchar(60) NOT NULL,
  `corner` varchar(60) NOT NULL,
  `west_open` varchar(60) NOT NULL,
  `road_facing` varchar(60) NOT NULL,
  `park_facing` varchar(60) NOT NULL,
  `project` varchar(60) NOT NULL,
  `total` varchar(60) NOT NULL,
  `discount` varchar(60) NOT NULL,
  `net_amount` varchar(60) NOT NULL
) ENGINE=InnoDB DEFAULT CHARSET=utf8mb4;

-- --------------------------------------------------------

--
-- Table structure for table `erp_replica_tower`
--

CREATE TABLE `erp_replica_tower` (
  `towerID` int(11) NOT NULL,
  `towerCode` varchar(10) COLLATE utf8_unicode_ci NOT NULL,
  `description` varchar(60) COLLATE utf8_unicode_ci NOT NULL DEFAULT '',
  `project_code` int(11) NOT NULL DEFAULT '0',
  `noOfLifts` int(11) NOT NULL DEFAULT '0',
  `noOfParkings` int(11) NOT NULL DEFAULT '0',
  `carParkingSqft` int(11) NOT NULL DEFAULT '0',
  `stairCases` int(11) NOT NULL DEFAULT '0',
  `totalplateAreaLvl1` int(11) NOT NULL DEFAULT '0',
  `totalplateAreaLvl2` int(11) NOT NULL DEFAULT '0',
  `totalUnits` int(11) NOT NULL DEFAULT '0',
  `unitsEachFloor` int(11) NOT NULL DEFAULT '0',
  `totalFloors` int(11) NOT NULL DEFAULT '0',
  `inactive` tinyint(1) NOT NULL DEFAULT '0'
) ENGINE=InnoDB DEFAULT CHARSET=utf8 COLLATE=utf8_unicode_ci;

-- --------------------------------------------------------

--
-- Table structure for table `erp_replica_trans_tax_details`
--

CREATE TABLE `erp_replica_trans_tax_details` (
  `id` int(11) NOT NULL,
  `trans_type` smallint(6) DEFAULT NULL,
  `trans_no` int(11) DEFAULT NULL,
  `tran_date` date NOT NULL,
  `tax_type_id` int(11) NOT NULL DEFAULT '0',
  `rate` double NOT NULL DEFAULT '0',
  `ex_rate` double NOT NULL DEFAULT '1',
  `included_in_price` tinyint(1) NOT NULL DEFAULT '0',
  `net_amount` double NOT NULL DEFAULT '0',
  `amount` double NOT NULL DEFAULT '0',
  `memo` tinytext COLLATE utf8_unicode_ci,
  `reg_type` tinyint(1) DEFAULT NULL
) ENGINE=InnoDB DEFAULT CHARSET=utf8 COLLATE=utf8_unicode_ci;

--
-- Dumping data for table `erp_replica_trans_tax_details`
--

INSERT INTO `erp_replica_trans_tax_details` (`id`, `trans_type`, `trans_no`, `tran_date`, `tax_type_id`, `rate`, `ex_rate`, `included_in_price`, `net_amount`, `amount`, `memo`, `reg_type`) VALUES
(1, 2, 109, '2024-03-21', 2, 18, 1, 0, 555555.55555556, 100000, 'UBL Online Trsfr to Tarham BAH A/c\n', NULL),
(2, 1, 128, '2024-05-06', 2, 18, 1, 0, -1288.8888888889, -232, '', NULL),
(3, 1, 129, '2024-05-06', 2, 18, 1, 0, -555.55555555556, -100, '', NULL),
(4, 1, 132, '2024-05-07', 2, 18, 1, 0, -241300, -43434, '', NULL);

-- --------------------------------------------------------

--
-- Table structure for table `erp_replica_unit_type`
--

CREATE TABLE `erp_replica_unit_type` (
  `unit_type_code` int(11) NOT NULL,
  `description` varchar(60) COLLATE utf8_unicode_ci NOT NULL DEFAULT '',
  `inactive` tinyint(1) NOT NULL DEFAULT '0'
) ENGINE=InnoDB DEFAULT CHARSET=utf8 COLLATE=utf8_unicode_ci;

-- --------------------------------------------------------

--
-- Table structure for table `erp_replica_useronline`
--

CREATE TABLE `erp_replica_useronline` (
  `id` int(11) NOT NULL,
  `timestamp` int(11) NOT NULL DEFAULT '0',
  `ip` varchar(40) COLLATE utf8_unicode_ci NOT NULL DEFAULT '',
  `file` varchar(100) COLLATE utf8_unicode_ci NOT NULL DEFAULT ''
) ENGINE=InnoDB DEFAULT CHARSET=utf8 COLLATE=utf8_unicode_ci;

-- --------------------------------------------------------

--
-- Table structure for table `erp_replica_users`
--

CREATE TABLE `erp_replica_users` (
  `id` smallint(6) NOT NULL,
  `user_id` varchar(60) COLLATE utf8_unicode_ci NOT NULL DEFAULT '',
  `password` varchar(100) COLLATE utf8_unicode_ci NOT NULL DEFAULT '',
  `real_name` varchar(100) COLLATE utf8_unicode_ci NOT NULL DEFAULT '',
  `role_id` int(11) NOT NULL DEFAULT '1',
  `phone` varchar(30) COLLATE utf8_unicode_ci NOT NULL DEFAULT '',
  `email` varchar(100) COLLATE utf8_unicode_ci DEFAULT NULL,
  `language` varchar(20) COLLATE utf8_unicode_ci DEFAULT NULL,
  `date_format` tinyint(1) NOT NULL DEFAULT '0',
  `date_sep` tinyint(1) NOT NULL DEFAULT '0',
  `tho_sep` tinyint(1) NOT NULL DEFAULT '0',
  `dec_sep` tinyint(1) NOT NULL DEFAULT '0',
  `theme` varchar(20) COLLATE utf8_unicode_ci NOT NULL DEFAULT 'default',
  `page_size` varchar(20) COLLATE utf8_unicode_ci NOT NULL DEFAULT 'A4',
  `prices_dec` smallint(6) NOT NULL DEFAULT '2',
  `qty_dec` smallint(6) NOT NULL DEFAULT '2',
  `rates_dec` smallint(6) NOT NULL DEFAULT '4',
  `percent_dec` smallint(6) NOT NULL DEFAULT '1',
  `show_gl` tinyint(1) NOT NULL DEFAULT '1',
  `show_codes` tinyint(1) NOT NULL DEFAULT '0',
  `show_hints` tinyint(1) NOT NULL DEFAULT '0',
  `last_visit_date` datetime DEFAULT NULL,
  `query_size` tinyint(3) UNSIGNED NOT NULL DEFAULT '10',
  `graphic_links` tinyint(1) DEFAULT '1',
  `pos` smallint(6) DEFAULT '1',
  `print_profile` varchar(30) COLLATE utf8_unicode_ci NOT NULL DEFAULT '',
  `rep_popup` tinyint(1) DEFAULT '1',
  `sticky_doc_date` tinyint(1) DEFAULT '0',
  `startup_tab` varchar(20) COLLATE utf8_unicode_ci NOT NULL DEFAULT '',
  `transaction_days` smallint(6) NOT NULL DEFAULT '30',
  `save_report_selections` smallint(6) NOT NULL DEFAULT '0',
  `use_date_picker` tinyint(1) NOT NULL DEFAULT '1',
  `def_print_destination` tinyint(1) NOT NULL DEFAULT '0',
  `def_print_orientation` tinyint(1) NOT NULL DEFAULT '0',
  `inactive` tinyint(1) NOT NULL DEFAULT '0'
) ENGINE=InnoDB DEFAULT CHARSET=utf8 COLLATE=utf8_unicode_ci;

--
-- Dumping data for table `erp_replica_users`
--

INSERT INTO `erp_replica_users` (`id`, `user_id`, `password`, `real_name`, `role_id`, `phone`, `email`, `language`, `date_format`, `date_sep`, `tho_sep`, `dec_sep`, `theme`, `page_size`, `prices_dec`, `qty_dec`, `rates_dec`, `percent_dec`, `show_gl`, `show_codes`, `show_hints`, `last_visit_date`, `query_size`, `graphic_links`, `pos`, `print_profile`, `rep_popup`, `sticky_doc_date`, `startup_tab`, `transaction_days`, `save_report_selections`, `use_date_picker`, `def_print_destination`, `def_print_orientation`, `inactive`) VALUES
(1, 'admin', '827ccb0eea8a706c4c34a16891f84e7b', 'Administrator', 2, '', 'adm@example.com', 'C', 1, 2, 0, 0, 'dropdown', 'A4', 6, 1, 4, 1, 1, 1, 1, '2024-05-07 09:25:30', 10, 1, 1, '', 1, 1, 'stock', 30, 0, 1, 0, 1, 0),
(2, 'noman', '253acb401ca5ef629fb17e520cfc64e6', '', 2, '', 'abdulqadir', 'C', 1, 2, 0, 0, 'dropdown', 'A4', 6, 2, 4, 1, 1, 1, 0, '2024-04-26 19:47:46', 10, 1, 1, '', 1, 0, 'system', 30, 0, 1, 0, 0, 0),
(3, 'abdulqadir', '253acb401ca5ef629fb17e520cfc64e6', '', 2, '', 'abdulqadir', 'C', 1, 0, 0, 0, 'dropdown', 'A4', 4, 0, 4, 1, 1, 1, 0, '2024-02-13 17:20:53', 10, 1, 1, '', 1, 0, 'system', 30, 0, 1, 0, 0, 0),
(4, 'shuja', '827ccb0eea8a706c4c34a16891f84e7b', '', 2, '', '', 'C', 1, 2, 0, 0, 'dropdown', 'A4', 6, 1, 4, 1, 1, 1, 1, NULL, 10, 1, 1, '', 1, 1, 'stock', 30, 0, 1, 0, 1, 0);

-- --------------------------------------------------------

--
-- Table structure for table `erp_replica_user_application`
--

CREATE TABLE `erp_replica_user_application` (
  `user_application_id` int(11) NOT NULL,
  `inactive` tinyint(1) NOT NULL DEFAULT '0',
  `user_photo` varchar(500) DEFAULT NULL,
  `full_name` varchar(255) DEFAULT NULL,
  `father_husband` varchar(255) DEFAULT NULL,
  `cnic` varchar(20) DEFAULT NULL,
  `address` varchar(255) DEFAULT NULL,
  `dob` date DEFAULT NULL,
  `nationality` varchar(50) DEFAULT NULL,
  `occupation` varchar(150) DEFAULT NULL,
  `guardian_address` varchar(255) DEFAULT NULL,
  `cellNo` varchar(15) DEFAULT NULL,
  `phoneNo` varchar(15) DEFAULT NULL,
  `nominee_name` varchar(255) DEFAULT NULL,
  `nominee_relation` varchar(100) DEFAULT NULL,
  `nominee_age` int(11) DEFAULT NULL,
  `nominee_so_wo_do` varchar(255) DEFAULT NULL,
  `nominee_cnic` varchar(20) DEFAULT NULL,
  `unit_category` varchar(10) DEFAULT NULL,
  `floor` varchar(6) DEFAULT NULL,
  `project` varchar(255) DEFAULT NULL,
  `unit` int(11) NOT NULL,
  `unit_type` varchar(100) DEFAULT NULL,
  `owner_one_full_name` varchar(100) DEFAULT NULL,
  `owner_one_father_husband` varchar(100) DEFAULT NULL,
  `owner_one_cnic` varchar(100) DEFAULT NULL,
  `owner_one_dob` date DEFAULT NULL,
  `owner_three_occupation` varchar(100) DEFAULT NULL,
  `owner_two_occupation` varchar(100) DEFAULT NULL,
  `owner_one_occupation` varchar(100) DEFAULT NULL,
  `owner_three_nationality` varchar(100) DEFAULT NULL,
  `owner_two_nationality` varchar(100) DEFAULT NULL,
  `owner_one_nationality` varchar(100) DEFAULT NULL,
  `owner_three_phoneNo` varchar(100) DEFAULT NULL,
  `owner_two_phoneNo` varchar(100) DEFAULT NULL,
  `owner_one_phoneNo` varchar(100) DEFAULT NULL,
  `owner_three_address` varchar(200) DEFAULT NULL,
  `owner_two_address` varchar(200) DEFAULT NULL,
  `owner_one_address` varchar(200) DEFAULT NULL,
  `owner_two_full_name` varchar(100) DEFAULT NULL,
  `owner_two_father_husband` varchar(100) DEFAULT NULL,
  `owner_two_cnic` varchar(100) DEFAULT NULL,
  `owner_two_dob` date DEFAULT NULL,
  `owner_three_full_name` varchar(100) DEFAULT NULL,
  `owner_three_father_husband` varchar(100) DEFAULT NULL,
  `owner_three_cnic` varchar(100) DEFAULT NULL,
  `owner_three_dob` date DEFAULT NULL,
  `owner_three_cellNo` varchar(100) DEFAULT NULL,
  `owner_two_cellNo` varchar(100) DEFAULT NULL,
  `owner_one_cellNo` varchar(100) DEFAULT NULL,
  `nominee_two_name` varchar(100) DEFAULT NULL,
  `nominee_two_relation` varchar(100) DEFAULT NULL,
  `nominee_two_cnic` varchar(100) DEFAULT NULL,
  `nominee_three_name` varchar(100) DEFAULT NULL,
  `nominee_three_relation` varchar(100) DEFAULT NULL,
  `nominee_three_cnic` varchar(100) DEFAULT NULL,
  `user_two_photo` varchar(100) DEFAULT NULL,
  `user_three_photo` varchar(100) DEFAULT NULL
) ENGINE=InnoDB DEFAULT CHARSET=utf8mb4;

--
-- Dumping data for table `erp_replica_user_application`
--

INSERT INTO `erp_replica_user_application` (`user_application_id`, `inactive`, `user_photo`, `full_name`, `father_husband`, `cnic`, `address`, `dob`, `nationality`, `occupation`, `guardian_address`, `cellNo`, `phoneNo`, `nominee_name`, `nominee_relation`, `nominee_age`, `nominee_so_wo_do`, `nominee_cnic`, `unit_category`, `floor`, `project`, `unit`, `unit_type`, `owner_one_full_name`, `owner_one_father_husband`, `owner_one_cnic`, `owner_one_dob`, `owner_three_occupation`, `owner_two_occupation`, `owner_one_occupation`, `owner_three_nationality`, `owner_two_nationality`, `owner_one_nationality`, `owner_three_phoneNo`, `owner_two_phoneNo`, `owner_one_phoneNo`, `owner_three_address`, `owner_two_address`, `owner_one_address`, `owner_two_full_name`, `owner_two_father_husband`, `owner_two_cnic`, `owner_two_dob`, `owner_three_full_name`, `owner_three_father_husband`, `owner_three_cnic`, `owner_three_dob`, `owner_three_cellNo`, `owner_two_cellNo`, `owner_one_cellNo`, `nominee_two_name`, `nominee_two_relation`, `nominee_two_cnic`, `nominee_three_name`, `nominee_three_relation`, `nominee_three_cnic`, `user_two_photo`, `user_three_photo`) VALUES
(1, 0, '../../company/0/user_application/images/no_avator.jpg', 'D-196 Mr. Irfan', 'Naqvi', '00000-0000000-0', 'ddd', '2024-04-19', 'Pakistani', 'Business', '', '000052225455555', '', 'Mr. Farhan', 'Brother', 0, '0', '23231-2454565-6', 'plot', '68', '3', 131, 'Ground Floor ', NULL, NULL, NULL, NULL, '', '', NULL, '', '', NULL, '', '', NULL, '', '', NULL, '', '', '', '2024-04-19', '', '', '', '2024-04-19', '', '', NULL, '', '', '', '', '', '', '', ''),
(4, 0, '../../company/0/user_application/images/no_avator.jpg', 'mohammad umer', 'afzal', '98237-5298347-9', 'adasdaisduhiquw', '2024-04-26', 'pak', 'dr', '', '09007861', '0213498774', 'sheikh', 'sohaib', 0, '0', '78437-5928374-9', 'plot', '69', '3', 132, '3 bed lounge', NULL, NULL, NULL, NULL, '', '', NULL, '', '', NULL, '', '', NULL, '', '', NULL, '', '', '', '2024-04-26', '', '', '', '2024-04-26', '', '', NULL, '', '', '', '', '', '', '', ''),
(5, 0, '../../company/0/user_application/images/no_avator.jpg', 'shuja', 'qavi', '79243-8723948-7', 'hksdjfhskdjhfksjd', '2024-04-26', 'pak', 'dr', '', '09007861', '0213498774', 'sheikh', 'brother', 0, '0', '87934-5938475-9', 'plot', '69', '3', 133, '', NULL, NULL, NULL, NULL, '', '', NULL, '', '', NULL, '', '', NULL, '', '', NULL, '', '', '', '2024-04-26', '', '', '', '2024-04-26', '', '', NULL, '', '', '', '', '', '', '', ''),
(6, 0, '../../company/0/user_application/images/no_avator.jpg', 'hamza', 'ali', '41548-7487878-7', 'df', '2024-04-29', 'fd', 'dfd', '', '45454545', '454545', 'fg', 'fg', 0, '0', '45454-5454545-4', 'flat', '68', '3', 134, '54', NULL, NULL, NULL, NULL, '', '', NULL, '', '', NULL, '', '', NULL, '', '', NULL, '', '', '', '2024-04-29', '', '', '', '2024-04-29', '', '', NULL, '', '', '', '', '', '', '', ''),
(7, 0, '../../company/0/user_application/images/no_avator.jpg', 'aqib', 'ali', '23232-3232323-2', '232323', '2024-04-29', 'dfdf', '34', '', '343434', '343434', '3df', 'f', 0, '0', '34343-4343434-3', 'shop', '69', '3', 135, '3de vv', NULL, NULL, NULL, NULL, '', '', NULL, '', '', NULL, '', '', NULL, '', '', NULL, '', '', '', '2024-04-29', '', '', '', '2024-04-29', '', '', NULL, '', '', '', '', '', '', '', ''),
(8, 0, '../../company/0/user_application/images/no_avator.jpg', 'Abc user', 'XYZ', '45874-8745588-8', 'some', '2024-04-29', 'pakistani', 'software engr', '', '343434', '4454545', 'saddam', 'mother', 0, '0', '56598-9899988-9', 'shop', '69', '3', 136, '2bed launch', NULL, NULL, NULL, NULL, '', '', NULL, '', '', NULL, '', '', NULL, '', '', NULL, '', '', '', '2024-04-29', '', '', '', '2024-04-29', '', '', NULL, '', '', '', '', '', '', '', ''),
(9, 0, '../../company/0/user_application/images/no_avator.jpg', 'Test user', 'test', '54548-7878778-5', 'some address', '2024-04-29', 'pakistani', 'software engr', '', '154545454', '154545454', 'ishrat', 'mother', 0, '0', '98958-9685656-5', 'plot', '69', '3', 137, '3bed', NULL, NULL, NULL, NULL, '', '', NULL, '', '', NULL, '', '', NULL, '', '', NULL, '', '', '', '2024-04-29', '', '', '', '2024-04-29', '', '', NULL, '', '', '', '', '', '', '', ''),
(10, 0, '../../company/0/user_application/images/no_avator.jpg', 'Ammad zafar', 'Zafar', '45848-8454587-4', 'nazimabad', '2024-04-29', 'uk', 'network', '', '125454545', '45454545', 'dd', 're', 0, '0', '34454-5454545-4', 'shop', '68', '3', 139, '3ded', NULL, NULL, NULL, NULL, '', '', NULL, '', '', NULL, '', '', NULL, '', '', NULL, '', '', '', '2024-04-29', '', '', '', '2024-04-29', '', '', NULL, '', '', '', '', '', '', '', ''),
(11, 0, '../../company/0/user_application/images/no_avator.jpg', 'Muhammad Huzaifa', 'asif', '42201-5119222-3', 'Jauhar blk 4', '2024-04-29', 'Pakistani', '5 years ERP Consultant', '', '09090990909', '03443062572', '766', 'brother', 0, '0', '32342-3445554-3', 'flat', '69', '3', 138, '2 bed DD lounge with roof top', NULL, NULL, NULL, NULL, '', '08', NULL, '', 'saudi', NULL, '', '03443062572', NULL, '', 'Jauhar blk 4', NULL, 'Muhammad Ammar', 'naqvi', '42033-0423945-5', '2024-04-29', '', '', '', '2024-04-29', '', '0336353535', NULL, 'yasir', 'bhai', '83283-2833939-9', '', '', '', '', ''),
(12, 0, '../../company/0/user_application/images/no_avator.jpg', 'test', 'ttest', '34343-3434343-4', 'tgfgfg', '2024-05-01', 'fd', '44', '', '4545454', '54545', 'ff', 'df', 0, '0', '34343-4343434-3', 'plot', '69', '3', 140, '44', NULL, NULL, NULL, NULL, '', '', NULL, '', '', NULL, '', '', NULL, '', '', NULL, '', '', '', '2024-05-01', '', '', '', '2024-05-01', '', '', NULL, '', '', '', '', '', '', '', ''),
(13, 0, '../../company/0/user_application/images/no_avator.jpg', 'UMER', 'khan', '24332-4234234-2', 'adasdasd', '2024-05-02', 'pak', 'dr', '', '09090909909', '2139120931209', 'faraz', 'Father', 0, '0', '12434-2342342-3', 'flat', '68', '3', 141, '', NULL, NULL, NULL, NULL, '', '', NULL, '', '', NULL, '', '', NULL, '', '', NULL, '', '', '', '2024-05-02', '', '', '', '2024-05-02', '', '', NULL, '', '', '', '', '', '', '', '');

-- --------------------------------------------------------

--
-- Table structure for table `erp_replica_voided`
--

CREATE TABLE `erp_replica_voided` (
  `type` int(11) NOT NULL DEFAULT '0',
  `id` int(11) NOT NULL DEFAULT '0',
  `date_` date NOT NULL DEFAULT '0000-00-00',
  `memo_` tinytext COLLATE utf8_unicode_ci NOT NULL
) ENGINE=InnoDB DEFAULT CHARSET=utf8 COLLATE=utf8_unicode_ci;

--
-- Dumping data for table `erp_replica_voided`
--

INSERT INTO `erp_replica_voided` (`type`, `id`, `date_`, `memo_`) VALUES
(1, 87, '2023-06-30', ''),
(1, 88, '2023-06-30', ''),
(1, 89, '2024-03-19', ''),
(1, 90, '2024-03-19', ''),
(1, 94, '2024-03-19', ''),
(1, 110, '2024-04-02', ''),
(1, 111, '2024-03-28', ''),
(1, 115, '2024-04-16', ''),
(2, 1, '2022-05-02', 'Document reentered.'),
(2, 2, '2022-05-02', 'Document reentered.'),
(2, 92, '2024-03-19', ''),
(2, 93, '2024-03-19', ''),
(2, 94, '2024-03-19', ''),
(2, 95, '2024-03-19', ''),
(2, 100, '2024-04-19', 'voided'),
(10, 1, '2024-03-19', ''),
(12, 1, '2024-03-19', ''),
(12, 2, '2024-03-21', ''),
(13, 1, '2024-03-19', ''),
(20, 6, '2023-06-30', ''),
(20, 20, '2023-08-03', 'Document reentered.'),
(20, 21, '2023-07-30', 'Document reentered.'),
(22, 11, '2023-06-30', ''),
(22, 64, '2024-04-16', ''),
(22, 65, '2024-04-25', ''),
(22, 66, '2024-04-25', ''),
(22, 104, '2024-04-30', ''),
(25, 47, '2023-06-30', ''),
(40, 20, '2024-04-19', '');

-- --------------------------------------------------------

--
-- Table structure for table `erp_replica_workcentres`
--

CREATE TABLE `erp_replica_workcentres` (
  `id` int(11) NOT NULL,
  `name` char(40) COLLATE utf8_unicode_ci NOT NULL DEFAULT '',
  `description` char(50) COLLATE utf8_unicode_ci NOT NULL DEFAULT '',
  `inactive` tinyint(1) NOT NULL DEFAULT '0'
) ENGINE=InnoDB DEFAULT CHARSET=utf8 COLLATE=utf8_unicode_ci;

-- --------------------------------------------------------

--
-- Table structure for table `erp_replica_workorders`
--

CREATE TABLE `erp_replica_workorders` (
  `id` int(11) NOT NULL,
  `wo_ref` varchar(60) COLLATE utf8_unicode_ci NOT NULL DEFAULT '',
  `loc_code` varchar(5) COLLATE utf8_unicode_ci NOT NULL DEFAULT '',
  `units_reqd` double NOT NULL DEFAULT '1',
  `stock_id` varchar(20) COLLATE utf8_unicode_ci NOT NULL DEFAULT '',
  `date_` date NOT NULL DEFAULT '0000-00-00',
  `type` tinyint(4) NOT NULL DEFAULT '0',
  `required_by` date NOT NULL DEFAULT '0000-00-00',
  `released_date` date NOT NULL DEFAULT '0000-00-00',
  `units_issued` double NOT NULL DEFAULT '0',
  `closed` tinyint(1) NOT NULL DEFAULT '0',
  `released` tinyint(1) NOT NULL DEFAULT '0',
  `additional_costs` double NOT NULL DEFAULT '0'
) ENGINE=InnoDB DEFAULT CHARSET=utf8 COLLATE=utf8_unicode_ci;

-- --------------------------------------------------------

--
-- Table structure for table `erp_replica_wo_costing`
--

CREATE TABLE `erp_replica_wo_costing` (
  `id` int(11) NOT NULL,
  `workorder_id` int(11) NOT NULL DEFAULT '0',
  `cost_type` tinyint(1) NOT NULL DEFAULT '0',
  `trans_type` int(11) NOT NULL DEFAULT '0',
  `trans_no` int(11) NOT NULL DEFAULT '0',
  `factor` double NOT NULL DEFAULT '1'
) ENGINE=InnoDB DEFAULT CHARSET=utf8 COLLATE=utf8_unicode_ci;

-- --------------------------------------------------------

--
-- Table structure for table `erp_replica_wo_issues`
--

CREATE TABLE `erp_replica_wo_issues` (
  `issue_no` int(11) NOT NULL,
  `workorder_id` int(11) NOT NULL DEFAULT '0',
  `reference` varchar(100) COLLATE utf8_unicode_ci DEFAULT NULL,
  `issue_date` date DEFAULT NULL,
  `loc_code` varchar(5) COLLATE utf8_unicode_ci DEFAULT NULL,
  `workcentre_id` int(11) DEFAULT NULL
) ENGINE=InnoDB DEFAULT CHARSET=utf8 COLLATE=utf8_unicode_ci;

-- --------------------------------------------------------

--
-- Table structure for table `erp_replica_wo_issue_items`
--

CREATE TABLE `erp_replica_wo_issue_items` (
  `id` int(11) NOT NULL,
  `stock_id` varchar(40) COLLATE utf8_unicode_ci DEFAULT NULL,
  `issue_id` int(11) DEFAULT NULL,
  `qty_issued` double DEFAULT NULL,
  `unit_cost` double NOT NULL DEFAULT '0'
) ENGINE=InnoDB DEFAULT CHARSET=utf8 COLLATE=utf8_unicode_ci;

-- --------------------------------------------------------

--
-- Table structure for table `erp_replica_wo_manufacture`
--

CREATE TABLE `erp_replica_wo_manufacture` (
  `id` int(11) NOT NULL,
  `reference` varchar(100) COLLATE utf8_unicode_ci DEFAULT NULL,
  `workorder_id` int(11) NOT NULL DEFAULT '0',
  `quantity` double NOT NULL DEFAULT '0',
  `date_` date NOT NULL DEFAULT '0000-00-00'
) ENGINE=InnoDB DEFAULT CHARSET=utf8 COLLATE=utf8_unicode_ci;

-- --------------------------------------------------------

--
-- Table structure for table `erp_replica_wo_requirements`
--

CREATE TABLE `erp_replica_wo_requirements` (
  `id` int(11) NOT NULL,
  `workorder_id` int(11) NOT NULL DEFAULT '0',
  `stock_id` char(20) COLLATE utf8_unicode_ci NOT NULL DEFAULT '',
  `workcentre` int(11) NOT NULL DEFAULT '0',
  `units_req` double NOT NULL DEFAULT '1',
  `unit_cost` double NOT NULL DEFAULT '0',
  `loc_code` char(5) COLLATE utf8_unicode_ci NOT NULL DEFAULT '',
  `units_issued` double NOT NULL DEFAULT '0'
) ENGINE=InnoDB DEFAULT CHARSET=utf8 COLLATE=utf8_unicode_ci;

--
-- Indexes for dumped tables
--

--
-- Indexes for table `erp_replica_apartment`
--
ALTER TABLE `erp_replica_apartment`
  ADD PRIMARY KEY (`appartment_code`),
  ADD UNIQUE KEY `description` (`description`);

--
-- Indexes for table `erp_replica_areas`
--
ALTER TABLE `erp_replica_areas`
  ADD PRIMARY KEY (`area_code`),
  ADD UNIQUE KEY `description` (`description`);

--
-- Indexes for table `erp_replica_attachments`
--
ALTER TABLE `erp_replica_attachments`
  ADD PRIMARY KEY (`id`),
  ADD KEY `type_no` (`type_no`,`trans_no`);

--
-- Indexes for table `erp_replica_audit_trail`
--
ALTER TABLE `erp_replica_audit_trail`
  ADD PRIMARY KEY (`id`),
  ADD KEY `Seq` (`fiscal_year`,`gl_date`,`gl_seq`),
  ADD KEY `Type_and_Number` (`type`,`trans_no`);

--
-- Indexes for table `erp_replica_bank_accounts`
--
ALTER TABLE `erp_replica_bank_accounts`
  ADD PRIMARY KEY (`id`),
  ADD KEY `bank_account_name` (`bank_account_name`),
  ADD KEY `bank_account_number` (`bank_account_number`),
  ADD KEY `account_code` (`account_code`);

--
-- Indexes for table `erp_replica_bank_trans`
--
ALTER TABLE `erp_replica_bank_trans`
  ADD PRIMARY KEY (`id`),
  ADD KEY `bank_act` (`bank_act`,`ref`),
  ADD KEY `type` (`type`,`trans_no`),
  ADD KEY `bank_act_2` (`bank_act`,`reconciled`),
  ADD KEY `bank_act_3` (`bank_act`,`trans_date`);

--
-- Indexes for table `erp_replica_block`
--
ALTER TABLE `erp_replica_block`
  ADD PRIMARY KEY (`block_id`);

--
-- Indexes for table `erp_replica_bom`
--
ALTER TABLE `erp_replica_bom`
  ADD PRIMARY KEY (`parent`,`component`,`workcentre_added`,`loc_code`),
  ADD KEY `component` (`component`),
  ADD KEY `id` (`id`),
  ADD KEY `loc_code` (`loc_code`),
  ADD KEY `parent` (`parent`,`loc_code`),
  ADD KEY `workcentre_added` (`workcentre_added`);

--
-- Indexes for table `erp_replica_boq`
--
ALTER TABLE `erp_replica_boq`
  ADD PRIMARY KEY (`id`);

--
-- Indexes for table `erp_replica_boq_items`
--
ALTER TABLE `erp_replica_boq_items`
  ADD PRIMARY KEY (`id`);

--
-- Indexes for table `erp_replica_budget_trans`
--
ALTER TABLE `erp_replica_budget_trans`
  ADD PRIMARY KEY (`id`),
  ADD KEY `Account` (`account`,`tran_date`,`dimension_id`,`dimension2_id`);

--
-- Indexes for table `erp_replica_charges`
--
ALTER TABLE `erp_replica_charges`
  ADD PRIMARY KEY (`charge_id`);

--
-- Indexes for table `erp_replica_chart_class`
--
ALTER TABLE `erp_replica_chart_class`
  ADD PRIMARY KEY (`cid`);

--
-- Indexes for table `erp_replica_chart_master`
--
ALTER TABLE `erp_replica_chart_master`
  ADD PRIMARY KEY (`account_code`),
  ADD KEY `account_name` (`account_name`),
  ADD KEY `accounts_by_type` (`account_type`,`account_code`);

--
-- Indexes for table `erp_replica_chart_types`
--
ALTER TABLE `erp_replica_chart_types`
  ADD PRIMARY KEY (`id`),
  ADD KEY `name` (`name`),
  ADD KEY `class_id` (`class_id`);

--
-- Indexes for table `erp_replica_comments`
--
ALTER TABLE `erp_replica_comments`
  ADD KEY `type_and_id` (`type`,`id`);

--
-- Indexes for table `erp_replica_credit_status`
--
ALTER TABLE `erp_replica_credit_status`
  ADD PRIMARY KEY (`id`),
  ADD UNIQUE KEY `reason_description` (`reason_description`);

--
-- Indexes for table `erp_replica_crm_categories`
--
ALTER TABLE `erp_replica_crm_categories`
  ADD PRIMARY KEY (`id`),
  ADD UNIQUE KEY `type` (`type`,`action`),
  ADD UNIQUE KEY `type_2` (`type`,`name`);

--
-- Indexes for table `erp_replica_crm_contacts`
--
ALTER TABLE `erp_replica_crm_contacts`
  ADD PRIMARY KEY (`id`),
  ADD KEY `type` (`type`,`action`);

--
-- Indexes for table `erp_replica_crm_persons`
--
ALTER TABLE `erp_replica_crm_persons`
  ADD PRIMARY KEY (`id`),
  ADD KEY `ref` (`ref`);

--
-- Indexes for table `erp_replica_currencies`
--
ALTER TABLE `erp_replica_currencies`
  ADD PRIMARY KEY (`curr_abrev`);

--
-- Indexes for table `erp_replica_cust_allocations`
--
ALTER TABLE `erp_replica_cust_allocations`
  ADD PRIMARY KEY (`id`),
  ADD UNIQUE KEY `trans_type_from` (`person_id`,`trans_type_from`,`trans_no_from`,`trans_type_to`,`trans_no_to`),
  ADD KEY `From` (`trans_type_from`,`trans_no_from`),
  ADD KEY `To` (`trans_type_to`,`trans_no_to`);

--
-- Indexes for table `erp_replica_cust_branch`
--
ALTER TABLE `erp_replica_cust_branch`
  ADD PRIMARY KEY (`branch_code`,`debtor_no`),
  ADD KEY `group_no` (`group_no`);

--
-- Indexes for table `erp_replica_debtors_master`
--
ALTER TABLE `erp_replica_debtors_master`
  ADD PRIMARY KEY (`debtor_no`),
  ADD UNIQUE KEY `debtor_ref` (`debtor_ref`),
  ADD KEY `name` (`name`);

--
-- Indexes for table `erp_replica_debtor_trans`
--
ALTER TABLE `erp_replica_debtor_trans`
  ADD PRIMARY KEY (`type`,`trans_no`,`debtor_no`),
  ADD KEY `debtor_no` (`debtor_no`,`branch_code`),
  ADD KEY `tran_date` (`tran_date`),
  ADD KEY `order_` (`order_`);

--
-- Indexes for table `erp_replica_debtor_trans_details`
--
ALTER TABLE `erp_replica_debtor_trans_details`
  ADD PRIMARY KEY (`id`),
  ADD KEY `Transaction` (`debtor_trans_type`,`debtor_trans_no`),
  ADD KEY `src_id` (`src_id`);

--
-- Indexes for table `erp_replica_dimensions`
--
ALTER TABLE `erp_replica_dimensions`
  ADD PRIMARY KEY (`id`),
  ADD UNIQUE KEY `reference` (`reference`),
  ADD KEY `date_` (`date_`),
  ADD KEY `due_date` (`due_date`),
  ADD KEY `type_` (`type_`);

--
-- Indexes for table `erp_replica_exchange_rates`
--
ALTER TABLE `erp_replica_exchange_rates`
  ADD PRIMARY KEY (`id`),
  ADD UNIQUE KEY `curr_code` (`curr_code`,`date_`);

--
-- Indexes for table `erp_replica_facing`
--
ALTER TABLE `erp_replica_facing`
  ADD PRIMARY KEY (`facing_code`),
  ADD UNIQUE KEY `description` (`description`);

--
-- Indexes for table `erp_replica_fiscal_year`
--
ALTER TABLE `erp_replica_fiscal_year`
  ADD PRIMARY KEY (`id`),
  ADD UNIQUE KEY `begin` (`begin`),
  ADD UNIQUE KEY `end` (`end`);

--
-- Indexes for table `erp_replica_floors`
--
ALTER TABLE `erp_replica_floors`
  ADD PRIMARY KEY (`floor_code`);

--
-- Indexes for table `erp_replica_gl_trans`
--
ALTER TABLE `erp_replica_gl_trans`
  ADD PRIMARY KEY (`counter`),
  ADD KEY `Type_and_Number` (`type`,`type_no`),
  ADD KEY `dimension_id` (`dimension_id`),
  ADD KEY `dimension2_id` (`dimension2_id`),
  ADD KEY `tran_date` (`tran_date`),
  ADD KEY `account_and_tran_date` (`account`,`tran_date`);

--
-- Indexes for table `erp_replica_grn_batch`
--
ALTER TABLE `erp_replica_grn_batch`
  ADD PRIMARY KEY (`id`),
  ADD KEY `delivery_date` (`delivery_date`),
  ADD KEY `purch_order_no` (`purch_order_no`);

--
-- Indexes for table `erp_replica_grn_items`
--
ALTER TABLE `erp_replica_grn_items`
  ADD PRIMARY KEY (`id`),
  ADD KEY `grn_batch_id` (`grn_batch_id`);

--
-- Indexes for table `erp_replica_groups`
--
ALTER TABLE `erp_replica_groups`
  ADD PRIMARY KEY (`id`),
  ADD UNIQUE KEY `description` (`description`);

--
-- Indexes for table `erp_replica_inquiry`
--
ALTER TABLE `erp_replica_inquiry`
  ADD PRIMARY KEY (`inquiry_id`);

--
-- Indexes for table `erp_replica_investor`
--
ALTER TABLE `erp_replica_investor`
  ADD PRIMARY KEY (`id`);

--
-- Indexes for table `erp_replica_item_codes`
--
ALTER TABLE `erp_replica_item_codes`
  ADD PRIMARY KEY (`id`),
  ADD UNIQUE KEY `stock_id` (`stock_id`,`item_code`),
  ADD KEY `item_code` (`item_code`);

--
-- Indexes for table `erp_replica_item_tax_types`
--
ALTER TABLE `erp_replica_item_tax_types`
  ADD PRIMARY KEY (`id`),
  ADD UNIQUE KEY `name` (`name`);

--
-- Indexes for table `erp_replica_item_tax_type_exemptions`
--
ALTER TABLE `erp_replica_item_tax_type_exemptions`
  ADD PRIMARY KEY (`item_tax_type_id`,`tax_type_id`);

--
-- Indexes for table `erp_replica_item_units`
--
ALTER TABLE `erp_replica_item_units`
  ADD PRIMARY KEY (`abbr`),
  ADD UNIQUE KEY `name` (`name`);

--
-- Indexes for table `erp_replica_journal`
--
ALTER TABLE `erp_replica_journal`
  ADD PRIMARY KEY (`type`,`trans_no`),
  ADD KEY `tran_date` (`tran_date`);

--
-- Indexes for table `erp_replica_kitchen_and_wordrobe`
--
ALTER TABLE `erp_replica_kitchen_and_wordrobe`
  ADD PRIMARY KEY (`kitchen_and_wordrobe_id`);

--
-- Indexes for table `erp_replica_locations`
--
ALTER TABLE `erp_replica_locations`
  ADD PRIMARY KEY (`loc_code`);

--
-- Indexes for table `erp_replica_loc_stock`
--
ALTER TABLE `erp_replica_loc_stock`
  ADD PRIMARY KEY (`loc_code`,`stock_id`),
  ADD KEY `stock_id` (`stock_id`);

--
-- Indexes for table `erp_replica_nationality`
--
ALTER TABLE `erp_replica_nationality`
  ADD PRIMARY KEY (`nationality_id`);

--
-- Indexes for table `erp_replica_nominee_details`
--
ALTER TABLE `erp_replica_nominee_details`
  ADD PRIMARY KEY (`nominee_id`),
  ADD KEY `cust_to_nominee` (`customer_id`);

--
-- Indexes for table `erp_replica_old_debtors_master`
--
ALTER TABLE `erp_replica_old_debtors_master`
  ADD PRIMARY KEY (`debtor_no`),
  ADD UNIQUE KEY `debtor_ref` (`debtor_ref`),
  ADD KEY `name` (`name`);

--
-- Indexes for table `erp_replica_payment`
--
ALTER TABLE `erp_replica_payment`
  ADD PRIMARY KEY (`payment_id`);

--
-- Indexes for table `erp_replica_payment_schedule`
--
ALTER TABLE `erp_replica_payment_schedule`
  ADD PRIMARY KEY (`id`);

--
-- Indexes for table `erp_replica_payment_terms`
--
ALTER TABLE `erp_replica_payment_terms`
  ADD PRIMARY KEY (`terms_indicator`),
  ADD UNIQUE KEY `terms` (`terms`);

--
-- Indexes for table `erp_replica_period`
--
ALTER TABLE `erp_replica_period`
  ADD PRIMARY KEY (`period_id`);

--
-- Indexes for table `erp_replica_plan`
--
ALTER TABLE `erp_replica_plan`
  ADD PRIMARY KEY (`plan_code`);

--
-- Indexes for table `erp_replica_prebooking_status`
--
ALTER TABLE `erp_replica_prebooking_status`
  ADD PRIMARY KEY (`status_id`);

--
-- Indexes for table `erp_replica_pre_booking`
--
ALTER TABLE `erp_replica_pre_booking`
  ADD PRIMARY KEY (`prebooking_id`);

--
-- Indexes for table `erp_replica_prices`
--
ALTER TABLE `erp_replica_prices`
  ADD PRIMARY KEY (`id`),
  ADD UNIQUE KEY `price` (`stock_id`,`sales_type_id`,`curr_abrev`);

--
-- Indexes for table `erp_replica_printers`
--
ALTER TABLE `erp_replica_printers`
  ADD PRIMARY KEY (`id`),
  ADD UNIQUE KEY `name` (`name`);

--
-- Indexes for table `erp_replica_print_profiles`
--
ALTER TABLE `erp_replica_print_profiles`
  ADD PRIMARY KEY (`id`),
  ADD UNIQUE KEY `profile` (`profile`,`report`);

--
-- Indexes for table `erp_replica_profession`
--
ALTER TABLE `erp_replica_profession`
  ADD PRIMARY KEY (`profession_id`);

--
-- Indexes for table `erp_replica_project`
--
ALTER TABLE `erp_replica_project`
  ADD PRIMARY KEY (`project_code`),
  ADD UNIQUE KEY `description` (`description`);

--
-- Indexes for table `erp_replica_project_units`
--
ALTER TABLE `erp_replica_project_units`
  ADD PRIMARY KEY (`unitID`),
  ADD UNIQUE KEY `unitName` (`unitName`,`projectID`);

--
-- Indexes for table `erp_replica_purch_data`
--
ALTER TABLE `erp_replica_purch_data`
  ADD PRIMARY KEY (`supplier_id`,`stock_id`);

--
-- Indexes for table `erp_replica_purch_orders`
--
ALTER TABLE `erp_replica_purch_orders`
  ADD PRIMARY KEY (`order_no`),
  ADD KEY `ord_date` (`ord_date`);

--
-- Indexes for table `erp_replica_purch_order_details`
--
ALTER TABLE `erp_replica_purch_order_details`
  ADD PRIMARY KEY (`po_detail_item`),
  ADD KEY `order` (`order_no`,`po_detail_item`),
  ADD KEY `itemcode` (`item_code`);

--
-- Indexes for table `erp_replica_quick_entries`
--
ALTER TABLE `erp_replica_quick_entries`
  ADD PRIMARY KEY (`id`),
  ADD KEY `description` (`description`);

--
-- Indexes for table `erp_replica_quick_entry_lines`
--
ALTER TABLE `erp_replica_quick_entry_lines`
  ADD PRIMARY KEY (`id`),
  ADD KEY `qid` (`qid`);

--
-- Indexes for table `erp_replica_recurrent_invoices`
--
ALTER TABLE `erp_replica_recurrent_invoices`
  ADD PRIMARY KEY (`id`),
  ADD UNIQUE KEY `description` (`description`);

--
-- Indexes for table `erp_replica_reflines`
--
ALTER TABLE `erp_replica_reflines`
  ADD PRIMARY KEY (`id`),
  ADD UNIQUE KEY `prefix` (`trans_type`,`prefix`);

--
-- Indexes for table `erp_replica_refs`
--
ALTER TABLE `erp_replica_refs`
  ADD PRIMARY KEY (`id`,`type`),
  ADD KEY `Type_and_Reference` (`type`,`reference`);

--
-- Indexes for table `erp_replica_room_sizes`
--
ALTER TABLE `erp_replica_room_sizes`
  ADD PRIMARY KEY (`room_size_code`);

--
-- Indexes for table `erp_replica_room_type`
--
ALTER TABLE `erp_replica_room_type`
  ADD PRIMARY KEY (`room_type_code`),
  ADD UNIQUE KEY `description` (`description`);

--
-- Indexes for table `erp_replica_salesman`
--
ALTER TABLE `erp_replica_salesman`
  ADD PRIMARY KEY (`salesman_code`),
  ADD UNIQUE KEY `salesman_name` (`salesman_name`);

--
-- Indexes for table `erp_replica_sales_orders`
--
ALTER TABLE `erp_replica_sales_orders`
  ADD PRIMARY KEY (`trans_type`,`order_no`);

--
-- Indexes for table `erp_replica_sales_order_details`
--
ALTER TABLE `erp_replica_sales_order_details`
  ADD PRIMARY KEY (`id`),
  ADD KEY `sorder` (`trans_type`,`order_no`),
  ADD KEY `stkcode` (`stk_code`);

--
-- Indexes for table `erp_replica_sales_pos`
--
ALTER TABLE `erp_replica_sales_pos`
  ADD PRIMARY KEY (`id`),
  ADD UNIQUE KEY `pos_name` (`pos_name`);

--
-- Indexes for table `erp_replica_sales_types`
--
ALTER TABLE `erp_replica_sales_types`
  ADD PRIMARY KEY (`id`),
  ADD UNIQUE KEY `sales_type` (`sales_type`);

--
-- Indexes for table `erp_replica_schedule_payment`
--
ALTER TABLE `erp_replica_schedule_payment`
  ADD PRIMARY KEY (`payment_id`);

--
-- Indexes for table `erp_replica_security_roles`
--
ALTER TABLE `erp_replica_security_roles`
  ADD PRIMARY KEY (`id`),
  ADD UNIQUE KEY `role` (`role`);

--
-- Indexes for table `erp_replica_shippers`
--
ALTER TABLE `erp_replica_shippers`
  ADD PRIMARY KEY (`shipper_id`),
  ADD UNIQUE KEY `name` (`shipper_name`);

--
-- Indexes for table `erp_replica_sql_trail`
--
ALTER TABLE `erp_replica_sql_trail`
  ADD PRIMARY KEY (`id`);

--
-- Indexes for table `erp_replica_stock_category`
--
ALTER TABLE `erp_replica_stock_category`
  ADD PRIMARY KEY (`category_id`),
  ADD UNIQUE KEY `description` (`description`);

--
-- Indexes for table `erp_replica_stock_fa_class`
--
ALTER TABLE `erp_replica_stock_fa_class`
  ADD PRIMARY KEY (`fa_class_id`);

--
-- Indexes for table `erp_replica_stock_master`
--
ALTER TABLE `erp_replica_stock_master`
  ADD PRIMARY KEY (`stock_id`);

--
-- Indexes for table `erp_replica_stock_moves`
--
ALTER TABLE `erp_replica_stock_moves`
  ADD PRIMARY KEY (`trans_id`),
  ADD KEY `type` (`type`,`trans_no`),
  ADD KEY `Move` (`stock_id`,`loc_code`,`tran_date`);

--
-- Indexes for table `erp_replica_suppliers`
--
ALTER TABLE `erp_replica_suppliers`
  ADD PRIMARY KEY (`supplier_id`),
  ADD KEY `supp_ref` (`supp_ref`);

--
-- Indexes for table `erp_replica_supp_allocations`
--
ALTER TABLE `erp_replica_supp_allocations`
  ADD PRIMARY KEY (`id`),
  ADD UNIQUE KEY `trans_type_from` (`person_id`,`trans_type_from`,`trans_no_from`,`trans_type_to`,`trans_no_to`),
  ADD KEY `From` (`trans_type_from`,`trans_no_from`),
  ADD KEY `To` (`trans_type_to`,`trans_no_to`);

--
-- Indexes for table `erp_replica_supp_invoice_items`
--
ALTER TABLE `erp_replica_supp_invoice_items`
  ADD PRIMARY KEY (`id`),
  ADD KEY `Transaction` (`supp_trans_type`,`supp_trans_no`,`stock_id`);

--
-- Indexes for table `erp_replica_supp_trans`
--
ALTER TABLE `erp_replica_supp_trans`
  ADD PRIMARY KEY (`type`,`trans_no`,`supplier_id`),
  ADD KEY `supplier_id` (`supplier_id`),
  ADD KEY `tran_date` (`tran_date`);

--
-- Indexes for table `erp_replica_sys_prefs`
--
ALTER TABLE `erp_replica_sys_prefs`
  ADD PRIMARY KEY (`name`),
  ADD KEY `category` (`category`);

--
-- Indexes for table `erp_replica_tags`
--
ALTER TABLE `erp_replica_tags`
  ADD PRIMARY KEY (`id`),
  ADD UNIQUE KEY `type` (`type`,`name`);

--
-- Indexes for table `erp_replica_tag_associations`
--
ALTER TABLE `erp_replica_tag_associations`
  ADD PRIMARY KEY (`record_id`,`tag_id`);

--
-- Indexes for table `erp_replica_tax_groups`
--
ALTER TABLE `erp_replica_tax_groups`
  ADD PRIMARY KEY (`id`),
  ADD UNIQUE KEY `name` (`name`);

--
-- Indexes for table `erp_replica_tax_group_items`
--
ALTER TABLE `erp_replica_tax_group_items`
  ADD PRIMARY KEY (`tax_group_id`,`tax_type_id`);

--
-- Indexes for table `erp_replica_tax_types`
--
ALTER TABLE `erp_replica_tax_types`
  ADD PRIMARY KEY (`id`);

--
-- Indexes for table `erp_replica_template`
--
ALTER TABLE `erp_replica_template`
  ADD PRIMARY KEY (`template_id`);

--
-- Indexes for table `erp_replica_term_condition`
--
ALTER TABLE `erp_replica_term_condition`
  ADD PRIMARY KEY (`term_id`);

--
-- Indexes for table `erp_replica_tower`
--
ALTER TABLE `erp_replica_tower`
  ADD PRIMARY KEY (`towerID`),
  ADD UNIQUE KEY `description` (`description`);

--
-- Indexes for table `erp_replica_trans_tax_details`
--
ALTER TABLE `erp_replica_trans_tax_details`
  ADD PRIMARY KEY (`id`),
  ADD KEY `Type_and_Number` (`trans_type`,`trans_no`),
  ADD KEY `tran_date` (`tran_date`);

--
-- Indexes for table `erp_replica_unit_type`
--
ALTER TABLE `erp_replica_unit_type`
  ADD PRIMARY KEY (`unit_type_code`),
  ADD UNIQUE KEY `description` (`description`);

--
-- Indexes for table `erp_replica_useronline`
--
ALTER TABLE `erp_replica_useronline`
  ADD PRIMARY KEY (`id`),
  ADD KEY `timestamp` (`timestamp`),
  ADD KEY `ip` (`ip`);

--
-- Indexes for table `erp_replica_users`
--
ALTER TABLE `erp_replica_users`
  ADD PRIMARY KEY (`id`),
  ADD UNIQUE KEY `user_id` (`user_id`);

--
-- Indexes for table `erp_replica_user_application`
--
ALTER TABLE `erp_replica_user_application`
  ADD PRIMARY KEY (`user_application_id`);

--
-- Indexes for table `erp_replica_voided`
--
ALTER TABLE `erp_replica_voided`
  ADD UNIQUE KEY `id` (`type`,`id`);

--
-- Indexes for table `erp_replica_workcentres`
--
ALTER TABLE `erp_replica_workcentres`
  ADD PRIMARY KEY (`id`),
  ADD UNIQUE KEY `name` (`name`);

--
-- Indexes for table `erp_replica_workorders`
--
ALTER TABLE `erp_replica_workorders`
  ADD PRIMARY KEY (`id`),
  ADD UNIQUE KEY `wo_ref` (`wo_ref`);

--
-- Indexes for table `erp_replica_wo_costing`
--
ALTER TABLE `erp_replica_wo_costing`
  ADD PRIMARY KEY (`id`);

--
-- Indexes for table `erp_replica_wo_issues`
--
ALTER TABLE `erp_replica_wo_issues`
  ADD PRIMARY KEY (`issue_no`),
  ADD KEY `workorder_id` (`workorder_id`);

--
-- Indexes for table `erp_replica_wo_issue_items`
--
ALTER TABLE `erp_replica_wo_issue_items`
  ADD PRIMARY KEY (`id`);

--
-- Indexes for table `erp_replica_wo_manufacture`
--
ALTER TABLE `erp_replica_wo_manufacture`
  ADD PRIMARY KEY (`id`),
  ADD KEY `workorder_id` (`workorder_id`);

--
-- Indexes for table `erp_replica_wo_requirements`
--
ALTER TABLE `erp_replica_wo_requirements`
  ADD PRIMARY KEY (`id`),
  ADD KEY `workorder_id` (`workorder_id`);

--
-- AUTO_INCREMENT for dumped tables
--

--
-- AUTO_INCREMENT for table `erp_replica_apartment`
--
ALTER TABLE `erp_replica_apartment`
  MODIFY `appartment_code` int(11) NOT NULL AUTO_INCREMENT;

--
-- AUTO_INCREMENT for table `erp_replica_areas`
--
ALTER TABLE `erp_replica_areas`
  MODIFY `area_code` int(11) NOT NULL AUTO_INCREMENT, AUTO_INCREMENT=2;

--
-- AUTO_INCREMENT for table `erp_replica_attachments`
--
ALTER TABLE `erp_replica_attachments`
  MODIFY `id` int(10) UNSIGNED NOT NULL AUTO_INCREMENT;

--
-- AUTO_INCREMENT for table `erp_replica_audit_trail`
--
ALTER TABLE `erp_replica_audit_trail`
  MODIFY `id` int(11) NOT NULL AUTO_INCREMENT, AUTO_INCREMENT=1124;

--
-- AUTO_INCREMENT for table `erp_replica_bank_accounts`
--
ALTER TABLE `erp_replica_bank_accounts`
  MODIFY `id` smallint(6) NOT NULL AUTO_INCREMENT, AUTO_INCREMENT=11;

--
-- AUTO_INCREMENT for table `erp_replica_bank_trans`
--
ALTER TABLE `erp_replica_bank_trans`
  MODIFY `id` int(11) NOT NULL AUTO_INCREMENT, AUTO_INCREMENT=466;

--
-- AUTO_INCREMENT for table `erp_replica_block`
--
ALTER TABLE `erp_replica_block`
  MODIFY `block_id` int(11) NOT NULL AUTO_INCREMENT, AUTO_INCREMENT=52;

--
-- AUTO_INCREMENT for table `erp_replica_bom`
--
ALTER TABLE `erp_replica_bom`
  MODIFY `id` int(11) NOT NULL AUTO_INCREMENT;

--
-- AUTO_INCREMENT for table `erp_replica_boq`
--
ALTER TABLE `erp_replica_boq`
  MODIFY `id` int(11) UNSIGNED NOT NULL AUTO_INCREMENT, AUTO_INCREMENT=2;

--
-- AUTO_INCREMENT for table `erp_replica_boq_items`
--
ALTER TABLE `erp_replica_boq_items`
  MODIFY `id` int(11) UNSIGNED NOT NULL AUTO_INCREMENT;

--
-- AUTO_INCREMENT for table `erp_replica_budget_trans`
--
ALTER TABLE `erp_replica_budget_trans`
  MODIFY `id` int(11) NOT NULL AUTO_INCREMENT;

--
-- AUTO_INCREMENT for table `erp_replica_charges`
--
ALTER TABLE `erp_replica_charges`
  MODIFY `charge_id` int(11) NOT NULL AUTO_INCREMENT;

--
-- AUTO_INCREMENT for table `erp_replica_credit_status`
--
ALTER TABLE `erp_replica_credit_status`
  MODIFY `id` int(11) NOT NULL AUTO_INCREMENT, AUTO_INCREMENT=3;

--
-- AUTO_INCREMENT for table `erp_replica_crm_categories`
--
ALTER TABLE `erp_replica_crm_categories`
  MODIFY `id` int(11) NOT NULL AUTO_INCREMENT COMMENT 'pure technical key';

--
-- AUTO_INCREMENT for table `erp_replica_crm_contacts`
--
ALTER TABLE `erp_replica_crm_contacts`
  MODIFY `id` int(11) NOT NULL AUTO_INCREMENT, AUTO_INCREMENT=271;

--
-- AUTO_INCREMENT for table `erp_replica_crm_persons`
--
ALTER TABLE `erp_replica_crm_persons`
  MODIFY `id` int(11) NOT NULL AUTO_INCREMENT, AUTO_INCREMENT=171;

--
-- AUTO_INCREMENT for table `erp_replica_cust_allocations`
--
ALTER TABLE `erp_replica_cust_allocations`
  MODIFY `id` int(11) NOT NULL AUTO_INCREMENT, AUTO_INCREMENT=2;

--
-- AUTO_INCREMENT for table `erp_replica_cust_branch`
--
ALTER TABLE `erp_replica_cust_branch`
  MODIFY `branch_code` int(11) NOT NULL AUTO_INCREMENT, AUTO_INCREMENT=26;

--
-- AUTO_INCREMENT for table `erp_replica_debtors_master`
--
ALTER TABLE `erp_replica_debtors_master`
  MODIFY `debtor_no` int(11) NOT NULL AUTO_INCREMENT, AUTO_INCREMENT=20;

--
-- AUTO_INCREMENT for table `erp_replica_debtor_trans_details`
--
ALTER TABLE `erp_replica_debtor_trans_details`
  MODIFY `id` int(11) NOT NULL AUTO_INCREMENT, AUTO_INCREMENT=7;

--
-- AUTO_INCREMENT for table `erp_replica_dimensions`
--
ALTER TABLE `erp_replica_dimensions`
  MODIFY `id` int(11) NOT NULL AUTO_INCREMENT, AUTO_INCREMENT=28;

--
-- AUTO_INCREMENT for table `erp_replica_exchange_rates`
--
ALTER TABLE `erp_replica_exchange_rates`
  MODIFY `id` int(11) NOT NULL AUTO_INCREMENT;

--
-- AUTO_INCREMENT for table `erp_replica_facing`
--
ALTER TABLE `erp_replica_facing`
  MODIFY `facing_code` int(11) NOT NULL AUTO_INCREMENT;

--
-- AUTO_INCREMENT for table `erp_replica_fiscal_year`
--
ALTER TABLE `erp_replica_fiscal_year`
  MODIFY `id` int(11) NOT NULL AUTO_INCREMENT, AUTO_INCREMENT=18;

--
-- AUTO_INCREMENT for table `erp_replica_floors`
--
ALTER TABLE `erp_replica_floors`
  MODIFY `floor_code` int(11) NOT NULL AUTO_INCREMENT, AUTO_INCREMENT=70;

--
-- AUTO_INCREMENT for table `erp_replica_gl_trans`
--
ALTER TABLE `erp_replica_gl_trans`
  MODIFY `counter` int(11) NOT NULL AUTO_INCREMENT, AUTO_INCREMENT=2925;

--
-- AUTO_INCREMENT for table `erp_replica_grn_batch`
--
ALTER TABLE `erp_replica_grn_batch`
  MODIFY `id` int(11) NOT NULL AUTO_INCREMENT, AUTO_INCREMENT=96;

--
-- AUTO_INCREMENT for table `erp_replica_grn_items`
--
ALTER TABLE `erp_replica_grn_items`
  MODIFY `id` int(11) NOT NULL AUTO_INCREMENT, AUTO_INCREMENT=460;

--
-- AUTO_INCREMENT for table `erp_replica_groups`
--
ALTER TABLE `erp_replica_groups`
  MODIFY `id` smallint(5) UNSIGNED NOT NULL AUTO_INCREMENT;

--
-- AUTO_INCREMENT for table `erp_replica_inquiry`
--
ALTER TABLE `erp_replica_inquiry`
  MODIFY `inquiry_id` int(11) NOT NULL AUTO_INCREMENT;

--
-- AUTO_INCREMENT for table `erp_replica_investor`
--
ALTER TABLE `erp_replica_investor`
  MODIFY `id` int(11) NOT NULL AUTO_INCREMENT;

--
-- AUTO_INCREMENT for table `erp_replica_item_codes`
--
ALTER TABLE `erp_replica_item_codes`
  MODIFY `id` int(10) UNSIGNED NOT NULL AUTO_INCREMENT, AUTO_INCREMENT=81;

--
-- AUTO_INCREMENT for table `erp_replica_item_tax_types`
--
ALTER TABLE `erp_replica_item_tax_types`
  MODIFY `id` int(11) NOT NULL AUTO_INCREMENT, AUTO_INCREMENT=3;

--
-- AUTO_INCREMENT for table `erp_replica_kitchen_and_wordrobe`
--
ALTER TABLE `erp_replica_kitchen_and_wordrobe`
  MODIFY `kitchen_and_wordrobe_id` int(11) NOT NULL AUTO_INCREMENT;

--
-- AUTO_INCREMENT for table `erp_replica_nationality`
--
ALTER TABLE `erp_replica_nationality`
  MODIFY `nationality_id` int(11) NOT NULL AUTO_INCREMENT;

--
-- AUTO_INCREMENT for table `erp_replica_nominee_details`
--
ALTER TABLE `erp_replica_nominee_details`
  MODIFY `nominee_id` int(11) NOT NULL AUTO_INCREMENT;

--
-- AUTO_INCREMENT for table `erp_replica_old_debtors_master`
--
ALTER TABLE `erp_replica_old_debtors_master`
  MODIFY `debtor_no` int(11) NOT NULL AUTO_INCREMENT;

--
-- AUTO_INCREMENT for table `erp_replica_payment`
--
ALTER TABLE `erp_replica_payment`
  MODIFY `payment_id` int(11) NOT NULL AUTO_INCREMENT;

--
-- AUTO_INCREMENT for table `erp_replica_payment_schedule`
--
ALTER TABLE `erp_replica_payment_schedule`
  MODIFY `id` int(11) NOT NULL AUTO_INCREMENT;

--
-- AUTO_INCREMENT for table `erp_replica_payment_terms`
--
ALTER TABLE `erp_replica_payment_terms`
  MODIFY `terms_indicator` int(11) NOT NULL AUTO_INCREMENT, AUTO_INCREMENT=9;

--
-- AUTO_INCREMENT for table `erp_replica_period`
--
ALTER TABLE `erp_replica_period`
  MODIFY `period_id` int(11) NOT NULL AUTO_INCREMENT;

--
-- AUTO_INCREMENT for table `erp_replica_plan`
--
ALTER TABLE `erp_replica_plan`
  MODIFY `plan_code` int(11) NOT NULL AUTO_INCREMENT;

--
-- AUTO_INCREMENT for table `erp_replica_prebooking_status`
--
ALTER TABLE `erp_replica_prebooking_status`
  MODIFY `status_id` int(11) NOT NULL AUTO_INCREMENT;

--
-- AUTO_INCREMENT for table `erp_replica_pre_booking`
--
ALTER TABLE `erp_replica_pre_booking`
  MODIFY `prebooking_id` int(11) NOT NULL AUTO_INCREMENT;

--
-- AUTO_INCREMENT for table `erp_replica_prices`
--
ALTER TABLE `erp_replica_prices`
  MODIFY `id` int(11) NOT NULL AUTO_INCREMENT;

--
-- AUTO_INCREMENT for table `erp_replica_printers`
--
ALTER TABLE `erp_replica_printers`
  MODIFY `id` tinyint(3) UNSIGNED NOT NULL AUTO_INCREMENT;

--
-- AUTO_INCREMENT for table `erp_replica_print_profiles`
--
ALTER TABLE `erp_replica_print_profiles`
  MODIFY `id` smallint(5) UNSIGNED NOT NULL AUTO_INCREMENT;

--
-- AUTO_INCREMENT for table `erp_replica_profession`
--
ALTER TABLE `erp_replica_profession`
  MODIFY `profession_id` int(11) NOT NULL AUTO_INCREMENT;

--
-- AUTO_INCREMENT for table `erp_replica_project`
--
ALTER TABLE `erp_replica_project`
  MODIFY `project_code` int(11) NOT NULL AUTO_INCREMENT, AUTO_INCREMENT=7;

--
-- AUTO_INCREMENT for table `erp_replica_project_units`
--
ALTER TABLE `erp_replica_project_units`
  MODIFY `unitID` int(11) NOT NULL AUTO_INCREMENT, AUTO_INCREMENT=142;

--
-- AUTO_INCREMENT for table `erp_replica_purch_orders`
--
ALTER TABLE `erp_replica_purch_orders`
  MODIFY `order_no` int(11) NOT NULL AUTO_INCREMENT, AUTO_INCREMENT=111;

--
-- AUTO_INCREMENT for table `erp_replica_purch_order_details`
--
ALTER TABLE `erp_replica_purch_order_details`
  MODIFY `po_detail_item` int(11) NOT NULL AUTO_INCREMENT, AUTO_INCREMENT=478;

--
-- AUTO_INCREMENT for table `erp_replica_quick_entries`
--
ALTER TABLE `erp_replica_quick_entries`
  MODIFY `id` smallint(5) UNSIGNED NOT NULL AUTO_INCREMENT;

--
-- AUTO_INCREMENT for table `erp_replica_quick_entry_lines`
--
ALTER TABLE `erp_replica_quick_entry_lines`
  MODIFY `id` smallint(5) UNSIGNED NOT NULL AUTO_INCREMENT;

--
-- AUTO_INCREMENT for table `erp_replica_recurrent_invoices`
--
ALTER TABLE `erp_replica_recurrent_invoices`
  MODIFY `id` smallint(5) UNSIGNED NOT NULL AUTO_INCREMENT;

--
-- AUTO_INCREMENT for table `erp_replica_reflines`
--
ALTER TABLE `erp_replica_reflines`
  MODIFY `id` int(11) NOT NULL AUTO_INCREMENT, AUTO_INCREMENT=46;

--
-- AUTO_INCREMENT for table `erp_replica_room_sizes`
--
ALTER TABLE `erp_replica_room_sizes`
  MODIFY `room_size_code` int(11) NOT NULL AUTO_INCREMENT;

--
-- AUTO_INCREMENT for table `erp_replica_room_type`
--
ALTER TABLE `erp_replica_room_type`
  MODIFY `room_type_code` int(11) NOT NULL AUTO_INCREMENT;

--
-- AUTO_INCREMENT for table `erp_replica_salesman`
--
ALTER TABLE `erp_replica_salesman`
  MODIFY `salesman_code` int(11) NOT NULL AUTO_INCREMENT, AUTO_INCREMENT=2;

--
-- AUTO_INCREMENT for table `erp_replica_sales_order_details`
--
ALTER TABLE `erp_replica_sales_order_details`
  MODIFY `id` int(11) NOT NULL AUTO_INCREMENT, AUTO_INCREMENT=4;

--
-- AUTO_INCREMENT for table `erp_replica_sales_pos`
--
ALTER TABLE `erp_replica_sales_pos`
  MODIFY `id` smallint(5) UNSIGNED NOT NULL AUTO_INCREMENT, AUTO_INCREMENT=2;

--
-- AUTO_INCREMENT for table `erp_replica_sales_types`
--
ALTER TABLE `erp_replica_sales_types`
  MODIFY `id` int(11) NOT NULL AUTO_INCREMENT, AUTO_INCREMENT=7;

--
-- AUTO_INCREMENT for table `erp_replica_schedule_payment`
--
ALTER TABLE `erp_replica_schedule_payment`
  MODIFY `payment_id` int(11) NOT NULL AUTO_INCREMENT;

--
-- AUTO_INCREMENT for table `erp_replica_security_roles`
--
ALTER TABLE `erp_replica_security_roles`
  MODIFY `id` int(11) NOT NULL AUTO_INCREMENT, AUTO_INCREMENT=12;

--
-- AUTO_INCREMENT for table `erp_replica_shippers`
--
ALTER TABLE `erp_replica_shippers`
  MODIFY `shipper_id` int(11) NOT NULL AUTO_INCREMENT, AUTO_INCREMENT=3;

--
-- AUTO_INCREMENT for table `erp_replica_sql_trail`
--
ALTER TABLE `erp_replica_sql_trail`
  MODIFY `id` int(10) UNSIGNED NOT NULL AUTO_INCREMENT;

--
-- AUTO_INCREMENT for table `erp_replica_stock_category`
--
ALTER TABLE `erp_replica_stock_category`
  MODIFY `category_id` int(11) NOT NULL AUTO_INCREMENT, AUTO_INCREMENT=7;

--
-- AUTO_INCREMENT for table `erp_replica_stock_moves`
--
ALTER TABLE `erp_replica_stock_moves`
  MODIFY `trans_id` int(11) NOT NULL AUTO_INCREMENT, AUTO_INCREMENT=462;

--
-- AUTO_INCREMENT for table `erp_replica_suppliers`
--
ALTER TABLE `erp_replica_suppliers`
  MODIFY `supplier_id` int(11) NOT NULL AUTO_INCREMENT, AUTO_INCREMENT=66;

--
-- AUTO_INCREMENT for table `erp_replica_supp_allocations`
--
ALTER TABLE `erp_replica_supp_allocations`
  MODIFY `id` int(11) NOT NULL AUTO_INCREMENT, AUTO_INCREMENT=93;

--
-- AUTO_INCREMENT for table `erp_replica_supp_invoice_items`
--
ALTER TABLE `erp_replica_supp_invoice_items`
  MODIFY `id` int(11) NOT NULL AUTO_INCREMENT, AUTO_INCREMENT=472;

--
-- AUTO_INCREMENT for table `erp_replica_tags`
--
ALTER TABLE `erp_replica_tags`
  MODIFY `id` int(11) NOT NULL AUTO_INCREMENT;

--
-- AUTO_INCREMENT for table `erp_replica_tax_groups`
--
ALTER TABLE `erp_replica_tax_groups`
  MODIFY `id` int(11) NOT NULL AUTO_INCREMENT, AUTO_INCREMENT=7;

--
-- AUTO_INCREMENT for table `erp_replica_tax_types`
--
ALTER TABLE `erp_replica_tax_types`
  MODIFY `id` int(11) NOT NULL AUTO_INCREMENT, AUTO_INCREMENT=3;

--
-- AUTO_INCREMENT for table `erp_replica_template`
--
ALTER TABLE `erp_replica_template`
  MODIFY `template_id` int(11) NOT NULL AUTO_INCREMENT;

--
-- AUTO_INCREMENT for table `erp_replica_term_condition`
--
ALTER TABLE `erp_replica_term_condition`
  MODIFY `term_id` int(11) NOT NULL AUTO_INCREMENT;

--
-- AUTO_INCREMENT for table `erp_replica_tower`
--
ALTER TABLE `erp_replica_tower`
  MODIFY `towerID` int(11) NOT NULL AUTO_INCREMENT;

--
-- AUTO_INCREMENT for table `erp_replica_trans_tax_details`
--
ALTER TABLE `erp_replica_trans_tax_details`
  MODIFY `id` int(11) NOT NULL AUTO_INCREMENT, AUTO_INCREMENT=5;

--
-- AUTO_INCREMENT for table `erp_replica_unit_type`
--
ALTER TABLE `erp_replica_unit_type`
  MODIFY `unit_type_code` int(11) NOT NULL AUTO_INCREMENT;

--
-- AUTO_INCREMENT for table `erp_replica_useronline`
--
ALTER TABLE `erp_replica_useronline`
  MODIFY `id` int(11) NOT NULL AUTO_INCREMENT;

--
-- AUTO_INCREMENT for table `erp_replica_users`
--
ALTER TABLE `erp_replica_users`
  MODIFY `id` smallint(6) NOT NULL AUTO_INCREMENT, AUTO_INCREMENT=5;

--
-- AUTO_INCREMENT for table `erp_replica_user_application`
--
ALTER TABLE `erp_replica_user_application`
  MODIFY `user_application_id` int(11) NOT NULL AUTO_INCREMENT, AUTO_INCREMENT=14;

--
-- AUTO_INCREMENT for table `erp_replica_workcentres`
--
ALTER TABLE `erp_replica_workcentres`
  MODIFY `id` int(11) NOT NULL AUTO_INCREMENT;

--
-- AUTO_INCREMENT for table `erp_replica_workorders`
--
ALTER TABLE `erp_replica_workorders`
  MODIFY `id` int(11) NOT NULL AUTO_INCREMENT;

--
-- AUTO_INCREMENT for table `erp_replica_wo_costing`
--
ALTER TABLE `erp_replica_wo_costing`
  MODIFY `id` int(11) NOT NULL AUTO_INCREMENT;

--
-- AUTO_INCREMENT for table `erp_replica_wo_issues`
--
ALTER TABLE `erp_replica_wo_issues`
  MODIFY `issue_no` int(11) NOT NULL AUTO_INCREMENT;

--
-- AUTO_INCREMENT for table `erp_replica_wo_issue_items`
--
ALTER TABLE `erp_replica_wo_issue_items`
  MODIFY `id` int(11) NOT NULL AUTO_INCREMENT;

--
-- AUTO_INCREMENT for table `erp_replica_wo_manufacture`
--
ALTER TABLE `erp_replica_wo_manufacture`
  MODIFY `id` int(11) NOT NULL AUTO_INCREMENT;

--
-- AUTO_INCREMENT for table `erp_replica_wo_requirements`
--
ALTER TABLE `erp_replica_wo_requirements`
  MODIFY `id` int(11) NOT NULL AUTO_INCREMENT;
COMMIT;

/*!40101 SET CHARACTER_SET_CLIENT=@OLD_CHARACTER_SET_CLIENT */;
/*!40101 SET CHARACTER_SET_RESULTS=@OLD_CHARACTER_SET_RESULTS */;
/*!40101 SET COLLATION_CONNECTION=@OLD_COLLATION_CONNECTION */;
